{
  "stats": {
    "submitted": 32,
    "finished": 32,
    "running": 0
  },
  "data": [
    [
      1,
      null,
      1394530658,
      null,
      -0.7395660281181335,
      0.5,
      1,
      0.0,
      0.0,
      {}
    ],
    [
      2,
      null,
      1394530658,
      null,
      -0.659446656703949,
      0.5,
      1,
      0.0,
      0.0,
      {}
    ],
    [
      3,
      null,
      1394530658,
      null,
      -0.5218141674995422,
      0.5,
      1,
      0.0,
      0.0,
      {}
    ],
    [
      4,
      null,
      1394530658,
      null,
      -0.7029297947883606,
      0.5,
      1,
      0.0,
      0.0,
      {}
    ],
    [
      5,
      null,
      1394530658,
      null,
      -0.6611510515213013,
      0.5,
      1,
      0.0,
      0.0,
      {}
    ],
    [
      6,
      null,
      1394530658,
      null,
      -0.05253937840461731,
      0.5,
      1,
      0.0,
      0.0,
      {}
    ],
    [
      7,
      null,
      1394530658,
      null,
      -0.5585162043571472,
      0.5,
      1,
      0.0,
      0.0,
      {}
    ],
    [
      8,
      null,
      1394530658,
      null,
      -0.7468510270118713,
      0.5,
      1,
      0.0,
      0.0,
      {}
    ],
    [
      9,
      null,
      1394530658,
      null,
      -0.7330306172370911,
      0.5,
      1,
      0.0,
      0.0,
      {}
    ],
    [
      10,
      null,
      1394530658,
      null,
      -0.7357626557350159,
      0.5,
      1,
      0.0,
      0.0,
      {}
    ],
    [
      11,
      null,
      1394530658,
      null,
      -0.7373106479644775,
      0.5,
      1,
      0.0,
      0.0,
      {}
    ],
    [
      12,
      null,
      1394530658,
      null,
      -0.7342844009399414,
      0.5,
      1,
      0.0,
      0.0,
      {}
    ],
    [
      13,
      null,
      1394530658,
      null,
      -0.7373416423797607,
      0.5,
      1,
      0.0,
      0.0,
      {}
    ],
    [
      14,
      null,
      1394530658,
      null,
      -0.7358943819999695,
      0.5,
      1,
      0.0,
      0.0,
      {}
    ],
    [
      15,
      null,
      1394530658,
      null,
      -0.2701384127140045,
      0.5,
      1,
      0.0,
      0.0,
      {}
    ],
    [
      16,
      null,
      1394530658,
      null,
      -0.7388411164283752,
      0.5,
      1,
      0.0,
      0.0,
      {}
    ],
    [
      17,
      null,
      1394530658,
      null,
      -0.7216655611991882,
      0.5,
      1,
      0.0,
      0.0,
      {}
    ],
    [
      18,
      null,
      1394530658,
      null,
      -0.7221186757087708,
      0.5,
      1,
      0.0,
      0.0,
      {}
    ],
    [
      19,
      null,
      1394530658,
      null,
      -0.7193519473075867,
      0.5,
      1,
      0.0,
      0.0,
      {}
    ],
    [
      20,
      null,
      1394530658,
      null,
      -0.7261838316917419,
      0.5,
      1,
      0.0,
      0.0,
      {}
    ],
    [
      21,
      null,
      1394530658,
      null,
      -0.7206948399543762,
      0.5,
      1,
      0.0,
      0.0,
      {}
    ],
    [
      22,
      null,
      1394530658,
      null,
      -0.722142219543457,
      0.5,
      1,
      0.0,
      0.0,
      {}
    ],
    [
      23,
      null,
      1394530658,
      null,
      -0.7232754826545715,
      0.5,
      1,
      0.0,
      0.0,
      {}
    ],
    [
      24,
      null,
      1394530658,
      null,
      -0.7212547659873962,
      0.5,
      1,
      0.0,
      0.0,
      {}
    ],
    [
      25,
      null,
      1394530658,
      null,
      -0.5731309056282043,
      0.5,
      1,
      0.0,
      0.0,
      {}
    ],
    [
      26,
      null,
      1394530658,
      null,
      -0.7462502121925354,
      0.5,
      1,
      0.0,
      0.0,
      {}
    ],
    [
      27,
      null,
      1394530658,
      null,
      -0.5673726201057434,
      0.5,
      1,
      0.0,
      0.0,
      {}
    ],
    [
      28,
      null,
      1394530658,
      null,
      -0.7025635838508606,
      0.5,
      1,
      0.0,
      0.0,
      {}
    ],
    [
      29,
      null,
      1394530658,
      null,
      -0.5694108605384827,
      0.5,
      1,
      0.0,
      0.0,
      {}
    ],
    [
      30,
      null,
      1394530658,
      null,
      -0.5630927681922913,
      0.5,
      1,
      0.0,
      0.0,
      {}
    ],
    [
      31,
      null,
      1394530658,
      null,
      -0.5756011009216309,
      0.5,
      1,
      0.0,
      0.0,
      {}
    ],
    [
      32,
      null,
      1394530658,
      null,
      -0.5801912546157837,
      0.5,
      1,
      0.0,
      0.0,
      {}
    ]
  ],
  "configs": {
    "1": {
      "batch_size": 4196,
      "epochs": 253,
      "label_smoothing": 0.06354151719515633,
      "lr": 0.0005861459563447119,
      "lr_peak_epoch": 0.9061198268643839,
      "lr_tta": "True",
      "momentum": 0.7142217950633218,
      "num_workers": 8,
      "weight_decay": 0.08544417368275571
    },
    "2": {
      "batch_size": 4196,
      "epochs": 101,
      "label_smoothing": 0.4074885137231895,
      "lr": 0.00010931428387539619,
      "lr_peak_epoch": 0.9124014045193706,
      "lr_tta": "True",
      "momentum": 0.4312402404597885,
      "num_workers": 8,
      "weight_decay": 0.04036847655671806
    },
    "3": {
      "batch_size": 4196,
      "epochs": 293,
      "label_smoothing": 0.2237237541052448,
      "lr": 0.5012514935970422,
      "lr_peak_epoch": 0.5949592703987309,
      "lr_tta": "True",
      "momentum": 0.7489621337095376,
      "num_workers": 8,
      "weight_decay": 0.0006558084670221717
    },
    "4": {
      "batch_size": 4196,
      "epochs": 266,
      "label_smoothing": 0.3077431874442828,
      "lr": 0.000242070909399173,
      "lr_peak_epoch": 0.771298310623606,
      "lr_tta": "True",
      "momentum": 0.5882958413249655,
      "num_workers": 8,
      "weight_decay": 0.012471308221633151
    },
    "5": {
      "batch_size": 4196,
      "epochs": 216,
      "label_smoothing": 0.3656895914302297,
      "lr": 0.00028759578771327273,
      "lr_peak_epoch": 0.24178086004601773,
      "lr_tta": "True",
      "momentum": 0.8567689659268014,
      "num_workers": 8,
      "weight_decay": 0.0014023906179553955
    },
    "6": {
      "batch_size": 4196,
      "epochs": 200,
      "label_smoothing": 0.47685769104831527,
      "lr": 0.6707386446270592,
      "lr_peak_epoch": 0.95048337329717,
      "lr_tta": "True",
      "momentum": 0.09943308562868047,
      "num_workers": 8,
      "weight_decay": 0.014834944983085805
    },
    "7": {
      "batch_size": 4196,
      "epochs": 30,
      "label_smoothing": 0.24494725360093061,
      "lr": 0.09893050052872138,
      "lr_peak_epoch": 0.7969170175028272,
      "lr_tta": "True",
      "momentum": 0.30915206570110654,
      "num_workers": 8,
      "weight_decay": 0.00016497573998228103
    },
    "8": {
      "batch_size": 4196,
      "epochs": 125,
      "label_smoothing": 0.2696014202062745,
      "lr": 0.0007105877211748339,
      "lr_peak_epoch": 0.3680289057798428,
      "lr_tta": "True",
      "momentum": 0.9017170459576427,
      "num_workers": 8,
      "weight_decay": 0.022133599201144917
    },
    "9": {
      "batch_size": 4196,
      "epochs": 55,
      "label_smoothing": 0.031325913169766566,
      "lr": 0.0013821043729570091,
      "lr_peak_epoch": 0.8682956816129986,
      "lr_tta": "True",
      "momentum": 0.7539861151322351,
      "num_workers": 8,
      "weight_decay": 0.00652852717703569
    },
    "10": {
      "batch_size": 4196,
      "epochs": 55,
      "label_smoothing": 0.031085938342239876,
      "lr": 0.0013830535529588295,
      "lr_peak_epoch": 0.8675090184207905,
      "lr_tta": "True",
      "momentum": 0.7523015407285558,
      "num_workers": 8,
      "weight_decay": 0.0065015923259949555
    },
    "11": {
      "batch_size": 4196,
      "epochs": 55,
      "label_smoothing": 0.030532867396230935,
      "lr": 0.0013849753579191825,