{
  "stats": {
    "submitted": 32,
    "finished": 32,
    "running": 0
  },
  "data": [
    [
      1,
      null,
      631012903,
      null,
      -0.5046300888061523,
      0.5,
      1,
      0.0,
      0.0,
      {}
    ],
    [
      2,
      null,
      631012903,
      null,
      -0.01152404397726059,
      0.5,
      1,
      0.0,
      0.0,
      {}
    ],
    [
      3,
      null,
      631012903,
      null,
      -0.014622233808040619,
      0.5,
      1,
      0.0,
      0.0,
      {}
    ],
    [
      4,
      null,
      631012903,
      null,
      -0.5037848949432373,
      0.5,
      1,
      0.0,
      0.0,
      {}
    ],
    [
      5,
      null,
      631012903,
      null,
      -0.44556769728660583,
      0.5,
      1,
      0.0,
      0.0,
      {}
    ],
    [
      6,
      null,
      631012903,
      null,
      -0.016007505357265472,
      0.5,
      1,
      0.0,
      0.0,
      {}
    ],
    [
      7,
      null,
      631012903,
      null,
      -0.324150025844574,
      0.5,
      1,
      0.0,
      0.0,
      {}
    ],
    [
      8,
      null,
      631012903,
      null,
      -0.46729254722595215,
      0.5,
      1,
      0.0,
      0.0,
      {}
    ],
    [
      9,
      null,
      631012903,
      null,
      -0.5163055062294006,
      0.5,
      1,
      0.0,
      0.0,
      {}
    ],
    [
      10,
      null,
      631012903,
      null,
      -0.01152404397726059,
      0.5,
      1,
      0.0,
      0.0,
      {}
    ],
    [
      11,
      null,
      631012903,
      null,
      -0.5576809048652649,
      0.5,
      1,
      0.0,
      0.0,
      {}
    ],
    [
      12,
      null,
      631012903,
      null,
      -0.5014040470123291,
      0.5,
      1,
      0.0,
      0.0,
      {}
    ],
    [
      13,
      null,
      631012903,
      null,
      -0.5623119473457336,
      0.5,
      1,
      0.0,
      0.0,
      {}
    ],
    [
      14,
      null,
      631012903,
      null,
      -0.5644544959068298,
      0.5,
      1,
      0.0,
      0.0,
      {}
    ],
    [
      15,
      null,
      631012903,
      null,
      -0.5582294464111328,
      0.5,
      1,
      0.0,
      0.0,
      {}
    ],
    [
      16,
      null,
      631012903,
      null,
      -0.568818986415863,
      0.5,
      1,
      0.0,
      0.0,
      {}
    ],
    [
      17,
      null,
      631012903,
      null,
      -0.48758235573768616,
      0.5,
      1,
      0.0,
      0.0,
      {}
    ],
    [
      18,
      null,
      631012903,
      null,
      -0.5306584239006042,
      0.5,
      1,
      0.0,
      0.0,
      {}
    ],
    [
      19,
      null,
      631012903,
      null,
      -0.4958418309688568,
      0.5,
      1,
      0.0,
      0.0,
      {}
    ],
    [
      20,
      null,
      631012903,
      null,
      -0.5019488334655762,
      0.5,
      1,
      0.0,
      0.0,
      {}
    ],
    [
      21,
      null,
      631012903,
      null,
      -0.5067538619041443,
      0.5,
      1,
      0.0,
      0.0,
      {}
    ],
    [
      22,
      null,
      631012903,
      null,
      -0.4893140494823456,
      0.5,
      1,
      0.0,
      0.0,
      {}
    ],
    [
      23,
      null,
      631012903,
      null,
      -0.5257256031036377,
      0.5,
      1,
      0.0,
      0.0,
      {}
    ],
    [
      24,
      null,
      631012903,
      null,
      -0.5207443237304688,
      0.5,
      1,
      0.0,
      0.0,
      {}
    ],
    [
      25,
      null,
      631012903,
      null,
      -0.5419873595237732,
      0.5,
      1,
      0.0,
      0.0,
      {}
    ],
    [
      26,
      null,
      631012903,
      null,
      -0.5411248207092285,
      0.5,
      1,
      0.0,
      0.0,
      {}
    ],
    [
      27,
      null,
      631012903,
      null,
      -0.542992889881134,
      0.5,
      1,
      0.0,
      0.0,
      {}
    ],
    [
      28,
      null,
      631012903,
      null,
      -0.5324023365974426,
      0.5,
      1,
      0.0,
      0.0,
      {}
    ],
    [
      29,
      null,
      631012903,
      null,
      -0.5256447196006775,
      0.5,
      1,
      0.0,
      0.0,
      {}
    ],
    [
      30,
      null,
      631012903,
      null,
      -0.5349195599555969,
      0.5,
      1,
      0.0,
      0.0,
      {}
    ],
    [
      31,
      null,
      631012903,
      null,
      -0.5431268215179443,
      0.5,
      1,
      0.0,
      0.0,
      {}
    ],
    [
      32,
      null,
      631012903,
      null,
      -0.5353937745094299,
      0.5,
      1,
      0.0,
      0.0,
      {}
    ]
  ],
  "configs": {
    "1": {
      "batch_size": 4196,
      "epochs": 205,
      "label_smoothing": 0.1577717687455118,
      "lr": 0.013320405937637555,
      "lr_peak_epoch": 0.15209003035860102,
      "lr_tta": "True",
      "momentum": 0.20523760114088796,
      "num_workers": 8,
      "weight_decay": 2.0730060227118668e-05
    },
    "2": {
      "batch_size": 4196,
      "epochs": 31,
      "label_smoothing": 0.4672470079748125,
      "lr": 0.17654600281556374,
      "lr_peak_epoch": 0.3445873929389437,
      "lr_tta": "True",
      "momentum": 0.2536582981156239,
      "num_workers": 8,
      "weight_decay": 1.4849358210653784e-05
    },
    "3": {
      "batch_size": 4196,
      "epochs": 199,
      "label_smoothing": 0.42724585500647455,
      "lr": 1.8174788353344342,
      "lr_peak_epoch": 0.7977601879348215,
      "lr_tta": "True",
      "momentum": 0.09398534588068053,
      "num_workers": 8,
      "weight_decay": 1.3180801853366284e-05
    },
    "4": {
      "batch_size": 4196,
      "epochs": 94,
      "label_smoothing": 0.14872666907171744,
      "lr": 0.001237164501335669,
      "lr_peak_epoch": 0.6331602486073019,
      "lr_tta": "True",
      "momentum": 0.0953578941919313,
      "num_workers": 8,
      "weight_decay": 1.7777789171028086e-05
    },
    "5": {
      "batch_size": 4196,
      "epochs": 163,
      "label_smoothing": 0.46229668040781735,
      "lr": 0.009774890984147026,
      "lr_peak_epoch": 0.9153805470220224,
      "lr_tta": "True",
      "momentum": 0.3723567935167734,
      "num_workers": 8,
      "weight_decay": 0.0005619570448384616
    },
    "6": {
      "batch_size": 4196,
      "epochs": 282,
      "label_smoothing": 0.005615969606267535,
      "lr": 6.48371869219383,
      "lr_peak_epoch": 0.3082041439165164,
      "lr_tta": "True",
      "momentum": 0.4871707143759263,
      "num_workers": 8,
      "weight_decay": 1.893841580838084e-05
    },
    "7": {
      "batch_size": 4196,
      "epochs": 152,
      "label_smoothing": 0.20189973446969395,
      "lr": 0.0006822986382856521,
      "lr_peak_epoch": 0.3270895660395804,
      "lr_tta": "True",
      "momentum": 0.4113993409870573,
      "num_workers": 8,
      "weight_decay": 0.023219449962434677
    },
    "8": {
      "batch_size": 4196,
      "epochs": 153,
      "label_smoothing": 0.20415927335863204,
      "lr": 0.0004605791874227885,
      "lr_peak_epoch": 0.7071868965606799,
      "lr_tta": "True",
      "momentum": 0.36543252062026255,
      "num_workers": 8,
      "weight_decay": 0.00019068111769361543
    },
    "9": {
      "batch_size": 4196,
      "epochs": 249,
      "label_smoothing": 0.18284221562988495,
      "lr": 0.0037153472227043644,
      "lr_peak_epoch": 0.4899713958625717,
      "lr_tta": "True",
      "momentum": 0.2777153839640439,
      "num_workers": 8,
      "weight_decay": 1.683848546732164e-05
    },
    "10": {
      "batch_size": 4196,
      "epochs": 281,
      "label_smoothing": 0.20922726972147065,
      "lr": 0.35276580002811614,
      "lr_peak_epoch": 0.16352195161527583,
      "lr_tta": "True",
      "momentum": 0.766039923042786,
      "num_workers": 8,
      "weight_decay": 0.0017464358335778998
    },
    "11": {
      "batch_size": 4196,
      "epochs": 249,
      "label_smoothing": 0.18309599510762667,
      "lr": 0.0037175619260564645,