{
  "stats": {
    "submitted": 32,
    "finished": 32,
    "running": 0
  },
  "data": [
    [
      1,
      null,
      1591010704,
      null,
      -0.45797309279441833,
      0.5,
      1,
      0.0,
      0.0,
      {}
    ],
    [
      2,
      null,
      1591010704,
      null,
      -0.010756907053291798,
      0.5,
      1,
      0.0,
      0.0,
      {}
    ],
    [
      3,
      null,
      1591010704,
      null,
      -0.01152404397726059,
      0.5,
      1,
      0.0,
      0.0,
      {}
    ],
    [
      4,
      null,
      1591010704,
      null,
      -0.4122035503387451,
      0.5,
      1,
      0.0,
      0.0,
      {}
    ],
    [
      5,
      null,
      1591010704,
      null,
      -0.6076744198799133,
      0.5,
      1,
      0.0,
      0.0,
      {}
    ],
    [
      6,
      null,
      1591010704,
      null,
      -0.2084309607744217,
      0.5,
      1,
      0.0,
      0.0,
      {}
    ],
    [
      7,
      null,
      1591010704,
      null,
      -0.5122215747833252,
      0.5,
      1,
      0.0,
      0.0,
      {}
    ],
    [
      8,
      null,
      1591010704,
      null,
      -0.017516879364848137,
      0.5,
      1,
      0.0,
      0.0,
      {}
    ],
    [
      9,
      null,
      1591010704,
      null,
      -0.6180787682533264,
      0.5,
      1,
      0.0,
      0.0,
      {}
    ],
    [
      10,
      null,
      1591010704,
      null,
      -0.5733396410942078,
      0.5,
      1,
      0.0,
      0.0,
      {}
    ],
    [
      11,
      null,
      1591010704,
      null,
      -0.6132737994194031,
      0.5,
      1,
      0.0,
      0.0,
      {}
    ],
    [
      12,
      null,
      1591010704,
      null,
      -0.6214885711669922,
      0.5,
      1,
      0.0,
      0.0,
      {}
    ],
    [
      13,
      null,
      1591010704,
      null,
      -0.6209785342216492,
      0.5,
      1,
      0.0,
      0.0,
      {}
    ],
    [
      14,
      null,
      1591010704,
      null,
      -0.6066515445709229,
      0.5,
      1,
      0.0,
      0.0,
      {}
    ],
    [
      15,
      null,
      1591010704,
      null,
      -0.6063648462295532,
      0.5,
      1,
      0.0,
      0.0,
      {}
    ],
    [
      16,
      null,
      1591010704,
      null,
      -0.6150214672088623,
      0.5,
      1,
      0.0,
      0.0,
      {}
    ],
    [
      17,
      null,
      1591010704,
      null,
      -0.603712260723114,
      0.5,
      1,
      0.0,
      0.0,
      {}
    ],
    [
      18,
      null,
      1591010704,
      null,
      -0.5988738536834717,
      0.5,
      1,
      0.0,
      0.0,
      {}
    ],
    [
      19,
      null,
      1591010704,
      null,
      -0.01152404397726059,
      0.5,
      1,
      0.0,
      0.0,
      {}
    ],
    [
      20,
      null,
      1591010704,
      null,
      -0.5914111733436584,
      0.5,
      1,
      0.0,
      0.0,
      {}
    ],
    [
      21,
      null,
      1591010704,
      null,
      -0.6001262068748474,
      0.5,
      1,
      0.0,
      0.0,
      {}
    ],
    [
      22,
      null,
      1591010704,
      null,
      -0.5984207391738892,
      0.5,
      1,
      0.0,
      0.0,
      {}
    ],
    [
      23,
      null,
      1591010704,
      null,
      -0.5903685688972473,
      0.5,
      1,
      0.0,
      0.0,
      {}
    ],
    [
      24,
      null,
      1591010704,
      null,
      -0.6014780402183533,
      0.5,
      1,
      0.0,
      0.0,
      {}
    ],
    [
      25,
      null,
      1591010704,
      null,
      -0.5983685851097107,
      0.5,
      1,
      0.0,
      0.0,
      {}
    ],
    [
      26,
      null,
      1591010704,
      null,
      -0.6047661304473877,
      0.5,
      1,
      0.0,
      0.0,
      {}
    ],
    [
      27,
      null,
      1591010704,
      null,
      -0.6006996631622314,
      0.5,
      1,
      0.0,
      0.0,
      {}
    ],
    [
      28,
      null,
      1591010704,
      null,
      -0.016387319192290306,
      0.5,
      1,
      0.0,
      0.0,
      {}
    ],
    [
      29,
      null,
      1591010704,
      null,
      -0.6066317558288574,
      0.5,
      1,
      0.0,
      0.0,
      {}
    ],
    [
      30,
      null,
      1591010704,
      null,
      -0.6101718544960022,
      0.5,
      1,
      0.0,
      0.0,
      {}
    ],
    [
      31,
      null,
      1591010704,
      null,
      -0.5952356457710266,
      0.5,
      1,
      0.0,
      0.0,
      {}
    ],
    [
      32,
      null,
      1591010704,
      null,
      -0.5988588333129883,
      0.5,
      1,
      0.0,
      0.0,
      {}
    ]
  ],
  "configs": {
    "1": {
      "batch_size": 4196,
      "epochs": 130,
      "label_smoothing": 0.3464907388651934,
      "lr": 0.00037728041021387455,
      "lr_peak_epoch": 0.8620862474791063,
      "lr_tta": "True",
      "momentum": 0.5759814578628039,
      "num_workers": 8,
      "weight_decay": 1.925159848608007e-06
    },
    "2": {
      "batch_size": 4196,
      "epochs": 34,
      "label_smoothing": 0.3053896582025456,
      "lr": 0.08478701590159263,
      "lr_peak_epoch": 0.853989612286071,
      "lr_tta": "True",
      "momentum": 0.9799569553825097,
      "num_workers": 8,
      "weight_decay": 6.369115057484435e-06
    },
    "3": {
      "batch_size": 4196,
      "epochs": 89,
      "label_smoothing": 0.03792322734777026,
      "lr": 1.569336735399961,
      "lr_peak_epoch": 0.3759032580275057,
      "lr_tta": "True",
      "momentum": 0.6585116385810136,
      "num_workers": 8,
      "weight_decay": 3.249481384368454e-06
    },
    "4": {
      "batch_size": 4196,
      "epochs": 149,
      "label_smoothing": 0.13205072354750136,
      "lr": 0.00012781206268693303,
      "lr_peak_epoch": 0.1702424745128105,
      "lr_tta": "True",
      "momentum": 0.4167382088938604,
      "num_workers": 8,
      "weight_decay": 0.0038124844229729606
    },
    "5": {
      "batch_size": 4196,
      "epochs": 198,
      "label_smoothing": 0.26060734492526055,
      "lr": 0.006939410018605838,
      "lr_peak_epoch": 0.9029543848202599,
      "lr_tta": "True",
      "momentum": 0.3835029534187422,
      "num_workers": 8,
      "weight_decay": 0.0007312098918939009
    },
    "6": {
      "batch_size": 4196,
      "epochs": 175,
      "label_smoothing": 0.3686707670938467,
      "lr": 0.06540642424255363,
      "lr_peak_epoch": 0.7824852778650735,
      "lr_tta": "True",
      "momentum": 0.8532859767666777,
      "num_workers": 8,
      "weight_decay": 7.696405765194325e-06
    },
    "7": {
      "batch_size": 4196,
      "epochs": 176,
      "label_smoothing": 0.46379333915140175,
      "lr": 0.0007276920853483255,
      "lr_peak_epoch": 0.18461284643113374,
      "lr_tta": "True",
      "momentum": 0.43491037154586554,
      "num_workers": 8,
      "weight_decay": 0.0037708276986589697
    },
    "8": {
      "batch_size": 4196,
      "epochs": 109,
      "label_smoothing": 0.23466614416600018,
      "lr": 1.3065125478659656,
      "lr_peak_epoch": 0.35853404045117465,
      "lr_tta": "True",
      "momentum": 0.1460030144700054,
      "num_workers": 8,
      "weight_decay": 0.0007826758870005759
    },
    "9": {
      "batch_size": 4196,
      "epochs": 226,
      "label_smoothing": 0.2727670364734244,
      "lr": 0.002570974870424623,
      "lr_peak_epoch": 0.8717596735306087,
      "lr_tta": "True",
      "momentum": 0.2847087812722233,
      "num_workers": 8,
      "weight_decay": 0.0020306768483551664
    },
    "10": {
      "batch_size": 4196,
      "epochs": 227,
      "label_smoothing": 0.002784417977095166,
      "lr": 0.0015410639367605605,
      "lr_peak_epoch": 0.859075050183226,
      "lr_tta": "True",
      "momentum": 0.015022774556638807,
      "num_workers": 8,
      "weight_decay": 0.0028682616661127396
    },
    "11": {
      "batch_size": 4196,
      "epochs": 226,
      "label_smoothing": 0.2729704051308288,
      "lr": 0.002571677583148064,