{
  "stats": {
    "submitted": 32,
    "finished": 32,
    "running": 0
  },
  "data": [
    [
      1,
      null,
      1757417780,
      null,
      -0.5661424994468689,
      0.5,
      1,
      0.0,
      0.0,
      {}
    ],
    [
      2,
      null,
      1757417780,
      null,
      -0.01869110018014908,
      0.5,
      1,
      0.0,
      0.0,
      {}
    ],
    [
      3,
      null,
      1757417780,
      null,
      -0.695040225982666,
      0.5,
      1,
      0.0,
      0.0,
      {}
    ],
    [
      4,
      null,
      1757417780,
      null,
      -0.6381786465644836,
      0.5,
      1,
      0.0,
      0.0,
      {}
    ],
    [
      5,
      null,
      1757417780,
      null,
      -0.027595972642302513,
      0.5,
      1,
      0.0,
      0.0,
      {}
    ],
    [
      6,
      null,
      1757417780,
      null,
      -0.6519580483436584,
      0.5,
      1,
      0.0,
      0.0,
      {}
    ],
    [
      7,
      null,
      1757417780,
      null,
      -0.5441534519195557,
      0.5,
      1,
      0.0,
      0.0,
      {}
    ],
    [
      8,
      null,
      1757417780,
      null,
      -0.6701067090034485,
      0.5,
      1,
      0.0,
      0.0,
      {}
    ],
    [
      9,
      null,
      1757417780,
      null,
      -0.7034933567047119,
      0.5,
      1,
      0.0,
      0.0,
      {}
    ],
    [
      10,
      null,
      1757417780,
      null,
      -0.7022942900657654,
      0.5,
      1,
      0.0,
      0.0,
      {}
    ],
    [
      11,
      null,
      1757417780,
      null,
      -0.6991551518440247,
      0.5,
      1,
      0.0,
      0.0,
      {}
    ],
    [
      12,
      null,
      1757417780,
      null,
      -0.7397112846374512,
      0.5,
      1,
      0.0,
      0.0,
      {}
    ],
    [
      13,
      null,
      1757417780,
      null,
      -0.7003664970397949,
      0.5,
      1,
      0.0,
      0.0,
      {}
    ],
    [
      14,
      null,
      1757417780,
      null,
      -0.7253720164299011,
      0.5,
      1,
      0.0,
      0.0,
      {}
    ],
    [
      15,
      null,
      1757417780,
      null,
      -0.705043613910675,
      0.5,
      1,
      0.0,
      0.0,
      {}
    ],
    [
      16,
      null,
      1757417780,
      null,
      -0.688373327255249,
      0.5,
      1,
      0.0,
      0.0,
      {}
    ],
    [
      17,
      null,
      1757417780,
      null,
      -0.7206464409828186,
      0.5,
      1,
      0.0,
      0.0,
      {}
    ],
    [
      18,
      null,
      1757417780,
      null,
      -0.7202120423316956,
      0.5,
      1,
      0.0,
      0.0,
      {}
    ],
    [
      19,
      null,
      1757417780,
      null,
      -0.7171101570129395,
      0.5,
      1,
      0.0,
      0.0,
      {}
    ],
    [
      20,
      null,
      1757417780,
      null,
      -0.722992479801178,
      0.5,
      1,
      0.0,
      0.0,
      {}
    ],
    [
      21,
      null,
      1757417780,
      null,
      -0.7223917841911316,
      0.5,
      1,
      0.0,
      0.0,
      {}
    ],
    [
      22,
      null,
      1757417780,
      null,
      -0.7265748977661133,
      0.5,
      1,
      0.0,
      0.0,
      {}
    ],
    [
      23,
      null,
      1757417780,
      null,
      -0.7192959785461426,
      0.5,
      1,
      0.0,
      0.0,
      {}
    ],
    [
      24,
      null,
      1757417780,
      null,
      -0.7185401320457458,
      0.5,
      1,
      0.0,
      0.0,
      {}
    ],
    [
      25,
      null,
      1757417780,
      null,
      -0.665336549282074,
      0.5,
      1,
      0.0,
      0.0,
      {}
    ],
    [
      26,
      null,
      1757417780,
      null,
      -0.6996440887451172,
      0.5,
      1,
      0.0,
      0.0,
      {}
    ],
    [
      27,
      null,
      1757417780,
      null,
      -0.6986075043678284,
      0.5,
      1,
      0.0,
      0.0,
      {}
    ],
    [
      28,
      null,
      1757417780,
      null,
      -0.7016611099243164,
      0.5,
      1,
      0.0,
      0.0,
      {}
    ],
    [
      29,
      null,
      1757417780,
      null,
      -0.7090293765068054,
      0.5,
      1,
      0.0,
      0.0,
      {}
    ],
    [
      30,
      null,
      1757417780,
      null,
      -0.7116000652313232,
      0.5,
      1,
      0.0,
      0.0,
      {}
    ],
    [
      31,
      null,
      1757417780,
      null,
      -0.7063767910003662,
      0.5,
      1,
      0.0,
      0.0,
      {}
    ],
    [
      32,
      null,
      1757417780,
      null,
      -0.7488718032836914,
      0.5,
      1,
      0.0,
      0.0,
      {}
    ]
  ],
  "configs": {
    "1": {
      "batch_size": 4196,
      "epochs": 140,
      "label_smoothing": 0.2722793252086066,
      "lr": 0.13905332764023845,
      "lr_peak_epoch": 0.15331404581328223,
      "lr_tta": "True",
      "momentum": 0.9334177905592581,
      "num_workers": 8,
      "weight_decay": 1.1708533098796666e-05
    },
    "2": {
      "batch_size": 4196,
      "epochs": 90,
      "label_smoothing": 0.4441243670223954,
      "lr": 2.8899790472388585,
      "lr_peak_epoch": 0.6213091392853832,
      "lr_tta": "True",
      "momentum": 0.3555467408852958,
      "num_workers": 8,
      "weight_decay": 0.06231028250640643
    },
    "3": {
      "batch_size": 4196,
      "epochs": 119,
      "label_smoothing": 0.08702385239219329,
      "lr": 0.001200965866667777,
      "lr_peak_epoch": 0.03730532723088109,
      "lr_tta": "True",
      "momentum": 0.1887614834080621,
      "num_workers": 8,
      "weight_decay": 1.089132875652556e-06
    },
    "4": {
      "batch_size": 4196,
      "epochs": 43,
      "label_smoothing": 0.16451458528889246,
      "lr": 0.00027755719469670933,
      "lr_peak_epoch": 0.9498270413110796,
      "lr_tta": "True",
      "momentum": 0.17485354459799562,
      "num_workers": 8,
      "weight_decay": 0.0016022688121312943
    },
    "5": {
      "batch_size": 4196,
      "epochs": 155,
      "label_smoothing": 0.16841402634294417,
      "lr": 2.250005995711655,
      "lr_peak_epoch": 0.03944823229065819,
      "lr_tta": "True",
      "momentum": 0.9934305401042479,
      "num_workers": 8,
      "weight_decay": 2.1283852529000226e-06
    },
    "6": {
      "batch_size": 4196,
      "epochs": 47,
      "label_smoothing": 0.12155158204787708,
      "lr": 0.00035738064391955155,
      "lr_peak_epoch": 0.35521509249643757,
      "lr_tta": "True",
      "momentum": 0.4759093307585016,
      "num_workers": 8,
      "weight_decay": 3.0053063901608724e-05
    },
    "7": {
      "batch_size": 4196,
      "epochs": 283,
      "label_smoothing": 0.3355553311962075,
      "lr": 0.012959347579569938,
      "lr_peak_epoch": 0.22551964328984275,
      "lr_tta": "True",
      "momentum": 0.601987409918682,
      "num_workers": 8,
      "weight_decay": 0.018291275349806544
    },
    "8": {
      "batch_size": 4196,
      "epochs": 186,
      "label_smoothing": 0.1759937180015479,
      "lr": 0.00016077170181701223,
      "lr_peak_epoch": 0.5240642230842124,
      "lr_tta": "True",
      "momentum": 0.9310633307557944,
      "num_workers": 8,
      "weight_decay": 0.016468250314349404
    },
    "9": {
      "batch_size": 4196,
      "epochs": 266,
      "label_smoothing": 0.14712472975636423,
      "lr": 0.0007083508401189122,
      "lr_peak_epoch": 0.3644952941297947,
      "lr_tta": "True",
      "momentum": 0.43376033665952013,
      "num_workers": 8,
      "weight_decay": 0.0009176465777903305
    },
    "10": {
      "batch_size": 4196,
      "epochs": 266,
      "label_smoothing": 0.14722197995622657,
      "lr": 0.0007079727768702129,
      "lr_peak_epoch": 0.36413180709488185,
      "lr_tta": "True",
      "momentum": 0.4339616277676845,
      "num_workers": 8,
      "weight_decay": 0.000911743227649724
    },
    "11": {
      "batch_size": 4196,
      "epochs": 266,
      "label_smoothing": 0.14739695683160617,
      "lr": 0.00070539025005057,