{
  "stats": {
    "submitted": 32,
    "finished": 32,
    "running": 0
  },
  "data": [
    [
      1,
      null,
      681687810,
      null,
      -0.01152404397726059,
      0.5,
      1,
      0.0,
      0.0,
      {}
    ],
    [
      2,
      null,
      681687810,
      null,
      -0.2394268661737442,
      0.5,
      1,
      0.0,
      0.0,
      {}
    ],
    [
      3,
      null,
      681687810,
      null,
      -0.1121019497513771,
      0.5,
      1,
      0.0,
      0.0,
      {}
    ],
    [
      4,
      null,
      681687810,
      null,
      -0.012839756906032562,
      0.5,
      1,
      0.0,
      0.0,
      {}
    ],
    [
      5,
      null,
      681687810,
      null,
      -0.01891578733921051,
      0.5,
      1,
      0.0,
      0.0,
      {}
    ],
    [
      6,
      null,
      681687810,
      null,
      -0.5191230773925781,
      0.5,
      1,
      0.0,
      0.0,
      {}
    ],
    [
      7,
      null,
      681687810,
      null,
      -0.01522673387080431,
      0.5,
      1,
      0.0,
      0.0,
      {}
    ],
    [
      8,
      null,
      681687810,
      null,
      -0.013299011625349522,
      0.5,
      1,
      0.0,
      0.0,
      {}
    ],
    [
      9,
      null,
      681687810,
      null,
      -0.595598042011261,
      0.5,
      1,
      0.0,
      0.0,
      {}
    ],
    [
      10,
      null,
      681687810,
      null,
      -0.5626720190048218,
      0.5,
      1,
      0.0,
      0.0,
      {}
    ],
    [
      11,
      null,
      681687810,
      null,
      -0.5364363789558411,
      0.5,
      1,
      0.0,
      0.0,
      {}
    ],
    [
      12,
      null,
      681687810,
      null,
      -0.5439324975013733,
      0.5,
      1,
      0.0,
      0.0,
      {}
    ],
    [
      13,
      null,
      681687810,
      null,
      -0.5619048476219177,
      0.5,
      1,
      0.0,
      0.0,
      {}
    ],
    [
      14,
      null,
      681687810,
      null,
      -0.5412959456443787,
      0.5,
      1,
      0.0,
      0.0,
      {}
    ],
    [
      15,
      null,
      681687810,
      null,
      -0.6038711071014404,
      0.5,
      1,
      0.0,
      0.0,
      {}
    ],
    [
      16,
      null,
      681687810,
      null,
      -0.5407102108001709,
      0.5,
      1,
      0.0,
      0.0,
      {}
    ],
    [
      17,
      null,
      681687810,
      null,
      -0.43243882060050964,
      0.5,
      1,
      0.0,
      0.0,
      {}
    ],
    [
      18,
      null,
      681687810,
      null,
      -0.4330235421657562,
      0.5,
      1,
      0.0,
      0.0,
      {}
    ],
    [
      19,
      null,
      681687810,
      null,
      -0.4363873302936554,
      0.5,
      1,
      0.0,
      0.0,
      {}
    ],
    [
      20,
      null,
      681687810,
      null,
      -0.42932701110839844,
      0.5,
      1,
      0.0,
      0.0,
      {}
    ],
    [
      21,
      null,
      681687810,
      null,
      -0.26159361004829407,
      0.5,
      1,
      0.0,
      0.0,
      {}
    ],
    [
      22,
      null,
      681687810,
      null,
      -0.4393576681613922,
      0.5,
      1,
      0.0,
      0.0,
      {}
    ],
    [
      23,
      null,
      681687810,
      null,
      -0.44109174609184265,
      0.5,
      1,
      0.0,
      0.0,
      {}
    ],
    [
      24,
      null,
      681687810,
      null,
      -0.5358666777610779,
      0.5,
      1,
      0.0,
      0.0,
      {}
    ],
    [
      25,
      null,
      681687810,
      null,
      -0.5725612044334412,
      0.5,
      1,
      0.0,
      0.0,
      {}
    ],
    [
      26,
      null,
      681687810,
      null,
      -0.5678567886352539,
      0.5,
      1,
      0.0,
      0.0,
      {}
    ],
    [
      27,
      null,
      681687810,
      null,
      -0.5587742924690247,
      0.5,
      1,
      0.0,
      0.0,
      {}
    ],
    [
      28,
      null,
      681687810,
      null,
      -0.5721753239631653,
      0.5,
      1,
      0.0,
      0.0,
      {}
    ],
    [
      29,
      null,
      681687810,
      null,
      -0.5646407008171082,
      0.5,
      1,
      0.0,
      0.0,
      {}
    ],
    [
      30,
      null,
      681687810,
      null,
      -0.5623020529747009,
      0.5,
      1,
      0.0,
      0.0,
      {}
    ],
    [
      31,
      null,
      681687810,
      null,
      -0.5615561008453369,
      0.5,
      1,
      0.0,
      0.0,
      {}
    ],
    [
      32,
      null,
      681687810,
      null,
      -0.5797197818756104,
      0.5,
      1,
      0.0,
      0.0,
      {}
    ]
  ],
  "configs": {
    "1": {
      "batch_size": 4196,
      "epochs": 73,
      "label_smoothing": 0.08742003675240079,
      "lr": 0.988678080523419,
      "lr_peak_epoch": 0.8593931336826969,
      "lr_tta": "True",
      "momentum": 0.06038314694695246,
      "num_workers": 8,
      "weight_decay": 0.0028033396520516134
    },
    "2": {
      "batch_size": 4196,
      "epochs": 221,
      "label_smoothing": 0.2121592936863131,
      "lr": 0.06222057311676744,
      "lr_peak_epoch": 0.5907166557374137,
      "lr_tta": "True",
      "momentum": 0.29487433349907133,
      "num_workers": 8,
      "weight_decay": 0.00020747404277391925
    },
    "3": {
      "batch_size": 4196,
      "epochs": 59,
      "label_smoothing": 0.06930733453890686,
      "lr": 0.014782312439205842,
      "lr_peak_epoch": 0.5518784939178006,
      "lr_tta": "True",
      "momentum": 0.07041214491580661,
      "num_workers": 8,
      "weight_decay": 0.0066368016730501645
    },
    "4": {
      "batch_size": 4196,
      "epochs": 276,
      "label_smoothing": 0.46943743907017227,
      "lr": 0.46101156551729144,
      "lr_peak_epoch": 0.6407997996528854,
      "lr_tta": "True",
      "momentum": 0.5646198634837505,
      "num_workers": 8,
      "weight_decay": 0.0014584117983570289
    },
    "5": {
      "batch_size": 4196,
      "epochs": 115,
      "label_smoothing": 0.024986006440935515,
      "lr": 0.15510634288868289,
      "lr_peak_epoch": 0.17509094844100204,
      "lr_tta": "True",
      "momentum": 0.7925528261166581,
      "num_workers": 8,
      "weight_decay": 0.000574985316721489
    },
    "6": {
      "batch_size": 4196,
      "epochs": 269,
      "label_smoothing": 0.2882355080432823,
      "lr": 0.022422835855597113,
      "lr_peak_epoch": 0.24835205484253275,
      "lr_tta": "True",
      "momentum": 0.05066195271271268,
      "num_workers": 8,
      "weight_decay": 1.68618709120281e-06
    },
    "7": {
      "batch_size": 4196,
      "epochs": 191,
      "label_smoothing": 0.07310199755881652,
      "lr": 0.13184242081447795,
      "lr_peak_epoch": 0.3881119610897237,
      "lr_tta": "True",
      "momentum": 0.5722385089580112,
      "num_workers": 8,
      "weight_decay": 0.011006639719904456
    },
    "8": {
      "batch_size": 4196,
      "epochs": 261,
      "label_smoothing": 0.0363740915754614,
      "lr": 2.7751976870746997,
      "lr_peak_epoch": 0.36367807901157434,
      "lr_tta": "True",
      "momentum": 0.21237574393023517,
      "num_workers": 8,
      "weight_decay": 2.7583574897094926e-05
    },
    "9": {
      "batch_size": 4196,
      "epochs": 286,
      "label_smoothing": 0.28890444804253124,
      "lr": 0.004423690571724543,
      "lr_peak_epoch": 0.020724895653170594,
      "lr_tta": "True",
      "momentum": 0.0002366436262581555,
      "num_workers": 8,
      "weight_decay": 1.0024922873847846e-06
    },
    "10": {
      "batch_size": 4196,
      "epochs": 285,
      "label_smoothing": 0.2888910067765391,
      "lr": 0.004520523157276171,
      "lr_peak_epoch": 0.016723503809827765,
      "lr_tta": "True",
      "momentum": 0.00012292595709307934,
      "num_workers": 8,
      "weight_decay": 1.0041670524554045e-06
    },
    "11": {
      "batch_size": 4196,
      "epochs": 285,
      "label_smoothing": 0.2889448623799218,
      "lr": 0.0045512774779955245,