{
  "stats": {
    "submitted": 32,
    "finished": 32,
    "running": 0
  },
  "data": [
    [
      1,
      null,
      1069559166,
      null,
      -0.255839079618454,
      0.5,
      1,
      0.0,
      0.0,
      {}
    ],
    [
      2,
      null,
      1069559166,
      null,
      -0.01323696132749319,
      0.5,
      1,
      0.0,
      0.0,
      {}
    ],
    [
      3,
      null,
      1069559166,
      null,
      -0.4607497751712799,
      0.5,
      1,
      0.0,
      0.0,
      {}
    ],
    [
      4,
      null,
      1069559166,
      null,
      -0.011167746968567371,
      0.5,
      1,
      0.0,
      0.0,
      {}
    ],
    [
      5,
      null,
      1069559166,
      null,
      -0.4872584640979767,
      0.5,
      1,
      0.0,
      0.0,
      {}
    ],
    [
      6,
      null,
      1069559166,
      null,
      -0.022719062864780426,
      0.5,
      1,
      0.0,
      0.0,
      {}
    ],
    [
      7,
      null,
      1069559166,
      null,
      -0.5834088325500488,
      0.5,
      1,
      0.0,
      0.0,
      {}
    ],
    [
      8,
      null,
      1069559166,
      null,
      -0.013361062854528427,
      0.5,
      1,
      0.0,
      0.0,
      {}
    ],
    [
      9,
      null,
      1069559166,
      null,
      -0.5122776031494141,
      0.5,
      1,
      0.0,
      0.0,
      {}
    ],
    [
      10,
      null,
      1069559166,
      null,
      -0.01152404397726059,
      0.5,
      1,
      0.0,
      0.0,
      {}
    ],
    [
      11,
      null,
      1069559166,
      null,
      -0.512823760509491,
      0.5,
      1,
      0.0,
      0.0,
      {}
    ],
    [
      12,
      null,
      1069559166,
      null,
      -0.020421406254172325,
      0.5,
      1,
      0.0,
      0.0,
      {}
    ],
    [
      13,
      null,
      1069559166,
      null,
      -0.5123917460441589,
      0.5,
      1,
      0.0,
      0.0,
      {}
    ],
    [
      14,
      null,
      1069559166,
      null,
      -0.3292567729949951,
      0.5,
      1,
      0.0,
      0.0,
      {}
    ],
    [
      15,
      null,
      1069559166,
      null,
      -0.5075693726539612,
      0.5,
      1,
      0.0,
      0.0,
      {}
    ],
    [
      16,
      null,
      1069559166,
      null,
      -0.5103225111961365,
      0.5,
      1,
      0.0,
      0.0,
      {}
    ],
    [
      17,
      null,
      1069559166,
      null,
      -0.6024336814880371,
      0.5,
      1,
      0.0,
      0.0,
      {}
    ],
    [
      18,
      null,
      1069559166,
      null,
      -0.6260416507720947,
      0.5,
      1,
      0.0,
      0.0,
      {}
    ],
    [
      19,
      null,
      1069559166,
      null,
      -0.6170324087142944,
      0.5,
      1,
      0.0,
      0.0,
      {}
    ],
    [
      20,
      null,
      1069559166,
      null,
      -0.6183368563652039,
      0.5,
      1,
      0.0,
      0.0,
      {}
    ],
    [
      21,
      null,
      1069559166,
      null,
      -0.6135120987892151,
      0.5,
      1,
      0.0,
      0.0,
      {}
    ],
    [
      22,
      null,
      1069559166,
      null,
      -0.6180787682533264,
      0.5,
      1,
      0.0,
      0.0,
      {}
    ],
    [
      23,
      null,
      1069559166,
      null,
      -0.6112008690834045,
      0.5,
      1,
      0.0,
      0.0,
      {}
    ],
    [
      24,
      null,
      1069559166,
      null,
      -0.6202100515365601,
      0.5,
      1,
      0.0,
      0.0,
      {}
    ],
    [
      25,
      null,
      1069559166,
      null,
      -0.6320170760154724,
      0.5,
      1,
      0.0,
      0.0,
      {}
    ],
    [
      26,
      null,
      1069559166,
      null,
      -0.6206654906272888,
      0.5,
      1,
      0.0,
      0.0,
      {}
    ],
    [
      27,
      null,
      1069559166,
      null,
      -0.6229209303855896,
      0.5,
      1,
      0.0,
      0.0,
      {}
    ],
    [
      28,
      null,
      1069559166,
      null,
      -0.6195731163024902,
      0.5,
      1,
      0.0,
      0.0,
      {}
    ],
    [
      29,
      null,
      1069559166,
      null,
      -0.6184412240982056,
      0.5,
      1,
      0.0,
      0.0,
      {}
    ],
    [
      30,
      null,
      1069559166,
      null,
      -0.6241684556007385,
      0.5,
      1,
      0.0,
      0.0,
      {}
    ],
    [
      31,
      null,
      1069559166,
      null,
      -0.6282721161842346,
      0.5,
      1,
      0.0,
      0.0,
      {}
    ],
    [
      32,
      null,
      1069559166,
      null,
      -0.6182997226715088,
      0.5,
      1,
      0.0,
      0.0,
      {}
    ]
  ],
  "configs": {
    "1": {
      "batch_size": 4196,
      "epochs": 97,
      "label_smoothing": 0.4164542203322251,
      "lr": 0.0003114097893090815,
      "lr_peak_epoch": 0.9998383706276973,
      "lr_tta": "True",
      "momentum": 0.6829217516100716,
      "num_workers": 8,
      "weight_decay": 0.03153559648858521
    },
    "2": {
      "batch_size": 4196,
      "epochs": 37,
      "label_smoothing": 0.2652271008208228,
      "lr": 0.68775472383933,
      "lr_peak_epoch": 0.9023686476391064,
      "lr_tta": "True",
      "momentum": 0.0943166901566942,
      "num_workers": 8,
      "weight_decay": 0.00151341707908105
    },
    "3": {
      "batch_size": 4196,
      "epochs": 256,
      "label_smoothing": 0.3798041751223696,
      "lr": 0.0002901236633812086,
      "lr_peak_epoch": 0.31247786634229724,
      "lr_tta": "True",
      "momentum": 0.32629108448860134,
      "num_workers": 8,
      "weight_decay": 0.008605743767405541
    },
    "4": {
      "batch_size": 4196,
      "epochs": 30,
      "label_smoothing": 0.19419336886556693,
      "lr": 0.28011570480249787,
      "lr_peak_epoch": 0.49631118970410837,
      "lr_tta": "True",
      "momentum": 0.8183381436561317,
      "num_workers": 8,
      "weight_decay": 7.219533270765431e-05
    },
    "5": {
      "batch_size": 4196,
      "epochs": 241,
      "label_smoothing": 0.36798816080463653,
      "lr": 0.0006722821142282564,
      "lr_peak_epoch": 0.5185537495757836,
      "lr_tta": "True",
      "momentum": 0.17606992283071743,
      "num_workers": 8,
      "weight_decay": 0.00010914690224182842
    },
    "6": {
      "batch_size": 4196,
      "epochs": 31,
      "label_smoothing": 0.4692104953409319,
      "lr": 0.04066800761518023,
      "lr_peak_epoch": 0.8112179734563301,
      "lr_tta": "True",
      "momentum": 0.1665994411062598,
      "num_workers": 8,
      "weight_decay": 0.0012259954367925484
    },
    "7": {
      "batch_size": 4196,
      "epochs": 75,
      "label_smoothing": 0.3228015529171618,
      "lr": 0.0026226264641436023,
      "lr_peak_epoch": 0.23521580646995488,
      "lr_tta": "True",
      "momentum": 0.1574037110746792,
      "num_workers": 8,
      "weight_decay": 9.51294401126508e-05
    },
    "8": {
      "batch_size": 4196,
      "epochs": 114,
      "label_smoothing": 0.0967502868473406,
      "lr": 1.1934291855706884,
      "lr_peak_epoch": 0.34307226815937075,
      "lr_tta": "True",
      "momentum": 0.3048326256492583,
      "num_workers": 8,
      "weight_decay": 1.7703953513648003e-05
    },
    "9": {
      "batch_size": 4196,
      "epochs": 112,
      "label_smoothing": 0.30521156575946246,
      "lr": 0.0011516483355744952,
      "lr_peak_epoch": 0.11999804496727579,
      "lr_tta": "True",
      "momentum": 0.10884007682288724,
      "num_workers": 8,
      "weight_decay": 4.406786127892551e-05
    },
    "10": {
      "batch_size": 4196,
      "epochs": 61,
      "label_smoothing": 0.49631387274457583,
      "lr": 0.11731096123659335,
      "lr_peak_epoch": 0.8752767112786758,
      "lr_tta": "True",
      "momentum": 0.08030043051204339,
      "num_workers": 8,
      "weight_decay": 0.040046238009551864
    },
    "11": {
      "batch_size": 4196,
      "epochs": 112,
      "label_smoothing": 0.3057990403236661,
      "lr": 0.001149776580426032,