{
  "stats": {
    "submitted": 32,
    "finished": 32,
    "running": 0
  },
  "data": [
    [
      1,
      null,
      1736240397,
      null,
      -0.01152404397726059,
      0.5,
      1,
      0.0,
      0.0,
      {}
    ],
    [
      2,
      null,
      1736240397,
      null,
      -0.01576542854309082,
      0.5,
      1,
      0.0,
      0.0,
      {}
    ],
    [
      3,
      null,
      1736240397,
      null,
      -0.01152404397726059,
      0.5,
      1,
      0.0,
      0.0,
      {}
    ],
    [
      4,
      null,
      1736240397,
      null,
      -0.013775656931102276,
      0.5,
      1,
      0.0,
      0.0,
      {}
    ],
    [
      5,
      null,
      1736240397,
      null,
      -0.13742516934871674,
      0.5,
      1,
      0.0,
      0.0,
      {}
    ],
    [
      6,
      null,
      1736240397,
      null,
      -0.4008271396160126,
      0.5,
      1,
      0.0,
      0.0,
      {}
    ],
    [
      7,
      null,
      1736240397,
      null,
      -0.49955952167510986,
      0.5,
      1,
      0.0,
      0.0,
      {}
    ],
    [
      8,
      null,
      1736240397,
      null,
      -0.01152404397726059,
      0.5,
      1,
      0.0,
      0.0,
      {}
    ],
    [
      9,
      null,
      1736240397,
      null,
      -0.43909206986427307,
      0.5,
      1,
      0.0,
      0.0,
      {}
    ],
    [
      10,
      null,
      1736240397,
      null,
      -0.4267115592956543,
      0.5,
      1,
      0.0,
      0.0,
      {}
    ],
    [
      11,
      null,
      1736240397,
      null,
      -0.4295789301395416,
      0.5,
      1,
      0.0,
      0.0,
      {}
    ],
    [
      12,
      null,
      1736240397,
      null,
      -0.4276338517665863,
      0.5,
      1,
      0.0,
      0.0,
      {}
    ],
    [
      13,
      null,
      1736240397,
      null,
      -0.4316246509552002,
      0.5,
      1,
      0.0,
      0.0,
      {}
    ],
    [
      14,
      null,
      1736240397,
      null,
      -0.4429338872432709,
      0.5,
      1,
      0.0,
      0.0,
      {}
    ],
    [
      15,
      null,
      1736240397,
      null,
      -0.4348394572734833,
      0.5,
      1,
      0.0,
      0.0,
      {}
    ],
    [
      16,
      null,
      1736240397,
      null,
      -0.4289669692516327,
      0.5,
      1,
      0.0,
      0.0,
      {}
    ],
    [
      17,
      null,
      1736240397,
      null,
      -0.020297305658459663,
      0.5,
      1,
      0.0,
      0.0,
      {}
    ],
    [
      18,
      null,
      1736240397,
      null,
      -0.01572689414024353,
      0.5,
      1,
      0.0,
      0.0,
      {}
    ],
    [
      19,
      null,
      1736240397,
      null,
      -0.3429628610610962,
      0.5,
      1,
      0.0,
      0.0,
      {}
    ],
    [
      20,
      null,
      1736240397,
      null,
      -0.3487657606601715,
      0.5,
      1,
      0.0,
      0.0,
      {}
    ],
    [
      21,
      null,
      1736240397,
      null,
      -0.3202710449695587,
      0.5,
      1,
      0.0,
      0.0,
      {}
    ],
    [
      22,
      null,
      1736240397,
      null,
      -0.3390491008758545,
      0.5,
      1,
      0.0,
      0.0,
      {}
    ],
    [
      23,
      null,
      1736240397,
      null,
      -0.3416532576084137,
      0.5,
      1,
      0.0,
      0.0,
      {}
    ],
    [
      24,
      null,
      1736240397,
      null,
      -0.3405683934688568,
      0.5,
      1,
      0.0,
      0.0,
      {}
    ],
    [
      25,
      null,
      1736240397,
      null,
      -0.4018898904323578,
      0.5,
      1,
      0.0,
      0.0,
      {}
    ],
    [
      26,
      null,
      1736240397,
      null,
      -0.4015918970108032,
      0.5,
      1,
      0.0,
      0.0,
      {}
    ],
    [
      27,
      null,
      1736240397,
      null,
      -0.4015721380710602,
      0.5,
      1,
      0.0,
      0.0,
      {}
    ],
    [
      28,
      null,
      1736240397,
      null,
      -0.39775148034095764,
      0.5,
      1,
      0.0,
      0.0,
      {}
    ],
    [
      29,
      null,
      1736240397,
      null,
      -0.3943900167942047,
      0.5,
      1,
      0.0,
      0.0,
      {}
    ],
    [
      30,
      null,
      1736240397,
      null,
      -0.3671814203262329,
      0.5,
      1,
      0.0,
      0.0,
      {}
    ],
    [
      31,
      null,
      1736240397,
      null,
      -0.3972090184688568,
      0.5,
      1,
      0.0,
      0.0,
      {}
    ],
    [
      32,
      null,
      1736240397,
      null,
      -0.4885059893131256,
      0.5,
      1,
      0.0,
      0.0,
      {}
    ]
  ],
  "configs": {
    "1": {
      "batch_size": 4196,
      "epochs": 139,
      "label_smoothing": 0.00362744978564683,
      "lr": 0.9577195402328023,
      "lr_peak_epoch": 0.03476879126661281,
      "lr_tta": "True",
      "momentum": 0.7861216256121442,
      "num_workers": 8,
      "weight_decay": 3.006250326695395e-05
    },
    "2": {
      "batch_size": 4196,
      "epochs": 162,
      "label_smoothing": 0.2607927421695566,
      "lr": 0.18763567911837703,
      "lr_peak_epoch": 0.4092125012603748,
      "lr_tta": "True",
      "momentum": 0.10510730686727243,
      "num_workers": 8,
      "weight_decay": 0.00034622494408316154
    },
    "3": {
      "batch_size": 4196,
      "epochs": 86,
      "label_smoothing": 0.13793424714462643,
      "lr": 0.0940108810716479,
      "lr_peak_epoch": 0.8127381257762836,
      "lr_tta": "True",
      "momentum": 0.9394227869002065,
      "num_workers": 8,
      "weight_decay": 2.979881464338926e-05
    },
    "4": {
      "batch_size": 4196,
      "epochs": 181,
      "label_smoothing": 0.2656828922766785,
      "lr": 9.491733313264275,
      "lr_peak_epoch": 0.31746841765630474,
      "lr_tta": "True",
      "momentum": 0.37646066318185023,
      "num_workers": 8,
      "weight_decay": 7.361737665822248e-06
    },
    "5": {
      "batch_size": 4196,
      "epochs": 147,
      "label_smoothing": 0.18105846338370246,
      "lr": 0.10616094439253486,
      "lr_peak_epoch": 0.6363410414427776,
      "lr_tta": "True",
      "momentum": 0.9029743438120194,
      "num_workers": 8,
      "weight_decay": 1.6856866814352575e-05
    },
    "6": {
      "batch_size": 4196,
      "epochs": 66,
      "label_smoothing": 0.06505800129636308,
      "lr": 0.00019478745495116193,
      "lr_peak_epoch": 0.7634583206112902,
      "lr_tta": "True",
      "momentum": 0.6442780193506812,
      "num_workers": 8,
      "weight_decay": 2.0208792212946822e-06
    },
    "7": {
      "batch_size": 4196,
      "epochs": 189,
      "label_smoothing": 0.27671378086225007,
      "lr": 0.0005927433236563071,
      "lr_peak_epoch": 0.46729987413897556,
      "lr_tta": "True",
      "momentum": 0.10758413883988827,
      "num_workers": 8,
      "weight_decay": 0.00036955492033982954
    },
    "8": {
      "batch_size": 4196,
      "epochs": 116,
      "label_smoothing": 0.06694091848269829,
      "lr": 0.1959117475240165,
      "lr_peak_epoch": 0.18417663062177947,
      "lr_tta": "True",
      "momentum": 0.1765356059653418,
      "num_workers": 8,
      "weight_decay": 0.02647528907769942
    },
    "9": {
      "batch_size": 4196,
      "epochs": 163,
      "label_smoothing": 0.21131037055598195,
      "lr": 0.00028981330724641195,
      "lr_peak_epoch": 0.5427213091971163,
      "lr_tta": "True",
      "momentum": 0.33100391798208767,
      "num_workers": 8,
      "weight_decay": 4.393996867393625e-05
    },
    "10": {
      "batch_size": 4196,
      "epochs": 163,
      "label_smoothing": 0.21244827631190047,
      "lr": 0.0002895784999846909,
      "lr_peak_epoch": 0.5427521949874882,
      "lr_tta": "True",
      "momentum": 0.3307547261753063,
      "num_workers": 8,
      "weight_decay": 4.394699464781028e-05
    },
    "11": {
      "batch_size": 4196,
      "epochs": 163,
      "label_smoothing": 0.2114971463503911,