{
  "stats": {
    "submitted": 32,
    "finished": 32,
    "running": 0
  },
  "data": [
    [
      1,
      null,
      1286749046,
      null,
      -0.020107397809624672,
      0.5,
      1,
      0.0,
      0.0,
      {}
    ],
    [
      2,
      null,
      1286749046,
      null,
      -0.5801851749420166,
      0.5,
      1,
      0.0,
      0.0,
      {}
    ],
    [
      3,
      null,
      1286749046,
      null,
      -0.012901808135211468,
      0.5,
      1,
      0.0,
      0.0,
      {}
    ],
    [
      4,
      null,
      1286749046,
      null,
      -0.6920389533042908,
      0.5,
      1,
      0.0,
      0.0,
      {}
    ],
    [
      5,
      null,
      1286749046,
      null,
      -0.09288953989744186,
      0.5,
      1,
      0.0,
      0.0,
      {}
    ],
    [
      6,
      null,
      1286749046,
      null,
      -0.4526529312133789,
      0.5,
      1,
      0.0,
      0.0,
      {}
    ],
    [
      7,
      null,
      1286749046,
      null,
      -0.7056481838226318,
      0.5,
      1,
      0.0,
      0.0,
      {}
    ],
    [
      8,
      null,
      1286749046,
      null,
      -0.7130126357078552,
      0.5,
      1,
      0.0,
      0.0,
      {}
    ],
    [
      9,
      null,
      1286749046,
      null,
      -0.6380136609077454,
      0.5,
      1,
      0.0,
      0.0,
      {}
    ],
    [
      10,
      null,
      1286749046,
      null,
      -0.6378298401832581,
      0.5,
      1,
      0.0,
      0.0,
      {}
    ],
    [
      11,
      null,
      1286749046,
      null,
      -0.033150698989629745,
      0.5,
      1,
      0.0,
      0.0,
      {}
    ],
    [
      12,
      null,
      1286749046,
      null,
      -0.6318680644035339,
      0.5,
      1,
      0.0,
      0.0,
      {}
    ],
    [
      13,
      null,
      1286749046,
      null,
      -0.6383958458900452,
      0.5,
      1,
      0.0,
      0.0,
      {}
    ],
    [
      14,
      null,
      1286749046,
      null,
      -0.6880518794059753,
      0.5,
      1,
      0.0,
      0.0,
      {}
    ],
    [
      15,
      null,
      1286749046,
      null,
      -0.7148919105529785,
      0.5,
      1,
      0.0,
      0.0,
      {}
    ],
    [
      16,
      null,
      1286749046,
      null,
      -0.08264029771089554,
      0.5,
      1,
      0.0,
      0.0,
      {}
    ],
    [
      17,
      null,
      1286749046,
      null,
      -0.6996999382972717,
      0.5,
      1,
      0.0,
      0.0,
      {}
    ],
    [
      18,
      null,
      1286749046,
      null,
      -0.7001766562461853,
      0.5,
      1,
      0.0,
      0.0,
      {}
    ],
    [
      19,
      null,
      1286749046,
      null,
      -0.698805034160614,
      0.5,
      1,
      0.0,
      0.0,
      {}
    ],
    [
      20,
      null,
      1286749046,
      null,
      -0.7031098008155823,
      0.5,
      1,
      0.0,
      0.0,
      {}
    ],
    [
      21,
      null,
      1286749046,
      null,
      -0.7027497291564941,
      0.5,
      1,
      0.0,
      0.0,
      {}
    ],
    [
      22,
      null,
      1286749046,
      null,
      -0.695685625076294,
      0.5,
      1,
      0.0,
      0.0,
      {}
    ],
    [
      23,
      null,
      1286749046,
      null,
      -0.6965458393096924,
      0.5,
      1,
      0.0,
      0.0,
      {}
    ],
    [
      24,
      null,
      1286749046,
      null,
      -0.6965495944023132,
      0.5,
      1,
      0.0,
      0.0,
      {}
    ],
    [
      25,
      null,
      1286749046,
      null,
      -0.7312445044517517,
      0.5,
      1,
      0.0,
      0.0,
      {}
    ],
    [
      26,
      null,
      1286749046,
      null,
      -0.7308881878852844,
      0.5,
      1,
      0.0,
      0.0,
      {}
    ],
    [
      27,
      null,
      1286749046,
      null,
      -0.7243492007255554,
      0.5,
      1,
      0.0,
      0.0,
      {}
    ],
    [
      28,
      null,
      1286749046,
      null,
      -0.733890950679779,
      0.5,
      1,
      0.0,
      0.0,
      {}
    ],
    [
      29,
      null,
      1286749046,
      null,
      -0.735317051410675,
      0.5,
      1,
      0.0,
      0.0,
      {}
    ],
    [
      30,
      null,
      1286749046,
      null,
      -0.7272301316261292,
      0.5,
      1,
      0.0,
      0.0,
      {}
    ],
    [
      31,
      null,
      1286749046,
      null,
      -0.734167754650116,
      0.5,
      1,
      0.0,
      0.0,
      {}
    ],
    [
      32,
      null,
      1286749046,
      null,
      -0.730329692363739,
      0.5,
      1,
      0.0,
      0.0,
      {}
    ]
  ],
  "configs": {
    "1": {
      "batch_size": 4196,
      "epochs": 111,
      "label_smoothing": 0.05036541613547102,
      "lr": 8.548467486500678,
      "lr_peak_epoch": 0.09544005611059647,
      "lr_tta": "True",
      "momentum": 0.5994823762031118,
      "num_workers": 8,
      "weight_decay": 0.06670424548543845
    },
    "2": {
      "batch_size": 4196,
      "epochs": 271,
      "label_smoothing": 0.12855420633435155,
      "lr": 0.6441926818932755,
      "lr_peak_epoch": 0.9535759341644442,
      "lr_tta": "True",
      "momentum": 0.2028355684281029,
      "num_workers": 8,
      "weight_decay": 0.0002292850547719133
    },
    "3": {
      "batch_size": 4196,
      "epochs": 31,
      "label_smoothing": 0.28236632010762264,
      "lr": 0.14517781807315572,
      "lr_peak_epoch": 0.6932229209911236,
      "lr_tta": "True",
      "momentum": 0.0016276453698754745,
      "num_workers": 8,
      "weight_decay": 0.05435552420588539
    },
    "4": {
      "batch_size": 4196,
      "epochs": 190,
      "label_smoothing": 0.23945560246048764,
      "lr": 0.0841247402871236,
      "lr_peak_epoch": 0.8262765124366149,
      "lr_tta": "True",
      "momentum": 0.45537919775384306,
      "num_workers": 8,
      "weight_decay": 0.00018798073108636343
    },
    "5": {
      "batch_size": 4196,
      "epochs": 183,
      "label_smoothing": 0.11699322936805295,
      "lr": 0.0762359092426003,
      "lr_peak_epoch": 0.05574718112709143,
      "lr_tta": "True",
      "momentum": 0.25468550328593575,
      "num_workers": 8,
      "weight_decay": 0.01189554967128264
    },
    "6": {
      "batch_size": 4196,
      "epochs": 35,
      "label_smoothing": 0.20685036477445862,
      "lr": 0.17268528970804287,
      "lr_peak_epoch": 0.719302164026307,
      "lr_tta": "True",
      "momentum": 0.5186482617685868,
      "num_workers": 8,
      "weight_decay": 1.3061291934295632e-05
    },
    "7": {
      "batch_size": 4196,
      "epochs": 50,
      "label_smoothing": 0.3358135134634158,
      "lr": 0.0016847240134783422,
      "lr_peak_epoch": 0.9642620831689158,
      "lr_tta": "True",
      "momentum": 0.1777337001923881,
      "num_workers": 8,
      "weight_decay": 1.691942019984419e-05
    },
    "8": {
      "batch_size": 4196,
      "epochs": 40,
      "label_smoothing": 0.2830140826481733,
      "lr": 0.0018488566479494533,
      "lr_peak_epoch": 0.9215213283470588,
      "lr_tta": "True",
      "momentum": 0.8456280949658643,
      "num_workers": 8,
      "weight_decay": 0.0005875551369124552
    },
    "9": {
      "batch_size": 4196,
      "epochs": 82,
      "label_smoothing": 0.37992005452665556,
      "lr": 0.00020629286436516447,
      "lr_peak_epoch": 0.9999899054030711,
      "lr_tta": "True",
      "momentum": 0.362614098089262,
      "num_workers": 8,
      "weight_decay": 0.00010596593487239028
    },
    "10": {
      "batch_size": 4196,
      "epochs": 82,
      "label_smoothing": 0.3798050181774663,
      "lr": 0.00020644450355932015,
      "lr_peak_epoch": 0.9999641561500779,
      "lr_tta": "True",
      "momentum": 0.3628886744123479,
      "num_workers": 8,
      "weight_decay": 0.00010584819023761254
    },
    "11": {
      "batch_size": 4196,
      "epochs": 81,
      "label_smoothing": 0.4013521303658369,
      "lr": 9.249388705453034,