{
  "stats": {
    "submitted": 32,
    "finished": 32,
    "running": 0
  },
  "data": [
    [
      1,
      null,
      819097523,
      null,
      -0.7260770797729492,
      0.5,
      1,
      0.0,
      0.0,
      {}
    ],
    [
      2,
      null,
      819097523,
      null,
      -0.7338674068450928,
      0.5,
      1,
      0.0,
      0.0,
      {}
    ],
    [
      3,
      null,
      819097523,
      null,
      -0.3504824638366699,
      0.5,
      1,
      0.0,
      0.0,
      {}
    ],
    [
      4,
      null,
      819097523,
      null,
      -0.756997287273407,
      0.5,
      1,
      0.0,
      0.0,
      {}
    ],
    [
      5,
      null,
      819097523,
      null,
      -0.019617119804024696,
      0.5,
      1,
      0.0,
      0.0,
      {}
    ],
    [
      6,
      null,
      819097523,
      null,
      -0.687734067440033,
      0.5,
      1,
      0.0,
      0.0,
      {}
    ],
    [
      7,
      null,
      819097523,
      null,
      -0.7362393736839294,
      0.5,
      1,
      0.0,
      0.0,
      {}
    ],
    [
      8,
      null,
      819097523,
      null,
      -0.09439891576766968,
      0.5,
      1,
      0.0,
      0.0,
      {}
    ],
    [
      9,
      null,
      819097523,
      null,
      -0.7309713363647461,
      0.5,
      1,
      0.0,
      0.0,
      {}
    ],
    [
      10,
      null,
      819097523,
      null,
      -0.729651927947998,
      0.5,
      1,
      0.0,
      0.0,
      {}
    ],
    [
      11,
      null,
      819097523,
      null,
      -0.7331449389457703,
      0.5,
      1,
      0.0,
      0.0,
      {}
    ],
    [
      12,
      null,
      819097523,
      null,
      -0.7364913821220398,
      0.5,
      1,
      0.0,
      0.0,
      {}
    ],
    [
      13,
      null,
      819097523,
      null,
      -0.7321009039878845,
      0.5,
      1,
      0.0,
      0.0,
      {}
    ],
    [
      14,
      null,
      819097523,
      null,
      -0.7386784553527832,
      0.5,
      1,
      0.0,
      0.0,
      {}
    ],
    [
      15,
      null,
      819097523,
      null,
      -0.7294929623603821,
      0.5,
      1,
      0.0,
      0.0,
      {}
    ],
    [
      16,
      null,
      819097523,
      null,
      -0.7278186678886414,
      0.5,
      1,
      0.0,
      0.0,
      {}
    ],
    [
      17,
      null,
      819097523,
      null,
      -0.5683062076568604,
      0.5,
      1,
      0.0,
      0.0,
      {}
    ],
    [
      18,
      null,
      819097523,
      null,
      -0.532115638256073,
      0.5,
      1,
      0.0,
      0.0,
      {}
    ],
    [
      19,
      null,
      819097523,
      null,
      -0.548150360584259,
      0.5,
      1,
      0.0,
      0.0,
      {}
    ],
    [
      20,
      null,
      819097523,
      null,
      -0.7209914326667786,
      0.5,
      1,
      0.0,
      0.0,
      {}
    ],
    [
      21,
      null,
      819097523,
      null,
      -0.5149710178375244,
      0.5,
      1,
      0.0,
      0.0,
      {}
    ],
    [
      22,
      null,
      819097523,
      null,
      -0.5638908743858337,
      0.5,
      1,
      0.0,
      0.0,
      {}
    ],
    [
      23,
      null,
      819097523,
      null,
      -0.4926740825176239,
      0.5,
      1,
      0.0,
      0.0,
      {}
    ],
    [
      24,
      null,
      819097523,
      null,
      -0.5278356671333313,
      0.5,
      1,
      0.0,
      0.0,
      {}
    ],
    [
      25,
      null,
      819097523,
      null,
      -0.6844882965087891,
      0.5,
      1,
      0.0,
      0.0,
      {}
    ],
    [
      26,
      null,
      819097523,
      null,
      -0.6720306873321533,
      0.5,
      1,
      0.0,
      0.0,
      {}
    ],
    [
      27,
      null,
      819097523,
      null,
      -0.7313685417175293,
      0.5,
      1,
      0.0,
      0.0,
      {}
    ],
    [
      28,
      null,
      819097523,
      null,
      -0.7291305661201477,
      0.5,
      1,
      0.0,
      0.0,
      {}
    ],
    [
      29,
      null,
      819097523,
      null,
      -0.7313103079795837,
      0.5,
      1,
      0.0,
      0.0,
      {}
    ],
    [
      30,
      null,
      819097523,
      null,
      -0.7391650080680847,
      0.5,
      1,
      0.0,
      0.0,
      {}
    ],
    [
      31,
      null,
      819097523,
      null,
      -0.7326979637145996,
      0.5,
      1,
      0.0,
      0.0,
      {}
    ],
    [
      32,
      null,
      819097523,
      null,
      -0.7345512509346008,
      0.5,
      1,
      0.0,
      0.0,
      {}
    ]
  ],
  "configs": {
    "1": {
      "batch_size": 4196,
      "epochs": 81,
      "label_smoothing": 0.13365211928161586,
      "lr": 0.002402168138422582,
      "lr_peak_epoch": 0.12415082676052447,
      "lr_tta": "True",
      "momentum": 0.2710160764188827,
      "num_workers": 8,
      "weight_decay": 4.092127929482333e-05
    },
    "2": {
      "batch_size": 4196,
      "epochs": 106,
      "label_smoothing": 0.09576663739177682,
      "lr": 0.004135943572129628,
      "lr_peak_epoch": 0.11828284672910694,
      "lr_tta": "True",
      "momentum": 0.2288939621650845,
      "num_workers": 8,
      "weight_decay": 0.010941251524668199
    },
    "3": {
      "batch_size": 4196,
      "epochs": 287,
      "label_smoothing": 0.3936064937146021,
      "lr": 1.317654658650963,
      "lr_peak_epoch": 0.6281555789195848,
      "lr_tta": "True",
      "momentum": 0.06068893430543498,
      "num_workers": 8,
      "weight_decay": 0.0026826097654769196
    },
    "4": {
      "batch_size": 4196,
      "epochs": 274,
      "label_smoothing": 0.03966902438072878,
      "lr": 0.01489569075684542,
      "lr_peak_epoch": 0.523386421149801,
      "lr_tta": "True",
      "momentum": 0.5422552801353884,
      "num_workers": 8,
      "weight_decay": 0.00029294078139777683
    },
    "5": {
      "batch_size": 4196,
      "epochs": 204,
      "label_smoothing": 0.40650376844473907,
      "lr": 6.613580002474554,
      "lr_peak_epoch": 0.5469106498078341,
      "lr_tta": "True",
      "momentum": 0.052783553503008895,
      "num_workers": 8,
      "weight_decay": 1.128883733627378e-06
    },
    "6": {
      "batch_size": 4196,
      "epochs": 226,
      "label_smoothing": 0.2002415620158181,
      "lr": 0.0009272921052922762,
      "lr_peak_epoch": 0.723507246667841,
      "lr_tta": "True",
      "momentum": 0.00831908328545461,
      "num_workers": 8,
      "weight_decay": 6.743880007183281e-06
    },
    "7": {
      "batch_size": 4196,
      "epochs": 240,
      "label_smoothing": 0.20860939695433134,
      "lr": 0.0031585260223668506,
      "lr_peak_epoch": 0.8510646765751169,
      "lr_tta": "True",
      "momentum": 0.7636731543187788,
      "num_workers": 8,
      "weight_decay": 0.0005397145355779714
    },
    "8": {
      "batch_size": 4196,
      "epochs": 263,
      "label_smoothing": 0.40419801987734977,
      "lr": 0.5810625766320447,
      "lr_peak_epoch": 0.9822724107296308,
      "lr_tta": "True",
      "momentum": 0.22698049086369376,
      "num_workers": 8,
      "weight_decay": 0.00547911460100841
    },
    "9": {
      "batch_size": 4196,
      "epochs": 211,
      "label_smoothing": 0.06371547642958282,
      "lr": 0.003157646194473048,
      "lr_peak_epoch": 0.41024019193110706,
      "lr_tta": "True",
      "momentum": 0.6639564000009034,
      "num_workers": 8,
      "weight_decay": 0.0004585176598379856
    },
    "10": {
      "batch_size": 4196,
      "epochs": 211,
      "label_smoothing": 0.0640590943956715,
      "lr": 0.0031497331898807336,
      "lr_peak_epoch": 0.410386631996824,
      "lr_tta": "True",
      "momentum": 0.6641110588576375,
      "num_workers": 8,
      "weight_decay": 0.00046079247693963434
    },
    "11": {
      "batch_size": 4196,
      "epochs": 211,
      "label_smoothing": 0.06421962151999124,
      "lr": 0.0031612464013580327,
      "lr_peak_epoch": 0.41018357850879245,