{
  "stats": {
    "submitted": 32,
    "finished": 32,
    "running": 0
  },
  "data": [
    [
      1,
      null,
      1666598114,
      null,
      -0.2737705707550049,
      0.5,
      1,
      0.0,
      0.0,
      {}
    ],
    [
      2,
      null,
      1666598114,
      null,
      -0.5792145133018494,
      0.5,
      1,
      0.0,
      0.0,
      {}
    ],
    [
      3,
      null,
      1666598114,
      null,
      -0.012018079869449139,
      0.5,
      1,
      0.0,
      0.0,
      {}
    ],
    [
      4,
      null,
      1666598114,
      null,
      -0.625604510307312,
      0.5,
      1,
      0.0,
      0.0,
      {}
    ],
    [
      5,
      null,
      1666598114,
      null,
      -0.01152404397726059,
      0.5,
      1,
      0.0,
      0.0,
      {}
    ],
    [
      6,
      null,
      1666598114,
      null,
      -0.013184790499508381,
      0.5,
      1,
      0.0,
      0.0,
      {}
    ],
    [
      7,
      null,
      1666598114,
      null,
      -0.5727820992469788,
      0.5,
      1,
      0.0,
      0.0,
      {}
    ],
    [
      8,
      null,
      1666598114,
      null,
      -0.01152404397726059,
      0.5,
      1,
      0.0,
      0.0,
      {}
    ],
    [
      9,
      null,
      1666598114,
      null,
      -0.5957009792327881,
      0.5,
      1,
      0.0,
      0.0,
      {}
    ],
    [
      10,
      null,
      1666598114,
      null,
      -0.6071729063987732,
      0.5,
      1,
      0.0,
      0.0,
      {}
    ],
    [
      11,
      null,
      1666598114,
      null,
      -0.6000815033912659,
      0.5,
      1,
      0.0,
      0.0,
      {}
    ],
    [
      12,
      null,
      1666598114,
      null,
      -0.5927207469940186,
      0.5,
      1,
      0.0,
      0.0,
      {}
    ],
    [
      13,
      null,
      1666598114,
      null,
      -0.5934010148048401,
      0.5,
      1,
      0.0,
      0.0,
      {}
    ],
    [
      14,
      null,
      1666598114,
      null,
      -0.5968206524848938,
      0.5,
      1,
      0.0,
      0.0,
      {}
    ],
    [
      15,
      null,
      1666598114,
      null,
      -0.6011626720428467,
      0.5,
      1,
      0.0,
      0.0,
      {}
    ],
    [
      16,
      null,
      1666598114,
      null,
      -0.01152404397726059,
      0.5,
      1,
      0.0,
      0.0,
      {}
    ],
    [
      17,
      null,
      1666598114,
      null,
      -0.5289614796638489,
      0.5,
      1,
      0.0,
      0.0,
      {}
    ],
    [
      18,
      null,
      1666598114,
      null,
      -0.5297111868858337,
      0.5,
      1,
      0.0,
      0.0,
      {}
    ],
    [
      19,
      null,
      1666598114,
      null,
      -0.5367268919944763,
      0.5,
      1,
      0.0,
      0.0,
      {}
    ],
    [
      20,
      null,
      1666598114,
      null,
      -0.5384026169776917,
      0.5,
      1,
      0.0,
      0.0,
      {}
    ],
    [
      21,
      null,
      1666598114,
      null,
      -0.5263746976852417,
      0.5,
      1,
      0.0,
      0.0,
      {}
    ],
    [
      22,
      null,
      1666598114,
      null,
      -0.5256597399711609,
      0.5,
      1,
      0.0,
      0.0,
      {}
    ],
    [
      23,
      null,
      1666598114,
      null,
      -0.5324544906616211,
      0.5,
      1,
      0.0,
      0.0,
      {}
    ],
    [
      24,
      null,
      1666598114,
      null,
      -0.5319082736968994,
      0.5,
      1,
      0.0,
      0.0,
      {}
    ],
    [
      25,
      null,
      1666598114,
      null,
      -0.27650871872901917,
      0.5,
      1,
      0.0,
      0.0,
      {}
    ],
    [
      26,
      null,
      1666598114,
      null,
      -0.24783533811569214,
      0.5,
      1,
      0.0,
      0.0,
      {}
    ],
    [
      27,
      null,
      1666598114,
      null,
      -0.2463396042585373,
      0.5,
      1,
      0.0,
      0.0,
      {}
    ],
    [
      28,
      null,
      1666598114,
      null,
      -0.27095773816108704,
      0.5,
      1,
      0.0,
      0.0,
      {}
    ],
    [
      29,
      null,
      1666598114,
      null,
      -0.27367374300956726,
      0.5,
      1,
      0.0,
      0.0,
      {}
    ],
    [
      30,
      null,
      1666598114,
      null,
      -0.27457860112190247,
      0.5,
      1,
      0.0,
      0.0,
      {}
    ],
    [
      31,
      null,
      1666598114,
      null,
      -0.2919229567050934,
      0.5,
      1,
      0.0,
      0.0,
      {}
    ],
    [
      32,
      null,
      1666598114,
      null,
      -0.2890518605709076,
      0.5,
      1,
      0.0,
      0.0,
      {}
    ]
  ],
  "configs": {
    "1": {
      "batch_size": 4196,
      "epochs": 270,
      "label_smoothing": 0.41795010110088837,
      "lr": 0.039831516834082356,
      "lr_peak_epoch": 0.280820099729591,
      "lr_tta": "True",
      "momentum": 0.9990225623412047,
      "num_workers": 8,
      "weight_decay": 0.0019577620557921656
    },
    "2": {
      "batch_size": 4196,
      "epochs": 226,
      "label_smoothing": 0.4506635081857929,
      "lr": 0.004101936920681886,
      "lr_peak_epoch": 0.5491928765539368,
      "lr_tta": "True",
      "momentum": 0.8547251016857865,
      "num_workers": 8,
      "weight_decay": 1.4144925063038073e-05
    },
    "3": {
      "batch_size": 4196,
      "epochs": 143,
      "label_smoothing": 0.2136362765721206,
      "lr": 0.6465418935742421,
      "lr_peak_epoch": 0.193841810908989,
      "lr_tta": "True",
      "momentum": 0.704825868734783,
      "num_workers": 8,
      "weight_decay": 0.007690210786006205
    },
    "4": {
      "batch_size": 4196,
      "epochs": 108,
      "label_smoothing": 0.10013059432296917,
      "lr": 0.0046489166908554045,
      "lr_peak_epoch": 0.4118370315145218,
      "lr_tta": "True",
      "momentum": 0.5217496325637447,
      "num_workers": 8,
      "weight_decay": 4.3507903068023074e-05
    },
    "5": {
      "batch_size": 4196,
      "epochs": 181,
      "label_smoothing": 0.41641465000346994,
      "lr": 0.5494480651740351,
      "lr_peak_epoch": 0.30092053518896755,
      "lr_tta": "True",
      "momentum": 0.4194049344968035,
      "num_workers": 8,
      "weight_decay": 0.023403430529330742
    },
    "6": {
      "batch_size": 4196,
      "epochs": 157,
      "label_smoothing": 0.30563401200573553,
      "lr": 0.6930600660311831,
      "lr_peak_epoch": 0.10801462306701937,
      "lr_tta": "True",
      "momentum": 0.3700355674783887,
      "num_workers": 8,
      "weight_decay": 2.8356389871989656e-06
    },
    "7": {
      "batch_size": 4196,
      "epochs": 274,
      "label_smoothing": 0.49483535733378653,
      "lr": 0.006563279063308216,
      "lr_peak_epoch": 0.6480473686956556,
      "lr_tta": "True",
      "momentum": 0.5120572192347179,
      "num_workers": 8,
      "weight_decay": 1.089619260902891e-06
    },
    "8": {
      "batch_size": 4196,
      "epochs": 38,
      "label_smoothing": 0.06865290282085795,
      "lr": 1.1487490104908957,
      "lr_peak_epoch": 0.1670987351040889,
      "lr_tta": "True",
      "momentum": 0.5973923457051088,
      "num_workers": 8,
      "weight_decay": 0.0005465104948162641
    },
    "9": {
      "batch_size": 4196,
      "epochs": 173,
      "label_smoothing": 0.23722714895077135,
      "lr": 0.003879474652706041,
      "lr_peak_epoch": 0.5585194310137772,
      "lr_tta": "True",
      "momentum": 0.3947821124991757,
      "num_workers": 8,
      "weight_decay": 3.036265957750825e-06
    },
    "10": {
      "batch_size": 4196,
      "epochs": 173,
      "label_smoothing": 0.23718263320581207,
      "lr": 0.003877633392183569,
      "lr_peak_epoch": 0.5575809402118544,
      "lr_tta": "True",
      "momentum": 0.3970852833485007,
      "num_workers": 8,
      "weight_decay": 2.9984127785841816e-06
    },
    "11": {
      "batch_size": 4196,
      "epochs": 172,
      "label_smoothing": 0.2378770556232014,
      "lr": 0.003878811135733775,