{
  "stats": {
    "submitted": 32,
    "finished": 32,
    "running": 0
  },
  "data": [
    [
      1,
      null,
      1268186605,
      null,
      -0.013289131224155426,
      0.5,
      1,
      0.0,
      0.0,
      {}
    ],
    [
      2,
      null,
      1268186605,
      null,
      -0.7255036234855652,
      0.5,
      1,
      0.0,
      0.0,
      {}
    ],
    [
      3,
      null,
      1268186605,
      null,
      -0.13268974423408508,
      0.5,
      1,
      0.0,
      0.0,
      {}
    ],
    [
      4,
      null,
      1268186605,
      null,
      -0.6790191531181335,
      0.5,
      1,
      0.0,
      0.0,
      {}
    ],
    [
      5,
      null,
      1268186605,
      null,
      -0.7330443263053894,
      0.5,
      1,
      0.0,
      0.0,
      {}
    ],
    [
      6,
      null,
      1268186605,
      null,
      -0.012549265287816525,
      0.5,
      1,
      0.0,
      0.0,
      {}
    ],
    [
      7,
      null,
      1268186605,
      null,
      -0.7008196711540222,
      0.5,
      1,
      0.0,
      0.0,
      {}
    ],
    [
      8,
      null,
      1268186605,
      null,
      -0.610582709312439,
      0.5,
      1,
      0.0,
      0.0,
      {}
    ],
    [
      9,
      null,
      1268186605,
      null,
      -0.7419021725654602,
      0.5,
      1,
      0.0,
      0.0,
      {}
    ],
    [
      10,
      null,
      1268186605,
      null,
      -0.7192861437797546,
      0.5,
      1,
      0.0,
      0.0,
      {}
    ],
    [
      11,
      null,
      1268186605,
      null,
      -0.7466686367988586,
      0.5,
      1,
      0.0,
      0.0,
      {}
    ],
    [
      12,
      null,
      1268186605,
      null,
      -0.7458915710449219,
      0.5,
      1,
      0.0,
      0.0,
      {}
    ],
    [
      13,
      null,
      1268186605,
      null,
      -0.6530119776725769,
      0.5,
      1,
      0.0,
      0.0,
      {}
    ],
    [
      14,
      null,
      1268186605,
      null,
      -0.6327493786811829,
      0.5,
      1,
      0.0,
      0.0,
      {}
    ],
    [
      15,
      null,
      1268186605,
      null,
      -0.7117317318916321,
      0.5,
      1,
      0.0,
      0.0,
      {}
    ],
    [
      16,
      null,
      1268186605,
      null,
      -0.7440085411071777,
      0.5,
      1,
      0.0,
      0.0,
      {}
    ],
    [
      17,
      null,
      1268186605,
      null,
      -0.7396318316459656,
      0.5,
      1,
      0.0,
      0.0,
      {}
    ],
    [
      18,
      null,
      1268186605,
      null,
      -0.5937671661376953,
      0.5,
      1,
      0.0,
      0.0,
      {}
    ],
    [
      19,
      null,
      1268186605,
      null,
      -0.6977995038032532,
      0.5,
      1,
      0.0,
      0.0,
      {}
    ],
    [
      20,
      null,
      1268186605,
      null,
      -0.656144917011261,
      0.5,
      1,
      0.0,
      0.0,
      {}
    ],
    [
      21,
      null,
      1268186605,
      null,
      -0.7465370297431946,
      0.5,
      1,
      0.0,
      0.0,
      {}
    ],
    [
      22,
      null,
      1268186605,
      null,
      -0.01784827746450901,
      0.5,
      1,
      0.0,
      0.0,
      {}
    ],
    [
      23,
      null,
      1268186605,
      null,
      -0.7358571887016296,
      0.5,
      1,
      0.0,
      0.0,
      {}
    ],
    [
      24,
      null,
      1268186605,
      null,
      -0.7340112328529358,
      0.5,
      1,
      0.0,
      0.0,
      {}
    ],
    [
      25,
      null,
      1268186605,
      null,
      -0.6868118643760681,
      0.5,
      1,
      0.0,
      0.0,
      {}
    ],
    [
      26,
      null,
      1268186605,
      null,
      -0.6801425814628601,
      0.5,
      1,
      0.0,
      0.0,
      {}
    ],
    [
      27,
      null,
      1268186605,
      null,
      -0.6873368620872498,
      0.5,
      1,
      0.0,
      0.0,
      {}
    ],
    [
      28,
      null,
      1268186605,
      null,
      -0.6869707107543945,
      0.5,
      1,
      0.0,
      0.0,
      {}
    ],
    [
      29,
      null,
      1268186605,
      null,
      -0.6796236038208008,
      0.5,
      1,
      0.0,
      0.0,
      {}
    ],
    [
      30,
      null,
      1268186605,
      null,
      -0.6752529740333557,
      0.5,
      1,
      0.0,
      0.0,
      {}
    ],
    [
      31,
      null,
      1268186605,
      null,
      -0.6824561953544617,
      0.5,
      1,
      0.0,
      0.0,
      {}
    ],
    [
      32,
      null,
      1268186605,
      null,
      -0.7308200001716614,
      0.5,
      1,
      0.0,
      0.0,
      {}
    ]
  ],
  "configs": {
    "1": {
      "batch_size": 4196,
      "epochs": 110,
      "label_smoothing": 0.16807867906180218,
      "lr": 0.7713045737115942,
      "lr_peak_epoch": 0.888922117474616,
      "lr_tta": "True",
      "momentum": 0.4331905834957315,
      "num_workers": 8,
      "weight_decay": 0.09819521168799934
    },
    "2": {
      "batch_size": 4196,
      "epochs": 155,
      "label_smoothing": 0.42988325688536266,
      "lr": 0.0018619467359340255,
      "lr_peak_epoch": 0.9060205556888971,
      "lr_tta": "True",
      "momentum": 0.8349762818961509,
      "num_workers": 8,
      "weight_decay": 6.305136261076199e-05
    },
    "3": {
      "batch_size": 4196,
      "epochs": 294,
      "label_smoothing": 0.1137971763781902,
      "lr": 0.20078077420011062,
      "lr_peak_epoch": 0.4217673468258635,
      "lr_tta": "True",
      "momentum": 0.532524753904269,
      "num_workers": 8,
      "weight_decay": 0.008069008424934753
    },
    "4": {
      "batch_size": 4196,
      "epochs": 85,
      "label_smoothing": 0.2529020769365657,
      "lr": 0.10441888300067588,
      "lr_peak_epoch": 0.6252536476277275,
      "lr_tta": "True",
      "momentum": 0.9835453863044916,
      "num_workers": 8,
      "weight_decay": 6.5775377485968265e-06
    },
    "5": {
      "batch_size": 4196,
      "epochs": 105,
      "label_smoothing": 0.24176570993095692,
      "lr": 0.0031172375975209864,
      "lr_peak_epoch": 0.045823895135159276,
      "lr_tta": "True",
      "momentum": 0.2502637283677409,
      "num_workers": 8,
      "weight_decay": 0.00035039749562003293
    },
    "6": {
      "batch_size": 4196,
      "epochs": 58,
      "label_smoothing": 0.01870705019271557,
      "lr": 5.085760914437687,
      "lr_peak_epoch": 0.5794672617765686,
      "lr_tta": "True",
      "momentum": 0.6255188129877784,
      "num_workers": 8,
      "weight_decay": 2.1793555010580046e-05
    },
    "7": {
      "batch_size": 4196,
      "epochs": 54,
      "label_smoothing": 0.3502686030526787,
      "lr": 0.0009875329151778662,
      "lr_peak_epoch": 0.7350040130935152,
      "lr_tta": "True",
      "momentum": 0.2528444705940124,
      "num_workers": 8,
      "weight_decay": 3.530586622845995e-05
    },
    "8": {
      "batch_size": 4196,
      "epochs": 70,
      "label_smoothing": 0.44804127433095264,
      "lr": 0.00013159950768760922,
      "lr_peak_epoch": 0.7565767693675994,
      "lr_tta": "True",
      "momentum": 0.1582448330814289,
      "num_workers": 8,
      "weight_decay": 0.0012739817890476117
    },
    "9": {
      "batch_size": 4196,
      "epochs": 86,
      "label_smoothing": 0.3834234266695463,
      "lr": 0.006341882432822117,
      "lr_peak_epoch": 0.6989530911656961,
      "lr_tta": "True",
      "momentum": 0.9999077819171696,
      "num_workers": 8,
      "weight_decay": 2.717643489953013e-06
    },
    "10": {
      "batch_size": 4196,
      "epochs": 86,
      "label_smoothing": 0.383465339326509,
      "lr": 0.006317847696834755,
      "lr_peak_epoch": 0.6980442556251147,
      "lr_tta": "True",
      "momentum": 0.9998247901830232,
      "num_workers": 8,
      "weight_decay": 2.7357448010425377e-06
    },
    "11": {
      "batch_size": 4196,
      "epochs": 86,
      "label_smoothing": 0.3857507119026482,
      "lr": 0.006402112838715637,