{
  "stats": {
    "submitted": 32,
    "finished": 32,
    "running": 0
  },
  "data": [
    [
      1,
      null,
      1778149228,
      null,
      -0.6228339672088623,
      0.5,
      1,
      0.0,
      0.0,
      {}
    ],
    [
      2,
      null,
      1778149228,
      null,
      -0.7208151817321777,
      0.5,
      1,
      0.0,
      0.0,
      {}
    ],
    [
      3,
      null,
      1778149228,
      null,
      -0.6746075749397278,
      0.5,
      1,
      0.0,
      0.0,
      {}
    ],
    [
      4,
      null,
      1778149228,
      null,
      -0.01425605546683073,
      0.5,
      1,
      0.0,
      0.0,
      {}
    ],
    [
      5,
      null,
      1778149228,
      null,
      -0.0991554781794548,
      0.5,
      1,
      0.0,
      0.0,
      {}
    ],
    [
      6,
      null,
      1778149228,
      null,
      -0.01152404397726059,
      0.5,
      1,
      0.0,
      0.0,
      {}
    ],
    [
      7,
      null,
      1778149228,
      null,
      -0.7484374642372131,
      0.5,
      1,
      0.0,
      0.0,
      {}
    ],
    [
      8,
      null,
      1778149228,
      null,
      -0.47193726897239685,
      0.5,
      1,
      0.0,
      0.0,
      {}
    ],
    [
      9,
      null,
      1778149228,
      null,
      -0.6987504959106445,
      0.5,
      1,
      0.0,
      0.0,
      {}
    ],
    [
      10,
      null,
      1778149228,
      null,
      -0.6988820433616638,
      0.5,
      1,
      0.0,
      0.0,
      {}
    ],
    [
      11,
      null,
      1778149228,
      null,
      -0.6943525671958923,
      0.5,
      1,
      0.0,
      0.0,
      {}
    ],
    [
      12,
      null,
      1778149228,
      null,
      -0.7058629393577576,
      0.5,
      1,
      0.0,
      0.0,
      {}
    ],
    [
      13,
      null,
      1778149228,
      null,
      -0.7047569155693054,
      0.5,
      1,
      0.0,
      0.0,
      {}
    ],
    [
      14,
      null,
      1778149228,
      null,
      -0.7062503695487976,
      0.5,
      1,
      0.0,
      0.0,
      {}
    ],
    [
      15,
      null,
      1778149228,
      null,
      -0.7039723992347717,
      0.5,
      1,
      0.0,
      0.0,
      {}
    ],
    [
      16,
      null,
      1778149228,
      null,
      -0.7050201296806335,
      0.5,
      1,
      0.0,
      0.0,
      {}
    ],
    [
      17,
      null,
      1778149228,
      null,
      -0.7393836379051208,
      0.5,
      1,
      0.0,
      0.0,
      {}
    ],
    [
      18,
      null,
      1778149228,
      null,
      -0.7025213241577148,
      0.5,
      1,
      0.0,
      0.0,
      {}
    ],
    [
      19,
      null,
      1778149228,
      null,
      -0.6044582724571228,
      0.5,
      1,
      0.0,
      0.0,
      {}
    ],
    [
      20,
      null,
      1778149228,
      null,
      -0.7382118105888367,
      0.5,
      1,
      0.0,
      0.0,
      {}
    ],
    [
      21,
      null,
      1778149228,
      null,
      -0.5515452027320862,
      0.5,
      1,
      0.0,
      0.0,
      {}
    ],
    [
      22,
      null,
      1778149228,
      null,
      -0.7286055088043213,
      0.5,
      1,
      0.0,
      0.0,
      {}
    ],
    [
      23,
      null,
      1778149228,
      null,
      -0.7291268706321716,
      0.5,
      1,
      0.0,
      0.0,
      {}
    ],
    [
      24,
      null,
      1778149228,
      null,
      -0.7246806025505066,
      0.5,
      1,
      0.0,
      0.0,
      {}
    ],
    [
      25,
      null,
      1778149228,
      null,
      -0.4260139763355255,
      0.5,
      1,
      0.0,
      0.0,
      {}
    ],
    [
      26,
      null,
      1778149228,
      null,
      -0.7042281031608582,
      0.5,
      1,
      0.0,
      0.0,
      {}
    ],
    [
      27,
      null,
      1778149228,
      null,
      -0.704902172088623,
      0.5,
      1,
      0.0,
      0.0,
      {}
    ],
    [
      28,
      null,
      1778149228,
      null,
      -0.7090716361999512,
      0.5,
      1,
      0.0,
      0.0,
      {}
    ],
    [
      29,
      null,
      1778149228,
      null,
      -0.7058591842651367,
      0.5,
      1,
      0.0,
      0.0,
      {}
    ],
    [
      30,
      null,
      1778149228,
      null,
      -0.7044429183006287,
      0.5,
      1,
      0.0,
      0.0,
      {}
    ],
    [
      31,
      null,
      1778149228,
      null,
      -0.7032127380371094,
      0.5,
      1,
      0.0,
      0.0,
      {}
    ],
    [
      32,
      null,
      1778149228,
      null,
      -0.7037861943244934,
      0.5,
      1,
      0.0,
      0.0,
      {}
    ]
  ],
  "configs": {
    "1": {
      "batch_size": 4196,
      "epochs": 142,
      "label_smoothing": 0.4618773384716846,
      "lr": 0.0001938919087520702,
      "lr_peak_epoch": 0.7777234870775888,
      "lr_tta": "True",
      "momentum": 0.5467400710960082,
      "num_workers": 8,
      "weight_decay": 3.646896992670413e-05
    },
    "2": {
      "batch_size": 4196,
      "epochs": 263,
      "label_smoothing": 0.17378231088445578,
      "lr": 0.006707302364492827,
      "lr_peak_epoch": 0.5017614971916422,
      "lr_tta": "True",
      "momentum": 0.35637931139693635,
      "num_workers": 8,
      "weight_decay": 1.197163233963198e-05
    },
    "3": {
      "batch_size": 4196,
      "epochs": 64,
      "label_smoothing": 0.34903858739640714,
      "lr": 0.0004296970807909796,
      "lr_peak_epoch": 0.5822457159398644,
      "lr_tta": "True",
      "momentum": 0.13264566647651743,
      "num_workers": 8,
      "weight_decay": 0.0007697632204971072
    },
    "4": {
      "batch_size": 4196,
      "epochs": 152,
      "label_smoothing": 0.16422897379874118,
      "lr": 6.604870704318356,
      "lr_peak_epoch": 0.3330428297413691,
      "lr_tta": "True",
      "momentum": 0.6269278377457869,
      "num_workers": 8,
      "weight_decay": 4.6118465946165255e-06
    },
    "5": {
      "batch_size": 4196,
      "epochs": 236,
      "label_smoothing": 0.15705738084241772,
      "lr": 0.28822377770375224,
      "lr_peak_epoch": 0.6691439424641473,
      "lr_tta": "True",
      "momentum": 0.05740965222387373,
      "num_workers": 8,
      "weight_decay": 0.006667150567785016
    },
    "6": {
      "batch_size": 4196,
      "epochs": 175,
      "label_smoothing": 0.1595102936500009,
      "lr": 2.7580582684644432,
      "lr_peak_epoch": 0.8953389132680123,
      "lr_tta": "True",
      "momentum": 0.4797079628425128,
      "num_workers": 8,
      "weight_decay": 0.07497704334934664
    },
    "7": {
      "batch_size": 4196,
      "epochs": 202,
      "label_smoothing": 0.31475924700208524,
      "lr": 0.0010635334772250455,
      "lr_peak_epoch": 0.49375647650306675,
      "lr_tta": "True",
      "momentum": 0.7958261073051953,
      "num_workers": 8,
      "weight_decay": 0.004154478146788435
    },
    "8": {
      "batch_size": 4196,
      "epochs": 193,
      "label_smoothing": 0.12405186676960017,
      "lr": 0.010199749393799595,
      "lr_peak_epoch": 0.899936596095021,
      "lr_tta": "True",
      "momentum": 0.07822480690889311,
      "num_workers": 8,
      "weight_decay": 0.023088395242288035
    },
    "9": {
      "batch_size": 4196,
      "epochs": 240,
      "label_smoothing": 0.20254107750729103,
      "lr": 0.0012997757668729692,
      "lr_peak_epoch": 0.27352854737609317,
      "lr_tta": "True",
      "momentum": 0.5074928474628877,
      "num_workers": 8,
      "weight_decay": 2.159147905458371e-05
    },
    "10": {
      "batch_size": 4196,
      "epochs": 240,
      "label_smoothing": 0.20245791419477144,
      "lr": 0.0012982474863590522,
      "lr_peak_epoch": 0.2735164773237334,
      "lr_tta": "True",
      "momentum": 0.5068491536449049,
      "num_workers": 8,
      "weight_decay": 2.1526834825684578e-05
    },
    "11": {
      "batch_size": 4196,
      "epochs": 240,
      "label_smoothing": 0.20256067934840785,
      "lr": 0.001300239159506528,