{
  "stats": {
    "submitted": 32,
    "finished": 32,
    "running": 0
  },
  "data": [
    [
      1,
      null,
      1147103026,
      null,
      -0.7207643985748291,
      0.5,
      1,
      0.0,
      0.0,
      {}
    ],
    [
      2,
      null,
      1147103026,
      null,
      -0.5773637890815735,
      0.5,
      1,
      0.0,
      0.0,
      {}
    ],
    [
      3,
      null,
      1147103026,
      null,
      -0.6251217126846313,
      0.5,
      1,
      0.0,
      0.0,
      {}
    ],
    [
      4,
      null,
      1147103026,
      null,
      -0.6616549491882324,
      0.5,
      1,
      0.0,
      0.0,
      {}
    ],
    [
      5,
      null,
      1147103026,
      null,
      -0.01152404397726059,
      0.5,
      1,
      0.0,
      0.0,
      {}
    ],
    [
      6,
      null,
      1147103026,
      null,
      -0.7204391360282898,
      0.5,
      1,
      0.0,
      0.0,
      {}
    ],
    [
      7,
      null,
      1147103026,
      null,
      -0.6148043274879456,
      0.5,
      1,
      0.0,
      0.0,
      {}
    ],
    [
      8,
      null,
      1147103026,
      null,
      -0.7487924098968506,
      0.5,
      1,
      0.0,
      0.0,
      {}
    ],
    [
      9,
      null,
      1147103026,
      null,
      -0.7236788272857666,
      0.5,
      1,
      0.0,
      0.0,
      {}
    ],
    [
      10,
      null,
      1147103026,
      null,
      -0.7203075289726257,
      0.5,
      1,
      0.0,
      0.0,
      {}
    ],
    [
      11,
      null,
      1147103026,
      null,
      -0.7218629717826843,
      0.5,
      1,
      0.0,
      0.0,
      {}
    ],
    [
      12,
      null,
      1147103026,
      null,
      -0.7274003028869629,
      0.5,
      1,
      0.0,
      0.0,
      {}
    ],
    [
      13,
      null,
      1147103026,
      null,
      -0.03058744966983795,
      0.5,
      1,
      0.0,
      0.0,
      {}
    ],
    [
      14,
      null,
      1147103026,
      null,
      -0.7250678539276123,
      0.5,
      1,
      0.0,
      0.0,
      {}
    ],
    [
      15,
      null,
      1147103026,
      null,
      -0.7252168655395508,
      0.5,
      1,
      0.0,
      0.0,
      {}
    ],
    [
      16,
      null,
      1147103026,
      null,
      -0.7228336334228516,
      0.5,
      1,
      0.0,
      0.0,
      {}
    ],
    [
      17,
      null,
      1147103026,
      null,
      -0.7304500937461853,
      0.5,
      1,
      0.0,
      0.0,
      {}
    ],
    [
      18,
      null,
      1147103026,
      null,
      -0.728905975818634,
      0.5,
      1,
      0.0,
      0.0,
      {}
    ],
    [
      19,
      null,
      1147103026,
      null,
      -0.7255732417106628,
      0.5,
      1,
      0.0,
      0.0,
      {}
    ],
    [
      20,
      null,
      1147103026,
      null,
      -0.7303123474121094,
      0.5,
      1,
      0.0,
      0.0,
      {}
    ],
    [
      21,
      null,
      1147103026,
      null,
      -0.039098870009183884,
      0.5,
      1,
      0.0,
      0.0,
      {}
    ],
    [
      22,
      null,
      1147103026,
      null,
      -0.7202567458152771,
      0.5,
      1,
      0.0,
      0.0,
      {}
    ],
    [
      23,
      null,
      1147103026,
      null,
      -0.09509649127721786,
      0.5,
      1,
      0.0,
      0.0,
      {}
    ],
    [
      24,
      null,
      1147103026,
      null,
      -0.728709876537323,
      0.5,
      1,
      0.0,
      0.0,
      {}
    ],
    [
      25,
      null,
      1147103026,
      null,
      -0.7113792300224304,
      0.5,
      1,
      0.0,
      0.0,
      {}
    ],
    [
      26,
      null,
      1147103026,
      null,
      -0.7062837481498718,
      0.5,
      1,
      0.0,
      0.0,
      {}
    ],
    [
      27,
      null,
      1147103026,
      null,
      -0.7074306607246399,
      0.5,
      1,
      0.0,
      0.0,
      {}
    ],
    [
      28,
      null,
      1147103026,
      null,
      -0.7083604335784912,
      0.5,
      1,
      0.0,
      0.0,
      {}
    ],
    [
      29,
      null,
      1147103026,
      null,
      -0.7063842415809631,
      0.5,
      1,
      0.0,
      0.0,
      {}
    ],
    [
      30,
      null,
      1147103026,
      null,
      -0.7063185572624207,
      0.5,
      1,
      0.0,
      0.0,
      {}
    ],
    [
      31,
      null,
      1147103026,
      null,
      -0.7072370052337646,
      0.5,
      1,
      0.0,
      0.0,
      {}
    ],
    [
      32,
      null,
      1147103026,
      null,
      -0.7027708888053894,
      0.5,
      1,
      0.0,
      0.0,
      {}
    ]
  ],
  "configs": {
    "1": {
      "batch_size": 4196,
      "epochs": 102,
      "label_smoothing": 0.39877570611700003,
      "lr": 0.059696114787684176,
      "lr_peak_epoch": 0.06920683707796316,
      "lr_tta": "True",
      "momentum": 0.05702870503530544,
      "num_workers": 8,
      "weight_decay": 0.00011900699332537004
    },
    "2": {
      "batch_size": 4196,
      "epochs": 275,
      "label_smoothing": 0.10759333944953048,
      "lr": 0.36993488260076673,
      "lr_peak_epoch": 0.34343362490692475,
      "lr_tta": "True",
      "momentum": 0.3237242561582492,
      "num_workers": 8,
      "weight_decay": 0.0003029612967404005
    },
    "3": {
      "batch_size": 4196,
      "epochs": 173,
      "label_smoothing": 0.4703163740734572,
      "lr": 0.12755424293616296,
      "lr_peak_epoch": 0.7093791879404006,
      "lr_tta": "True",
      "momentum": 0.7446435566781381,
      "num_workers": 8,
      "weight_decay": 0.0002476134598495665
    },
    "4": {
      "batch_size": 4196,
      "epochs": 284,
      "label_smoothing": 0.12496903777230733,
      "lr": 0.00041221447276675965,
      "lr_peak_epoch": 0.0374416005414544,
      "lr_tta": "True",
      "momentum": 0.871341707304559,
      "num_workers": 8,
      "weight_decay": 0.0001618152831412487
    },
    "5": {
      "batch_size": 4196,
      "epochs": 31,
      "label_smoothing": 0.02837257905704138,
      "lr": 6.913637212636977,
      "lr_peak_epoch": 0.45877252034384375,
      "lr_tta": "True",
      "momentum": 0.7458691152259442,
      "num_workers": 8,
      "weight_decay": 0.013827188596820328
    },
    "6": {
      "batch_size": 4196,
      "epochs": 216,
      "label_smoothing": 0.03766697477043168,
      "lr": 0.0023606786457438045,
      "lr_peak_epoch": 0.1416952946450003,
      "lr_tta": "True",
      "momentum": 0.6393063682485893,
      "num_workers": 8,
      "weight_decay": 0.0002421289470241403
    },
    "7": {
      "batch_size": 4196,
      "epochs": 244,
      "label_smoothing": 0.010042765273889032,
      "lr": 0.13131350592314264,
      "lr_peak_epoch": 0.934454698249223,
      "lr_tta": "True",
      "momentum": 0.5466604203255901,
      "num_workers": 8,
      "weight_decay": 1.0568323307809174e-05
    },
    "8": {
      "batch_size": 4196,
      "epochs": 251,
      "label_smoothing": 0.31318317613360674,
      "lr": 0.010384539361665683,
      "lr_peak_epoch": 0.006723036544077576,
      "lr_tta": "True",
      "momentum": 0.413859156624663,
      "num_workers": 8,
      "weight_decay": 0.0004825444104543578
    },
    "9": {
      "batch_size": 4196,
      "epochs": 222,
      "label_smoothing": 0.37578428299754013,
      "lr": 0.0035513488137775637,
      "lr_peak_epoch": 0.19083234150519165,
      "lr_tta": "True",
      "momentum": 4.7194673497932957e-05,
      "num_workers": 8,
      "weight_decay": 7.157624142969849e-05
    },
    "10": {
      "batch_size": 4196,
      "epochs": 222,
      "label_smoothing": 0.37527849134500146,
      "lr": 0.003525855821168854,
      "lr_peak_epoch": 0.1933091645285226,
      "lr_tta": "True",
      "momentum": 3.84418419252721e-05,
      "num_workers": 8,
      "weight_decay": 7.207328480415144e-05
    },
    "11": {
      "batch_size": 4196,
      "epochs": 223,
      "label_smoothing": 0.3755696689703009,