{
  "stats": {
    "submitted": 32,
    "finished": 32,
    "running": 0
  },
  "data": [
    [
      1,
      null,
      1426714536,
      null,
      -0.7393587231636047,
      0.5,
      1,
      0.0,
      0.0,
      {}
    ],
    [
      2,
      null,
      1426714536,
      null,
      -0.655302107334137,
      0.5,
      1,
      0.0,
      0.0,
      {}
    ],
    [
      3,
      null,
      1426714536,
      null,
      -0.42841461300849915,
      0.5,
      1,
      0.0,
      0.0,
      {}
    ],
    [
      4,
      null,
      1426714536,
      null,
      -0.018404362723231316,
      0.5,
      1,
      0.0,
      0.0,
      {}
    ],
    [
      5,
      null,
      1426714536,
      null,
      -0.6875342726707458,
      0.5,
      1,
      0.0,
      0.0,
      {}
    ],
    [
      6,
      null,
      1426714536,
      null,
      -0.7491933703422546,
      0.5,
      1,
      0.0,
      0.0,
      {}
    ],
    [
      7,
      null,
      1426714536,
      null,
      -0.6965632438659668,
      0.5,
      1,
      0.0,
      0.0,
      {}
    ],
    [
      8,
      null,
      1426714536,
      null,
      -0.02090556174516678,
      0.5,
      1,
      0.0,
      0.0,
      {}
    ],
    [
      9,
      null,
      1426714536,
      null,
      -0.6467385292053223,
      0.5,
      1,
      0.0,
      0.0,
      {}
    ],
    [
      10,
      null,
      1426714536,
      null,
      -0.6670048236846924,
      0.5,
      1,
      0.0,
      0.0,
      {}
    ],
    [
      11,
      null,
      1426714536,
      null,
      -0.6437855362892151,
      0.5,
      1,
      0.0,
      0.0,
      {}
    ],
    [
      12,
      null,
      1426714536,
      null,
      -0.6478059887886047,
      0.5,
      1,
      0.0,
      0.0,
      {}
    ],
    [
      13,
      null,
      1426714536,
      null,
      -0.6385076642036438,
      0.5,
      1,
      0.0,
      0.0,
      {}
    ],
    [
      14,
      null,
      1426714536,
      null,
      -0.6460099220275879,
      0.5,
      1,
      0.0,
      0.0,
      {}
    ],
    [
      15,
      null,
      1426714536,
      null,
      -0.6379403471946716,
      0.5,
      1,
      0.0,
      0.0,
      {}
    ],
    [
      16,
      null,
      1426714536,
      null,
      -0.6517371535301208,
      0.5,
      1,
      0.0,
      0.0,
      {}
    ],
    [
      17,
      null,
      1426714536,
      null,
      -0.6786355972290039,
      0.5,
      1,
      0.0,
      0.0,
      {}
    ],
    [
      18,
      null,
      1426714536,
      null,
      -0.6877477169036865,
      0.5,
      1,
      0.0,
      0.0,
      {}
    ],
    [
      19,
      null,
      1426714536,
      null,
      -0.6717204451560974,
      0.5,
      1,
      0.0,
      0.0,
      {}
    ],
    [
      20,
      null,
      1426714536,
      null,
      -0.692242443561554,
      0.5,
      1,
      0.0,
      0.0,
      {}
    ],
    [
      21,
      null,
      1426714536,
      null,
      -0.680020809173584,
      0.5,
      1,
      0.0,
      0.0,
      {}
    ],
    [
      22,
      null,
      1426714536,
      null,
      -0.6917521953582764,
      0.5,
      1,
      0.0,
      0.0,
      {}
    ],
    [
      23,
      null,
      1426714536,
      null,
      -0.6990682482719421,
      0.5,
      1,
      0.0,
      0.0,
      {}
    ],
    [
      24,
      null,
      1426714536,
      null,
      -0.663892924785614,
      0.5,
      1,
      0.0,
      0.0,
      {}
    ],
    [
      25,
      null,
      1426714536,
      null,
      -0.2931691110134125,
      0.5,
      1,
      0.0,
      0.0,
      {}
    ],
    [
      26,
      null,
      1426714536,
      null,
      -0.2020409107208252,
      0.5,
      1,
      0.0,
      0.0,
      {}
    ],
    [
      27,
      null,
      1426714536,
      null,
      -0.25390762090682983,
      0.5,
      1,
      0.0,
      0.0,
      {}
    ],
    [
      28,
      null,
      1426714536,
      null,
      -0.26654621958732605,
      0.5,
      1,
      0.0,
      0.0,
      {}
    ],
    [
      29,
      null,
      1426714536,
      null,
      -0.16270747780799866,
      0.5,
      1,
      0.0,
      0.0,
      {}
    ],
    [
      30,
      null,
      1426714536,
      null,
      -0.256905198097229,
      0.5,
      1,
      0.0,
      0.0,
      {}
    ],
    [
      31,
      null,
      1426714536,
      null,
      -0.21047663688659668,
      0.5,
      1,
      0.0,
      0.0,
      {}
    ],
    [
      32,
      null,
      1426714536,
      null,
      -0.24522604048252106,
      0.5,
      1,
      0.0,
      0.0,
      {}
    ]
  ],
  "configs": {
    "1": {
      "batch_size": 4196,
      "epochs": 120,
      "label_smoothing": 0.14898874964299796,
      "lr": 0.01613067029511731,
      "lr_peak_epoch": 0.636921405561639,
      "lr_tta": "True",
      "momentum": 0.2671692165999754,
      "num_workers": 8,
      "weight_decay": 1.9474356810621837e-05
    },
    "2": {
      "batch_size": 4196,
      "epochs": 47,
      "label_smoothing": 0.08083433476314461,
      "lr": 0.00037844911382907984,
      "lr_peak_epoch": 0.6708480982811128,
      "lr_tta": "True",
      "momentum": 0.09299005216286427,
      "num_workers": 8,
      "weight_decay": 1.9633347004346444e-06
    },
    "3": {
      "batch_size": 4196,
      "epochs": 165,
      "label_smoothing": 0.19046358665347912,
      "lr": 0.31241145407900583,
      "lr_peak_epoch": 0.8022071249657827,
      "lr_tta": "True",
      "momentum": 0.17216331704161814,
      "num_workers": 8,
      "weight_decay": 8.172917909498281e-05
    },
    "4": {
      "batch_size": 4196,
      "epochs": 234,
      "label_smoothing": 0.0810327142505432,
      "lr": 5.480770752870537,
      "lr_peak_epoch": 0.20090042687590537,
      "lr_tta": "True",
      "momentum": 0.27549972884243756,
      "num_workers": 8,
      "weight_decay": 8.723711893103738e-06
    },
    "5": {
      "batch_size": 4196,
      "epochs": 124,
      "label_smoothing": 0.4695710252635957,
      "lr": 0.0003833878727823288,
      "lr_peak_epoch": 0.16559998099476603,
      "lr_tta": "True",
      "momentum": 0.7257356671794791,
      "num_workers": 8,
      "weight_decay": 0.00557812187441004
    },
    "6": {
      "batch_size": 4196,
      "epochs": 300,
      "label_smoothing": 0.1617977133485471,
      "lr": 0.014840088520604717,
      "lr_peak_epoch": 0.6145273675497503,
      "lr_tta": "True",
      "momentum": 0.05430436581638187,
      "num_workers": 8,
      "weight_decay": 6.803286524929122e-05
    },
    "7": {
      "batch_size": 4196,
      "epochs": 151,
      "label_smoothing": 0.09838239007698102,
      "lr": 0.0006986341728733176,
      "lr_peak_epoch": 0.6154826191886974,
      "lr_tta": "True",
      "momentum": 0.5796125686112418,
      "num_workers": 8,
      "weight_decay": 0.0006258729523654535
    },
    "8": {
      "batch_size": 4196,
      "epochs": 270,
      "label_smoothing": 0.13337941174062146,
      "lr": 0.3036963782590733,
      "lr_peak_epoch": 0.11541713301526368,
      "lr_tta": "True",
      "momentum": 0.42810886148257443,
      "num_workers": 8,
      "weight_decay": 0.029566760540327714
    },
    "9": {
      "batch_size": 4196,
      "epochs": 181,
      "label_smoothing": 0.17645275559260726,
      "lr": 0.00026349693923875296,
      "lr_peak_epoch": 0.5758163743771364,
      "lr_tta": "True",
      "momentum": 0.06580640397858166,
      "num_workers": 8,
      "weight_decay": 2.4850479883813964e-06
    },
    "10": {
      "batch_size": 4196,
      "epochs": 150,
      "label_smoothing": 0.3338963246380337,
      "lr": 0.212140625874362,
      "lr_peak_epoch": 0.49687481629422137,
      "lr_tta": "True",
      "momentum": 0.7006434718965494,
      "num_workers": 8,
      "weight_decay": 1.9634727988867836e-05
    },
    "11": {
      "batch_size": 4196,
      "epochs": 181,
      "label_smoothing": 0.17689123166573278,