{
  "stats": {
    "submitted": 32,
    "finished": 32,
    "running": 0
  },
  "data": [
    [
      1,
      null,
      510983088,
      null,
      -0.7339107394218445,
      0.5,
      1,
      0.0,
      0.0,
      {}
    ],
    [
      2,
      null,
      510983088,
      null,
      -0.6083198189735413,
      0.5,
      1,
      0.0,
      0.0,
      {}
    ],
    [
      3,
      null,
      510983088,
      null,
      -0.03574121743440628,
      0.5,
      1,
      0.0,
      0.0,
      {}
    ],
    [
      4,
      null,
      510983088,
      null,
      -0.6748087406158447,
      0.5,
      1,
      0.0,
      0.0,
      {}
    ],
    [
      5,
      null,
      510983088,
      null,
      -0.019479384645819664,
      0.5,
      1,
      0.0,
      0.0,
      {}
    ],
    [
      6,
      null,
      510983088,
      null,
      -0.7189410328865051,
      0.5,
      1,
      0.0,
      0.0,
      {}
    ],
    [
      7,
      null,
      510983088,
      null,
      -0.5434793829917908,
      0.5,
      1,
      0.0,
      0.0,
      {}
    ],
    [
      8,
      null,
      510983088,
      null,
      -0.6288691163063049,
      0.5,
      1,
      0.0,
      0.0,
      {}
    ],
    [
      9,
      null,
      510983088,
      null,
      -0.693120002746582,
      0.5,
      1,
      0.0,
      0.0,
      {}
    ],
    [
      10,
      null,
      510983088,
      null,
      -0.689008891582489,
      0.5,
      1,
      0.0,
      0.0,
      {}
    ],
    [
      11,
      null,
      510983088,
      null,
      -0.6796955466270447,
      0.5,
      1,
      0.0,
      0.0,
      {}
    ],
    [
      12,
      null,
      510983088,
      null,
      -0.684325635433197,
      0.5,
      1,
      0.0,
      0.0,
      {}
    ],
    [
      13,
      null,
      510983088,
      null,
      -0.6963672637939453,
      0.5,
      1,
      0.0,
      0.0,
      {}
    ],
    [
      14,
      null,
      510983088,
      null,
      -0.6825008392333984,
      0.5,
      1,
      0.0,
      0.0,
      {}
    ],
    [
      15,
      null,
      510983088,
      null,
      -0.6902315020561218,
      0.5,
      1,
      0.0,
      0.0,
      {}
    ],
    [
      16,
      null,
      510983088,
      null,
      -0.6917112469673157,
      0.5,
      1,
      0.0,
      0.0,
      {}
    ],
    [
      17,
      null,
      510983088,
      null,
      -0.6948540806770325,
      0.5,
      1,
      0.0,
      0.0,
      {}
    ],
    [
      18,
      null,
      510983088,
      null,
      -0.6922659277915955,
      0.5,
      1,
      0.0,
      0.0,
      {}
    ],
    [
      19,
      null,
      510983088,
      null,
      -0.6946740746498108,
      0.5,
      1,
      0.0,
      0.0,
      {}
    ],
    [
      20,
      null,
      510983088,
      null,
      -0.6889567375183105,
      0.5,
      1,
      0.0,
      0.0,
      {}
    ],
    [
      21,
      null,
      510983088,
      null,
      -0.6886253356933594,
      0.5,
      1,
      0.0,
      0.0,
      {}
    ],
    [
      22,
      null,
      510983088,
      null,
      -0.6942110657691956,
      0.5,
      1,
      0.0,
      0.0,
      {}
    ],
    [
      23,
      null,
      510983088,
      null,
      -0.6900975108146667,
      0.5,
      1,
      0.0,
      0.0,
      {}
    ],
    [
      24,
      null,
      510983088,
      null,
      -0.6879239678382874,
      0.5,
      1,
      0.0,
      0.0,
      {}
    ],
    [
      25,
      null,
      510983088,
      null,
      -0.6771397590637207,
      0.5,
      1,
      0.0,
      0.0,
      {}
    ],
    [
      26,
      null,
      510983088,
      null,
      -0.020584041252732277,
      0.5,
      1,
      0.0,
      0.0,
      {}
    ],
    [
      27,
      null,
      510983088,
      null,
      -0.674065113067627,
      0.5,
      1,
      0.0,
      0.0,
      {}
    ],
    [
      28,
      null,
      510983088,
      null,
      -0.6715056300163269,
      0.5,
      1,
      0.0,
      0.0,
      {}
    ],
    [
      29,
      null,
      510983088,
      null,
      -0.6714473366737366,
      0.5,
      1,
      0.0,
      0.0,
      {}
    ],
    [
      30,
      null,
      510983088,
      null,
      -0.6737473607063293,
      0.5,
      1,
      0.0,
      0.0,
      {}
    ],
    [
      31,
      null,
      510983088,
      null,
      -0.6758587956428528,
      0.5,
      1,
      0.0,
      0.0,
      {}
    ],
    [
      32,
      null,
      510983088,
      null,
      -0.02083600126206875,
      0.5,
      1,
      0.0,
      0.0,
      {}
    ]
  ],
  "configs": {
    "1": {
      "batch_size": 4196,
      "epochs": 197,
      "label_smoothing": 0.024762761076511375,
      "lr": 0.00524299074464003,
      "lr_peak_epoch": 0.11394958565993496,
      "lr_tta": "True",
      "momentum": 0.7418398885204976,
      "num_workers": 8,
      "weight_decay": 7.038918103349482e-06
    },
    "2": {
      "batch_size": 4196,
      "epochs": 225,
      "label_smoothing": 0.049369838727889526,
      "lr": 0.0001237333515630137,
      "lr_peak_epoch": 0.8626337627266616,
      "lr_tta": "True",
      "momentum": 0.4061750366338358,
      "num_workers": 8,
      "weight_decay": 2.960258540740182e-06
    },
    "3": {
      "batch_size": 4196,
      "epochs": 297,
      "label_smoothing": 0.20744159725305183,
      "lr": 0.2534617473836034,
      "lr_peak_epoch": 0.5018513754891853,
      "lr_tta": "True",
      "momentum": 0.7621124798658131,
      "num_workers": 8,
      "weight_decay": 0.021787969927021734
    },
    "4": {
      "batch_size": 4196,
      "epochs": 154,
      "label_smoothing": 0.20312198570118967,
      "lr": 0.00038283154137906634,
      "lr_peak_epoch": 0.19986935589030452,
      "lr_tta": "True",
      "momentum": 0.1263008231306938,
      "num_workers": 8,
      "weight_decay": 0.0005589748279123008
    },
    "5": {
      "batch_size": 4196,
      "epochs": 193,
      "label_smoothing": 0.21530668286910581,
      "lr": 6.900486905499001,
      "lr_peak_epoch": 0.5552935377575283,
      "lr_tta": "True",
      "momentum": 0.9678116410494361,
      "num_workers": 8,
      "weight_decay": 9.704273436582573e-06
    },
    "6": {
      "batch_size": 4196,
      "epochs": 113,
      "label_smoothing": 0.44117761436223535,
      "lr": 0.09226686576244224,
      "lr_peak_epoch": 0.6092376945515269,
      "lr_tta": "True",
      "momentum": 0.13365614031182815,
      "num_workers": 8,
      "weight_decay": 4.218871943282062e-05
    },
    "7": {
      "batch_size": 4196,
      "epochs": 68,
      "label_smoothing": 0.3571232125445765,
      "lr": 0.02065255429009178,
      "lr_peak_epoch": 0.7970316719629407,
      "lr_tta": "True",
      "momentum": 0.3339932573352341,
      "num_workers": 8,
      "weight_decay": 3.3211869879088165e-05
    },
    "8": {
      "batch_size": 4196,
      "epochs": 266,
      "label_smoothing": 0.12210668247302431,
      "lr": 0.00020639420909340295,
      "lr_peak_epoch": 0.4558360083453058,
      "lr_tta": "True",
      "momentum": 0.42238567598722687,
      "num_workers": 8,
      "weight_decay": 1.8614440879538282e-06
    },
    "9": {
      "batch_size": 4196,
      "epochs": 89,
      "label_smoothing": 0.00018522382595579436,
      "lr": 0.000798211030067269,
      "lr_peak_epoch": 2.6115176716787203e-05,
      "lr_tta": "True",
      "momentum": 0.5821182732730246,
      "num_workers": 8,
      "weight_decay": 2.9099661745696733e-06
    },
    "10": {
      "batch_size": 4196,
      "epochs": 89,
      "label_smoothing": 0.00016365661727330236,
      "lr": 0.0007891858005339331,
      "lr_peak_epoch": 4.006448246062086e-05,
      "lr_tta": "True",
      "momentum": 0.5823186344125125,
      "num_workers": 8,
      "weight_decay": 2.969539781935395e-06
    },
    "11": {
      "batch_size": 4196,
      "epochs": 90,
      "label_smoothing": 8.420558276595177e-05,
      "lr": 0.0007693620520231736,