{
  "stats": {
    "submitted": 30,
    "finished": 30,
    "running": 0
  },
  "data": [
    [
      1,
      null,
      339432759,
      null,
      -0.3200092315673828,
      0.5,
      1,
      0.0,
      0.0,
      {}
    ],
    [
      2,
      null,
      339432759,
      null,
      -0.14049984514713287,
      0.5,
      1,
      0.0,
      0.0,
      {}
    ],
    [
      3,
      null,
      339432759,
      null,
      -0.47401162981987,
      0.5,
      1,
      0.0,
      0.0,
      {}
    ],
    [
      4,
      null,
      339432759,
      null,
      -0.011741221882402897,
      0.5,
      1,
      0.0,
      0.0,
      {}
    ],
    [
      5,
      null,
      339432759,
      null,
      -0.014763724990189075,
      0.5,
      1,
      0.0,
      0.0,
      {}
    ],
    [
      6,
      null,
      339432759,
      null,
      -0.01152404397726059,
      0.5,
      1,
      0.0,
      0.0,
      {}
    ],
    [
      7,
      null,
      339432759,
      null,
      -0.01152404397726059,
      0.5,
      1,
      0.0,
      0.0,
      {}
    ],
    [
      8,
      null,
      339432759,
      null,
      -0.46162357926368713,
      0.5,
      1,
      0.0,
      0.0,
      {}
    ],
    [
      9,
      null,
      339432759,
      null,
      -0.4817112386226654,
      0.5,
      1,
      0.0,
      0.0,
      {}
    ],
    [
      10,
      null,
      339432759,
      null,
      -0.483662486076355,
      0.5,
      1,
      0.0,
      0.0,
      {}
    ],
    [
      11,
      null,
      339432759,
      null,
      -0.47956493496894836,
      0.5,
      1,
      0.0,
      0.0,
      {}
    ],
    [
      12,
      null,
      339432759,
      null,
      -0.47819092869758606,
      0.5,
      1,
      0.0,
      0.0,
      {}
    ],
    [
      13,
      null,
      339432759,
      null,
      -0.48129525780677795,
      0.5,
      1,
      0.0,
      0.0,
      {}
    ],
    [
      14,
      null,
      339432759,
      null,
      -0.47651755809783936,
      0.5,
      1,
      0.0,
      0.0,
      {}
    ],
    [
      15,
      null,
      339432759,
      null,
      -0.4831312894821167,
      0.5,
      1,
      0.0,
      0.0,
      {}
    ],
    [
      16,
      null,
      339432759,
      null,
      -0.4712918698787689,
      0.5,
      1,
      0.0,
      0.0,
      {}
    ],
    [
      17,
      null,
      339432759,
      null,
      -0.4682110548019409,
      0.5,
      1,
      0.0,
      0.0,
      {}
    ],
    [
      18,
      null,
      339432759,
      null,
      -0.4626713693141937,
      0.5,
      1,
      0.0,
      0.0,
      {}
    ],
    [
      19,
      null,
      339432759,
      null,
      -0.46909990906715393,
      0.5,
      1,
      0.0,
      0.0,
      {}
    ],
    [
      20,
      null,
      339432759,
      null,
      -0.4649887979030609,
      0.5,
      1,
      0.0,
      0.0,
      {}
    ],
    [
      21,
      null,
      339432759,
      null,
      -0.46922168135643005,
      0.5,
      1,
      0.0,
      0.0,
      {}
    ],
    [
      22,
      null,
      339432759,
      null,
      -0.4587463438510895,
      0.5,
      1,
      0.0,
      0.0,
      {}
    ],
    [
      23,
      null,
      339432759,
      null,
      -0.461282342672348,
      0.5,
      1,
      0.0,
      0.0,
      {}
    ],
    [
      24,
      null,
      339432759,
      null,
      -0.47261133790016174,
      0.5,
      1,
      0.0,
      0.0,
      {}
    ],
    [
      25,
      null,
      339432759,
      null,
      -0.4373890459537506,
      0.5,
      1,
      0.0,
      0.0,
      {}
    ],
    [
      26,
      null,
      339432759,
      null,
      -0.4394892752170563,
      0.5,
      1,
      0.0,
      0.0,
      {}
    ],
    [
      27,
      null,
      339432759,
      null,
      -0.44558271765708923,
      0.5,
      1,
      0.0,
      0.0,
      {}
    ],
    [
      28,
      null,
      339432759,
      null,
      -0.43869486451148987,
      0.5,
      1,
      0.0,
      0.0,
      {}
    ],
    [
      29,
      null,
      339432759,
      null,
      -0.437751442193985,
      0.5,
      1,
      0.0,
      0.0,
      {}
    ],
    [
      30,
      null,
      339432759,
      null,
      -0.4387531578540802,
      0.5,
      1,
      0.0,
      0.0,
      {}
    ]
  ],
  "configs": {
    "1": {
      "batch_size": 4196,
      "epochs": 186,
      "label_smoothing": 0.183177160908998,
      "lr": 0.010453812674855682,
      "lr_peak_epoch": 0.3895795527969058,
      "lr_tta": "True",
      "momentum": 0.5716774184324404,
      "num_workers": 8,
      "weight_decay": 0.003598314801428219
    },
    "2": {
      "batch_size": 4196,
      "epochs": 100,
      "label_smoothing": 0.41726206600943644,
      "lr": 0.013589681773009645,
      "lr_peak_epoch": 0.2514582163026813,
      "lr_tta": "True",
      "momentum": 0.8908386924688334,
      "num_workers": 8,
      "weight_decay": 0.005447059861304637
    },
    "3": {
      "batch_size": 4196,
      "epochs": 220,
      "label_smoothing": 0.20425545429022263,
      "lr": 0.0003703899943234254,
      "lr_peak_epoch": 0.28608386782784956,
      "lr_tta": "True",
      "momentum": 0.9483008028109456,
      "num_workers": 8,
      "weight_decay": 0.00011463733187513758
    },
    "4": {
      "batch_size": 4196,
      "epochs": 115,
      "label_smoothing": 0.48369127431155146,
      "lr": 0.3594409591373749,
      "lr_peak_epoch": 0.3813349225040076,
      "lr_tta": "True",
      "momentum": 0.6999540887593121,
      "num_workers": 8,
      "weight_decay": 0.0002777514256570558
    },
    "5": {
      "batch_size": 4196,
      "epochs": 259,
      "label_smoothing": 0.2196073256311169,
      "lr": 0.005635913405443291,
      "lr_peak_epoch": 0.915762607466833,
      "lr_tta": "True",
      "momentum": 0.7736347957992656,
      "num_workers": 8,
      "weight_decay": 0.05540555275722964
    },
    "6": {
      "batch_size": 4196,
      "epochs": 293,
      "label_smoothing": 0.39328111582125563,
      "lr": 1.3106445547680907,
      "lr_peak_epoch": 0.13615649808514418,
      "lr_tta": "True",
      "momentum": 0.3549331830988669,
      "num_workers": 8,
      "weight_decay": 1.262863794010102e-05
    },
    "7": {
      "batch_size": 4196,
      "epochs": 127,
      "label_smoothing": 0.1826273951070928,
      "lr": 0.29057986459625734,
      "lr_peak_epoch": 0.5406736950139287,
      "lr_tta": "True",
      "momentum": 0.29961388002132094,
      "num_workers": 8,
      "weight_decay": 0.0345808271326016
    },
    "8": {
      "batch_size": 4196,
      "epochs": 149,
      "label_smoothing": 0.011887985489251574,
      "lr": 0.0005550495565928295,
      "lr_peak_epoch": 0.3733232388069243,
      "lr_tta": "True",
      "momentum": 0.05647352529864902,
      "num_workers": 8,
      "weight_decay": 2.638616862316802e-05
    },
    "9": {
      "batch_size": 4196,
      "epochs": 218,
      "label_smoothing": 0.06752969873702867,
      "lr": 0.000492454118474975,
      "lr_peak_epoch": 0.3214808770782569,
      "lr_tta": "True",
      "momentum": 0.5639574334775069,
      "num_workers": 8,
      "weight_decay": 0.00011533864286429217
    },
    "10": {
      "batch_size": 4196,
      "epochs": 218,
      "label_smoothing": 0.06772535238820218,
      "lr": 0.000491275282043908,
      "lr_peak_epoch": 0.3216324987178721,
      "lr_tta": "True",
      "momentum": 0.5636290320310847,
      "num_workers": 8,
      "weight_decay": 0.00011403876826699075
    },
    "11": {
      "batch_size": 4196,
      "epochs": 218,
      "label_smoothing": 0.06765188142638083,
      "lr": 0.000494729822741124,
      "lr_peak_epoch": 0.3216737102084235,
      "lr_tta": "True",
      "momentum": 0.5636296169878783,
      "num_workers": 8,
      "weight_decay": 0.00011459303385908466
    },
    "12": {
      "batch_size": 4196,
      "epochs": 218,
      "label_smoothing": 0.06785208783436816,