{
  "stats": {
    "submitted": 32,
    "finished": 32,
    "running": 0
  },
  "data": [
    [
      1,
      null,
      424079676,
      null,
      -0.5512584447860718,
      0.5,
      1,
      0.0,
      0.0,
      {}
    ],
    [
      2,
      null,
      424079676,
      null,
      -0.4890855848789215,
      0.5,
      1,
      0.0,
      0.0,
      {}
    ],
    [
      3,
      null,
      424079676,
      null,
      -0.010756907053291798,
      0.5,
      1,
      0.0,
      0.0,
      {}
    ],
    [
      4,
      null,
      424079676,
      null,
      -0.28638800978660583,
      0.5,
      1,
      0.0,
      0.0,
      {}
    ],
    [
      5,
      null,
      424079676,
      null,
      -0.014763724990189075,
      0.5,
      1,
      0.0,
      0.0,
      {}
    ],
    [
      6,
      null,
      424079676,
      null,
      -0.015157174319028854,
      0.5,
      1,
      0.0,
      0.0,
      {}
    ],
    [
      7,
      null,
      424079676,
      null,
      -0.04535117745399475,
      0.5,
      1,
      0.0,
      0.0,
      {}
    ],
    [
      8,
      null,
      424079676,
      null,
      -0.011803273111581802,
      0.5,
      1,
      0.0,
      0.0,
      {}
    ],
    [
      9,
      null,
      424079676,
      null,
      -0.5508127808570862,
      0.5,
      1,
      0.0,
      0.0,
      {}
    ],
    [
      10,
      null,
      424079676,
      null,
      -0.016034776344895363,
      0.5,
      1,
      0.0,
      0.0,
      {}
    ],
    [
      11,
      null,
      424079676,
      null,
      -0.4207671582698822,
      0.5,
      1,
      0.0,
      0.0,
      {}
    ],
    [
      12,
      null,
      424079676,
      null,
      -0.5510003566741943,
      0.5,
      1,
      0.0,
      0.0,
      {}
    ],
    [
      13,
      null,
      424079676,
      null,
      -0.5523297190666199,
      0.5,
      1,
      0.0,
      0.0,
      {}
    ],
    [
      14,
      null,
      424079676,
      null,
      -0.5378837585449219,
      0.5,
      1,
      0.0,
      0.0,
      {}
    ],
    [
      15,
      null,
      424079676,
      null,
      -0.5512757897377014,
      0.5,
      1,
      0.0,
      0.0,
      {}
    ],
    [
      16,
      null,
      424079676,
      null,
      -0.5464708805084229,
      0.5,
      1,
      0.0,
      0.0,
      {}
    ],
    [
      17,
      null,
      424079676,
      null,
      -0.017040235921740532,
      0.5,
      1,
      0.0,
      0.0,
      {}
    ],
    [
      18,
      null,
      424079676,
      null,
      -0.015986362472176552,
      0.5,
      1,
      0.0,
      0.0,
      {}
    ],
    [
      19,
      null,
      424079676,
      null,
      -0.01152404397726059,
      0.5,
      1,
      0.0,
      0.0,
      {}
    ],
    [
      20,
      null,
      424079676,
      null,
      -0.011776003055274487,
      0.5,
      1,
      0.0,
      0.0,
      {}
    ],
    [
      21,
      null,
      424079676,
      null,
      -0.015451421029865742,
      0.5,
      1,
      0.0,
      0.0,
      {}
    ],
    [
      22,
      null,
      424079676,
      null,
      -0.017340609803795815,
      0.5,
      1,
      0.0,
      0.0,
      {}
    ],
    [
      23,
      null,
      424079676,
      null,
      -0.01152404397726059,
      0.5,
      1,
      0.0,
      0.0,
      {}
    ],
    [
      24,
      null,
      424079676,
      null,
      -0.010373339988291264,
      0.5,
      1,
      0.0,
      0.0,
      {}
    ],
    [
      25,
      null,
      424079676,
      null,
      -0.5620365142822266,
      0.5,
      1,
      0.0,
      0.0,
      {}
    ],
    [
      26,
      null,
      424079676,
      null,
      -0.563977837562561,
      0.5,
      1,
      0.0,
      0.0,
      {}
    ],
    [
      27,
      null,
      424079676,
      null,
      -0.5665547251701355,
      0.5,
      1,
      0.0,
      0.0,
      {}
    ],
    [
      28,
      null,
      424079676,
      null,
      -0.5688970685005188,
      0.5,
      1,
      0.0,
      0.0,
      {}
    ],
    [
      29,
      null,
      424079676,
      null,
      -0.5681397914886475,
      0.5,
      1,
      0.0,
      0.0,
      {}
    ],
    [
      30,
      null,
      424079676,
      null,
      -0.5682775378227234,
      0.5,
      1,
      0.0,
      0.0,
      {}
    ],
    [
      31,
      null,
      424079676,
      null,
      -0.5638226866722107,
      0.5,
      1,
      0.0,
      0.0,
      {}
    ],
    [
      32,
      null,
      424079676,
      null,
      -0.5644159317016602,
      0.5,
      1,
      0.0,
      0.0,
      {}
    ]
  ],
  "configs": {
    "1": {
      "batch_size": 4196,
      "epochs": 56,
      "label_smoothing": 0.23796963110208663,
      "lr": 0.0016103705217613389,
      "lr_peak_epoch": 0.2000173956743544,
      "lr_tta": "True",
      "momentum": 0.1827219972737747,
      "num_workers": 8,
      "weight_decay": 0.0014130142967554913
    },
    "2": {
      "batch_size": 4196,
      "epochs": 47,
      "label_smoothing": 0.34864245913772957,
      "lr": 0.0014157908759395072,
      "lr_peak_epoch": 0.35796933504066775,
      "lr_tta": "True",
      "momentum": 0.6148729025201042,
      "num_workers": 8,
      "weight_decay": 3.937479245383713e-05
    },
    "3": {
      "batch_size": 4196,
      "epochs": 44,
      "label_smoothing": 0.02025952884282317,
      "lr": 0.6134751998913276,
      "lr_peak_epoch": 0.40989325868706616,
      "lr_tta": "True",
      "momentum": 0.8377726168834291,
      "num_workers": 8,
      "weight_decay": 4.617324358120957e-06
    },
    "4": {
      "batch_size": 4196,
      "epochs": 264,
      "label_smoothing": 0.4964138721165293,
      "lr": 0.042309032124327836,
      "lr_peak_epoch": 0.2938009056337719,
      "lr_tta": "True",
      "momentum": 0.7763075793496174,
      "num_workers": 8,
      "weight_decay": 3.5754238932556076e-05
    },
    "5": {
      "batch_size": 4196,
      "epochs": 267,
      "label_smoothing": 0.44701390919072376,
      "lr": 8.089884409723723,
      "lr_peak_epoch": 0.2806715183833153,
      "lr_tta": "True",
      "momentum": 0.02390902962561592,
      "num_workers": 8,
      "weight_decay": 3.365683887065339e-06
    },
    "6": {
      "batch_size": 4196,
      "epochs": 264,
      "label_smoothing": 0.31665025901749544,
      "lr": 3.972452557801549,
      "lr_peak_epoch": 0.5432979044838343,
      "lr_tta": "True",
      "momentum": 0.0130068896395652,
      "num_workers": 8,
      "weight_decay": 0.0017074957570275937
    },
    "7": {
      "batch_size": 4196,
      "epochs": 84,
      "label_smoothing": 0.08942930573898777,
      "lr": 0.06950225469875265,
      "lr_peak_epoch": 0.7908209381690317,
      "lr_tta": "True",
      "momentum": 0.30581582687732445,
      "num_workers": 8,
      "weight_decay": 1.9158132539212944e-05
    },
    "8": {
      "batch_size": 4196,
      "epochs": 107,
      "label_smoothing": 0.3633386615850019,
      "lr": 0.4380726858879708,
      "lr_peak_epoch": 0.31438207851670896,
      "lr_tta": "True",
      "momentum": 0.5099763705693782,
      "num_workers": 8,
      "weight_decay": 2.737307062741871e-06
    },
    "9": {
      "batch_size": 4196,
      "epochs": 125,
      "label_smoothing": 0.35600382260907476,
      "lr": 0.0011860033632577407,
      "lr_peak_epoch": 0.018281301219194055,
      "lr_tta": "True",
      "momentum": 0.2695511545956448,
      "num_workers": 8,
      "weight_decay": 0.0037470075299207623
    },
    "10": {
      "batch_size": 4196,
      "epochs": 284,
      "label_smoothing": 0.43922762074242355,
      "lr": 0.27650104438587747,
      "lr_peak_epoch": 0.17471202688348453,
      "lr_tta": "True",
      "momentum": 0.10105735630742341,
      "num_workers": 8,
      "weight_decay": 6.825288761289175e-06
    },
    "11": {
      "batch_size": 4196,
      "epochs": 132,
      "label_smoothing": 0.36048416303290365,
      "lr": 0.00024023747049093055,