{
  "stats": {
    "submitted": 32,
    "finished": 32,
    "running": 0
  },
  "data": [
    [
      1,
      null,
      306679169,
      null,
      -0.43513980507850647,
      0.5,
      1,
      0.0,
      0.0,
      {}
    ],
    [
      2,
      null,
      306679169,
      null,
      -0.08933822065591812,
      0.5,
      1,
      0.0,
      0.0,
      {}
    ],
    [
      3,
      null,
      306679169,
      null,
      -0.5064572691917419,
      0.5,
      1,
      0.0,
      0.0,
      {}
    ],
    [
      4,
      null,
      306679169,
      null,
      -0.5986143946647644,
      0.5,
      1,
      0.0,
      0.0,
      {}
    ],
    [
      5,
      null,
      306679169,
      null,
      -0.01152404397726059,
      0.5,
      1,
      0.0,
      0.0,
      {}
    ],
    [
      6,
      null,
      306679169,
      null,
      -0.01152404397726059,
      0.5,
      1,
      0.0,
      0.0,
      {}
    ],
    [
      7,
      null,
      306679169,
      null,
      -0.01152404397726059,
      0.5,
      1,
      0.0,
      0.0,
      {}
    ],
    [
      8,
      null,
      306679169,
      null,
      -0.019617119804024696,
      0.5,
      1,
      0.0,
      0.0,
      {}
    ],
    [
      9,
      null,
      306679169,
      null,
      -0.5303006768226624,
      0.5,
      1,
      0.0,
      0.0,
      {}
    ],
    [
      10,
      null,
      306679169,
      null,
      -0.6048243641853333,
      0.5,
      1,
      0.0,
      0.0,
      {}
    ],
    [
      11,
      null,
      306679169,
      null,
      -0.6031138896942139,
      0.5,
      1,
      0.0,
      0.0,
      {}
    ],
    [
      12,
      null,
      306679169,
      null,
      -0.622168779373169,
      0.5,
      1,
      0.0,
      0.0,
      {}
    ],
    [
      13,
      null,
      306679169,
      null,
      -0.6108558177947998,
      0.5,
      1,
      0.0,
      0.0,
      {}
    ],
    [
      14,
      null,
      306679169,
      null,
      -0.6106969118118286,
      0.5,
      1,
      0.0,
      0.0,
      {}
    ],
    [
      15,
      null,
      306679169,
      null,
      -0.6092049479484558,
      0.5,
      1,
      0.0,
      0.0,
      {}
    ],
    [
      16,
      null,
      306679169,
      null,
      -0.5640497803688049,
      0.5,
      1,
      0.0,
      0.0,
      {}
    ],
    [
      17,
      null,
      306679169,
      null,
      -0.5998952984809875,
      0.5,
      1,
      0.0,
      0.0,
      {}
    ],
    [
      18,
      null,
      306679169,
      null,
      -0.500139057636261,
      0.5,
      1,
      0.0,
      0.0,
      {}
    ],
    [
      19,
      null,
      306679169,
      null,
      -0.49743810296058655,
      0.5,
      1,
      0.0,
      0.0,
      {}
    ],
    [
      20,
      null,
      306679169,
      null,
      -0.594022810459137,
      0.5,
      1,
      0.0,
      0.0,
      {}
    ],
    [
      21,
      null,
      306679169,
      null,
      -0.5050521492958069,
      0.5,
      1,
      0.0,
      0.0,
      {}
    ],
    [
      22,
      null,
      306679169,
      null,
      -0.5260184407234192,
      0.5,
      1,
      0.0,
      0.0,
      {}
    ],
    [
      23,
      null,
      306679169,
      null,
      -0.5897194743156433,
      0.5,
      1,
      0.0,
      0.0,
      {}
    ],
    [
      24,
      null,
      306679169,
      null,
      -0.6297927498817444,
      0.5,
      1,
      0.0,
      0.0,
      {}
    ],
    [
      25,
      null,
      306679169,
      null,
      -0.03763416036963463,
      0.5,
      1,
      0.0,
      0.0,
      {}
    ],
    [
      26,
      null,
      306679169,
      null,
      -0.2756597697734833,
      0.5,
      1,
      0.0,
      0.0,
      {}
    ],
    [
      27,
      null,
      306679169,
      null,
      -0.017323218286037445,
      0.5,
      1,
      0.0,
      0.0,
      {}
    ],
    [
      28,
      null,
      306679169,
      null,
      -0.28981146216392517,
      0.5,
      1,
      0.0,
      0.0,
      {}
    ],
    [
      29,
      null,
      306679169,
      null,
      -0.0219035092741251,
      0.5,
      1,
      0.0,
      0.0,
      {}
    ],
    [
      30,
      null,
      306679169,
      null,
      -0.020698264241218567,
      0.5,
      1,
      0.0,
      0.0,
      {}
    ],
    [
      31,
      null,
      306679169,
      null,
      -0.25986942648887634,
      0.5,
      1,
      0.0,
      0.0,
      {}
    ],
    [
      32,
      null,
      306679169,
      null,
      -0.01422127615660429,
      0.5,
      1,
      0.0,
      0.0,
      {}
    ]
  ],
  "configs": {
    "1": {
      "batch_size": 4196,
      "epochs": 184,
      "label_smoothing": 0.29348906967950766,
      "lr": 0.00023162424064106704,
      "lr_peak_epoch": 0.21853099111232,
      "lr_tta": "True",
      "momentum": 0.6379226904807256,
      "num_workers": 8,
      "weight_decay": 0.000760891393651777
    },
    "2": {
      "batch_size": 4196,
      "epochs": 97,
      "label_smoothing": 0.08067611682374493,
      "lr": 0.07578013146533166,
      "lr_peak_epoch": 0.12796607324568965,
      "lr_tta": "True",
      "momentum": 0.8565997963334333,
      "num_workers": 8,
      "weight_decay": 3.339044610852013e-06
    },
    "3": {
      "batch_size": 4196,
      "epochs": 259,
      "label_smoothing": 0.11454190233480727,
      "lr": 0.01340934466522597,
      "lr_peak_epoch": 0.37610466580411894,
      "lr_tta": "True",
      "momentum": 0.502676393872718,
      "num_workers": 8,
      "weight_decay": 0.00042735826807517455
    },
    "4": {
      "batch_size": 4196,
      "epochs": 238,
      "label_smoothing": 0.32090932514675435,
      "lr": 0.0027336913679066816,
      "lr_peak_epoch": 0.5906376152433199,
      "lr_tta": "True",
      "momentum": 0.3713295160557739,
      "num_workers": 8,
      "weight_decay": 0.003738311176494746
    },
    "5": {
      "batch_size": 4196,
      "epochs": 57,
      "label_smoothing": 0.057875287348272075,
      "lr": 0.13178436190055182,
      "lr_peak_epoch": 0.07356992362698311,
      "lr_tta": "True",
      "momentum": 0.9323796647397864,
      "num_workers": 8,
      "weight_decay": 3.979859081240642e-05
    },
    "6": {
      "batch_size": 4196,
      "epochs": 263,
      "label_smoothing": 0.23422481109687887,
      "lr": 0.07456310734088376,
      "lr_peak_epoch": 0.2092129326429053,
      "lr_tta": "True",
      "momentum": 0.16011515381458896,
      "num_workers": 8,
      "weight_decay": 0.05650228904040295
    },
    "7": {
      "batch_size": 4196,
      "epochs": 67,
      "label_smoothing": 0.4934868632143944,
      "lr": 6.285297809835322,
      "lr_peak_epoch": 0.8793540052368132,
      "lr_tta": "True",
      "momentum": 0.8161005540234868,
      "num_workers": 8,
      "weight_decay": 0.0018380965309450499
    },
    "8": {
      "batch_size": 4196,
      "epochs": 247,
      "label_smoothing": 0.4202361354758136,
      "lr": 0.10986516607173194,
      "lr_peak_epoch": 0.2333134843582957,
      "lr_tta": "True",
      "momentum": 0.06516712785706813,
      "num_workers": 8,
      "weight_decay": 0.005810527475905451
    },
    "9": {
      "batch_size": 4196,
      "epochs": 262,
      "label_smoothing": 0.13284785541451136,
      "lr": 0.0033998291884250135,
      "lr_peak_epoch": 0.449420121263544,
      "lr_tta": "True",
      "momentum": 0.568360205013998,
      "num_workers": 8,
      "weight_decay": 0.0001459628788460626
    },
    "10": {
      "batch_size": 4196,
      "epochs": 262,
      "label_smoothing": 0.13310547591856653,
      "lr": 0.0033987466939187846,
      "lr_peak_epoch": 0.44793651617452485,
      "lr_tta": "True",
      "momentum": 0.5700319734473652,
      "num_workers": 8,
      "weight_decay": 0.00014764993317992761
    },
    "11": {
      "batch_size": 4196,
      "epochs": 262,
      "label_smoothing": 0.13292557899890564,
      "lr": 0.0034041124509143006,