{
  "stats": {
    "submitted": 32,
    "finished": 32,
    "running": 0
  },
  "data": [
    [
      1,
      null,
      443443235,
      null,
      -0.3693225681781769,
      0.5,
      1,
      0.0,
      0.0,
      {}
    ],
    [
      2,
      null,
      443443235,
      null,
      -0.26902011036872864,
      0.5,
      1,
      0.0,
      0.0,
      {}
    ],
    [
      3,
      null,
      443443235,
      null,
      -0.45159053802490234,
      0.5,
      1,
      0.0,
      0.0,
      {}
    ],
    [
      4,
      null,
      443443235,
      null,
      -0.5711759328842163,
      0.5,
      1,
      0.0,
      0.0,
      {}
    ],
    [
      5,
      null,
      443443235,
      null,
      -0.5598493218421936,
      0.5,
      1,
      0.0,
      0.0,
      {}
    ],
    [
      6,
      null,
      443443235,
      null,
      -0.012884418480098248,
      0.5,
      1,
      0.0,
      0.0,
      {}
    ],
    [
      7,
      null,
      443443235,
      null,
      -0.5136802196502686,
      0.5,
      1,
      0.0,
      0.0,
      {}
    ],
    [
      8,
      null,
      443443235,
      null,
      -0.01152404397726059,
      0.5,
      1,
      0.0,
      0.0,
      {}
    ],
    [
      9,
      null,
      443443235,
      null,
      -0.4896627962589264,
      0.5,
      1,
      0.0,
      0.0,
      {}
    ],
    [
      10,
      null,
      443443235,
      null,
      -0.5370658040046692,
      0.5,
      1,
      0.0,
      0.0,
      {}
    ],
    [
      11,
      null,
      443443235,
      null,
      -0.48280227184295654,
      0.5,
      1,
      0.0,
      0.0,
      {}
    ],
    [
      12,
      null,
      443443235,
      null,
      -0.5462437868118286,
      0.5,
      1,
      0.0,
      0.0,
      {}
    ],
    [
      13,
      null,
      443443235,
      null,
      -0.5367094874382019,
      0.5,
      1,
      0.0,
      0.0,
      {}
    ],
    [
      14,
      null,
      443443235,
      null,
      -0.5416597723960876,
      0.5,
      1,
      0.0,
      0.0,
      {}
    ],
    [
      15,
      null,
      443443235,
      null,
      -0.48319947719573975,
      0.5,
      1,
      0.0,
      0.0,
      {}
    ],
    [
      16,
      null,
      443443235,
      null,
      -0.5080051422119141,
      0.5,
      1,
      0.0,
      0.0,
      {}
    ],
    [
      17,
      null,
      443443235,
      null,
      -0.290592223405838,
      0.5,
      1,
      0.0,
      0.0,
      {}
    ],
    [
      18,
      null,
      443443235,
      null,
      -0.2951315939426422,
      0.5,
      1,
      0.0,
      0.0,
      {}
    ],
    [
      19,
      null,
      443443235,
      null,
      -0.261954665184021,
      0.5,
      1,
      0.0,
      0.0,
      {}
    ],
    [
      20,
      null,
      443443235,
      null,
      -0.34628573060035706,
      0.5,
      1,
      0.0,
      0.0,
      {}
    ],
    [
      21,
      null,
      443443235,
      null,
      -0.2872096598148346,
      0.5,
      1,
      0.0,
      0.0,
      {}
    ],
    [
      22,
      null,
      443443235,
      null,
      -0.015112512744963169,
      0.5,
      1,
      0.0,
      0.0,
      {}
    ],
    [
      23,
      null,
      443443235,
      null,
      -0.3176185190677643,
      0.5,
      1,
      0.0,
      0.0,
      {}
    ],
    [
      24,
      null,
      443443235,
      null,
      -0.23222501575946808,
      0.5,
      1,
      0.0,
      0.0,
      {}
    ],
    [
      25,
      null,
      443443235,
      null,
      -0.021202178671956062,
      0.5,
      1,
      0.0,
      0.0,
      {}
    ],
    [
      26,
      null,
      443443235,
      null,
      -0.5201881527900696,
      0.5,
      1,
      0.0,
      0.0,
      {}
    ],
    [
      27,
      null,
      443443235,
      null,
      -0.5209713578224182,
      0.5,
      1,
      0.0,
      0.0,
      {}
    ],
    [
      28,
      null,
      443443235,
      null,
      -0.5110982060432434,
      0.5,
      1,
      0.0,
      0.0,
      {}
    ],
    [
      29,
      null,
      443443235,
      null,
      -0.5251953601837158,
      0.5,
      1,
      0.0,
      0.0,
      {}
    ],
    [
      30,
      null,
      443443235,
      null,
      -0.5179216265678406,
      0.5,
      1,
      0.0,
      0.0,
      {}
    ],
    [
      31,
      null,
      443443235,
      null,
      -0.5248776078224182,
      0.5,
      1,
      0.0,
      0.0,
      {}
    ],
    [
      32,
      null,
      443443235,
      null,
      -0.5241451859474182,
      0.5,
      1,
      0.0,
      0.0,
      {}
    ]
  ],
  "configs": {
    "1": {
      "batch_size": 4196,
      "epochs": 57,
      "label_smoothing": 0.1588987564877946,
      "lr": 0.00014778764153661306,
      "lr_peak_epoch": 0.7834109272692559,
      "lr_tta": "True",
      "momentum": 0.7300783075715948,
      "num_workers": 8,
      "weight_decay": 3.584678057145723e-05
    },
    "2": {
      "batch_size": 4196,
      "epochs": 143,
      "label_smoothing": 0.22445566453383292,
      "lr": 0.03688449292336405,
      "lr_peak_epoch": 0.5307334536812147,
      "lr_tta": "True",
      "momentum": 0.9823903718342488,
      "num_workers": 8,
      "weight_decay": 2.001657397927477e-05
    },
    "3": {
      "batch_size": 4196,
      "epochs": 71,
      "label_smoothing": 0.3545346300264831,
      "lr": 0.0005131738165953944,
      "lr_peak_epoch": 0.07885480727339511,
      "lr_tta": "True",
      "momentum": 0.3449022135726332,
      "num_workers": 8,
      "weight_decay": 3.173161962697327e-06
    },
    "4": {
      "batch_size": 4196,
      "epochs": 128,
      "label_smoothing": 0.44567327643795684,
      "lr": 0.004136663581548349,
      "lr_peak_epoch": 0.4544756563368183,
      "lr_tta": "True",
      "momentum": 0.4765950569782553,
      "num_workers": 8,
      "weight_decay": 8.184990900046657e-06
    },
    "5": {
      "batch_size": 4196,
      "epochs": 202,
      "label_smoothing": 0.2834710589900175,
      "lr": 0.0009753341008478664,
      "lr_peak_epoch": 0.5820667791575049,
      "lr_tta": "True",
      "momentum": 0.1522175121090774,
      "num_workers": 8,
      "weight_decay": 0.000811580143810736
    },
    "6": {
      "batch_size": 4196,
      "epochs": 170,
      "label_smoothing": 0.040590329186743435,
      "lr": 0.36289571128537723,
      "lr_peak_epoch": 0.2404560530912646,
      "lr_tta": "True",
      "momentum": 0.3878348822038432,
      "num_workers": 8,
      "weight_decay": 0.018300883004969935
    },
    "7": {
      "batch_size": 4196,
      "epochs": 288,
      "label_smoothing": 0.37141272286579063,
      "lr": 0.02077502965216859,
      "lr_peak_epoch": 0.9439961219495375,
      "lr_tta": "True",
      "momentum": 0.5123655949095578,
      "num_workers": 8,
      "weight_decay": 7.95040659347423e-06
    },
    "8": {
      "batch_size": 4196,
      "epochs": 235,
      "label_smoothing": 0.44467925129556424,
      "lr": 0.11868597272109506,
      "lr_peak_epoch": 0.8357698926225314,
      "lr_tta": "True",
      "momentum": 0.2550806677901474,
      "num_workers": 8,
      "weight_decay": 0.0859977734856453
    },
    "9": {
      "batch_size": 4196,
      "epochs": 277,
      "label_smoothing": 0.4117292840900088,
      "lr": 0.003270261658222219,
      "lr_peak_epoch": 0.8405816341358314,
      "lr_tta": "True",
      "momentum": 0.2564209642853884,
      "num_workers": 8,
      "weight_decay": 8.266951406951404e-06
    },
    "10": {
      "batch_size": 4196,
      "epochs": 277,
      "label_smoothing": 0.4120020349734872,
      "lr": 0.0032753199210539563,
      "lr_peak_epoch": 0.841370329238029,
      "lr_tta": "True",
      "momentum": 0.2555386554338011,
      "num_workers": 8,
      "weight_decay": 8.339251638070325e-06
    },
    "11": {
      "batch_size": 4196,
      "epochs": 277,
      "label_smoothing": 0.4114160551145678,
      "lr": 0.003286332724386082,