{
  "stats": {
    "submitted": 32,
    "finished": 32,
    "running": 0
  },
  "data": [
    [
      1,
      null,
      299283814,
      null,
      -0.6201305985450745,
      0.5,
      1,
      0.0,
      0.0,
      {}
    ],
    [
      2,
      null,
      299283814,
      null,
      -0.7400736808776855,
      0.5,
      1,
      0.0,
      0.0,
      {}
    ],
    [
      3,
      null,
      299283814,
      null,
      -0.7273306846618652,
      0.5,
      1,
      0.0,
      0.0,
      {}
    ],
    [
      4,
      null,
      299283814,
      null,
      -0.7050821781158447,
      0.5,
      1,
      0.0,
      0.0,
      {}
    ],
    [
      5,
      null,
      299283814,
      null,
      -0.7276447415351868,
      0.5,
      1,
      0.0,
      0.0,
      {}
    ],
    [
      6,
      null,
      299283814,
      null,
      -0.6573092937469482,
      0.5,
      1,
      0.0,
      0.0,
      {}
    ],
    [
      7,
      null,
      299283814,
      null,
      -0.6500689387321472,
      0.5,
      1,
      0.0,
      0.0,
      {}
    ],
    [
      8,
      null,
      299283814,
      null,
      -0.02190726436674595,
      0.5,
      1,
      0.0,
      0.0,
      {}
    ],
    [
      9,
      null,
      299283814,
      null,
      -0.7215142250061035,
      0.5,
      1,
      0.0,
      0.0,
      {}
    ],
    [
      10,
      null,
      299283814,
      null,
      -0.7152134776115417,
      0.5,
      1,
      0.0,
      0.0,
      {}
    ],
    [
      11,
      null,
      299283814,
      null,
      -0.7201674580574036,
      0.5,
      1,
      0.0,
      0.0,
      {}
    ],
    [
      12,
      null,
      299283814,
      null,
      -0.7198322415351868,
      0.5,
      1,
      0.0,
      0.0,
      {}
    ],
    [
      13,
      null,
      299283814,
      null,
      -0.7232035994529724,
      0.5,
      1,
      0.0,
      0.0,
      {}
    ],
    [
      14,
      null,
      299283814,
      null,
      -0.7236628532409668,
      0.5,
      1,
      0.0,
      0.0,
      {}
    ],
    [
      15,
      null,
      299283814,
      null,
      -0.7083218693733215,
      0.5,
      1,
      0.0,
      0.0,
      {}
    ],
    [
      16,
      null,
      299283814,
      null,
      -0.7284156680107117,
      0.5,
      1,
      0.0,
      0.0,
      {}
    ],
    [
      17,
      null,
      299283814,
      null,
      -0.7262260913848877,
      0.5,
      1,
      0.0,
      0.0,
      {}
    ],
    [
      18,
      null,
      299283814,
      null,
      -0.7222564220428467,
      0.5,
      1,
      0.0,
      0.0,
      {}
    ],
    [
      19,
      null,
      299283814,
      null,
      -0.7187783718109131,
      0.5,
      1,
      0.0,
      0.0,
      {}
    ],
    [
      20,
      null,
      299283814,
      null,
      -0.7238104343414307,
      0.5,
      1,
      0.0,
      0.0,
      {}
    ],
    [
      21,
      null,
      299283814,
      null,
      -0.7211206555366516,
      0.5,
      1,
      0.0,
      0.0,
      {}
    ],
    [
      22,
      null,
      299283814,
      null,
      -0.723665177822113,
      0.5,
      1,
      0.0,
      0.0,
      {}
    ],
    [
      23,
      null,
      299283814,
      null,
      -0.7219038605690002,
      0.5,
      1,
      0.0,
      0.0,
      {}
    ],
    [
      24,
      null,
      299283814,
      null,
      -0.7451343536376953,
      0.5,
      1,
      0.0,
      0.0,
      {}
    ],
    [
      25,
      null,
      299283814,
      null,
      -0.2789788544178009,
      0.5,
      1,
      0.0,
      0.0,
      {}
    ],
    [
      26,
      null,
      299283814,
      null,
      -0.7071922421455383,
      0.5,
      1,
      0.0,
      0.0,
      {}
    ],
    [
      27,
      null,
      299283814,
      null,
      -0.707188606262207,
      0.5,
      1,
      0.0,
      0.0,
      {}
    ],
    [
      28,
      null,
      299283814,
      null,
      -0.7103116512298584,
      0.5,
      1,
      0.0,
      0.0,
      {}
    ],
    [
      29,
      null,
      299283814,
      null,
      -0.7132782340049744,
      0.5,
      1,
      0.0,
      0.0,
      {}
    ],
    [
      30,
      null,
      299283814,
      null,
      -0.712214469909668,
      0.5,
      1,
      0.0,
      0.0,
      {}
    ],
    [
      31,
      null,
      299283814,
      null,
      -0.7144524455070496,
      0.5,
      1,
      0.0,
      0.0,
      {}
    ],
    [
      32,
      null,
      299283814,
      null,
      -0.7110750675201416,
      0.5,
      1,
      0.0,
      0.0,
      {}
    ]
  ],
  "configs": {
    "1": {
      "batch_size": 4196,
      "epochs": 184,
      "label_smoothing": 0.378220911276148,
      "lr": 0.00012539573491196049,
      "lr_peak_epoch": 0.46956197790486354,
      "lr_tta": "True",
      "momentum": 0.8419512260235279,
      "num_workers": 8,
      "weight_decay": 1.8080334372370202e-05
    },
    "2": {
      "batch_size": 4196,
      "epochs": 270,
      "label_smoothing": 0.1333376382182388,
      "lr": 0.015110603225037161,
      "lr_peak_epoch": 0.11458695832102095,
      "lr_tta": "True",
      "momentum": 0.1633454436864703,
      "num_workers": 8,
      "weight_decay": 2.3653542165491283e-05
    },
    "3": {
      "batch_size": 4196,
      "epochs": 95,
      "label_smoothing": 0.4512665268493471,
      "lr": 0.0017570387234253446,
      "lr_peak_epoch": 0.7117974580602194,
      "lr_tta": "True",
      "momentum": 0.12765760787092173,
      "num_workers": 8,
      "weight_decay": 3.9156474095195376e-05
    },
    "4": {
      "batch_size": 4196,
      "epochs": 270,
      "label_smoothing": 0.43828250736272717,
      "lr": 0.0011741051499310684,
      "lr_peak_epoch": 0.1523038902959971,
      "lr_tta": "True",
      "momentum": 0.9628499545002406,
      "num_workers": 8,
      "weight_decay": 8.388452897585867e-06
    },
    "5": {
      "batch_size": 4196,
      "epochs": 160,
      "label_smoothing": 0.17868161677003308,
      "lr": 0.001580598117907542,
      "lr_peak_epoch": 0.2568770960596707,
      "lr_tta": "True",
      "momentum": 0.6054106511908263,
      "num_workers": 8,
      "weight_decay": 0.0006748294857465106
    },
    "6": {
      "batch_size": 4196,
      "epochs": 165,
      "label_smoothing": 0.29340236065813624,
      "lr": 0.02279304470677737,
      "lr_peak_epoch": 0.09382407489980882,
      "lr_tta": "True",
      "momentum": 0.8934076196532666,
      "num_workers": 8,
      "weight_decay": 2.2568917472264396e-06
    },
    "7": {
      "batch_size": 4196,
      "epochs": 238,
      "label_smoothing": 0.18529102404893583,
      "lr": 0.015510129287713352,
      "lr_peak_epoch": 0.35764982266840273,
      "lr_tta": "True",
      "momentum": 0.2652916093018114,
      "num_workers": 8,
      "weight_decay": 0.004324459581790344
    },
    "8": {
      "batch_size": 4196,
      "epochs": 110,
      "label_smoothing": 0.3918763346796757,
      "lr": 0.804235908636474,
      "lr_peak_epoch": 0.6677002219601832,
      "lr_tta": "True",
      "momentum": 0.8262675305531888,
      "num_workers": 8,
      "weight_decay": 6.834004958354072e-05
    },
    "9": {
      "batch_size": 4196,
      "epochs": 234,
      "label_smoothing": 0.20364032855983397,
      "lr": 0.00371582950733846,
      "lr_peak_epoch": 7.083136044863203e-05,
      "lr_tta": "True",
      "momentum": 0.077314393593652,
      "num_workers": 8,
      "weight_decay": 1.0006000479100324e-06
    },
    "10": {
      "batch_size": 4196,
      "epochs": 234,
      "label_smoothing": 0.2030836451760958,
      "lr": 0.0037383974121283467,
      "lr_peak_epoch": 0.00044939267455020807,
      "lr_tta": "True",
      "momentum": 0.07808105997884603,
      "num_workers": 8,
      "weight_decay": 1.0008196534311866e-06
    },
    "11": {
      "batch_size": 4196,
      "epochs": 233,
      "label_smoothing": 0.20194518652497698,
      "lr": 0.003764307655012194,