{
  "stats": {
    "submitted": 32,
    "finished": 32,
    "running": 0
  },
  "data": [
    [
      1,
      null,
      1109468540,
      null,
      -0.6479413509368896,
      0.5,
      1,
      0.0,
      0.0,
      {}
    ],
    [
      2,
      null,
      1109468540,
      null,
      -0.48022913932800293,
      0.5,
      1,
      0.0,
      0.0,
      {}
    ],
    [
      3,
      null,
      1109468540,
      null,
      -0.7418176531791687,
      0.5,
      1,
      0.0,
      0.0,
      {}
    ],
    [
      4,
      null,
      1109468540,
      null,
      -0.7079246640205383,
      0.5,
      1,
      0.0,
      0.0,
      {}
    ],
    [
      5,
      null,
      1109468540,
      null,
      -0.01101262029260397,
      0.5,
      1,
      0.0,
      0.0,
      {}
    ],
    [
      6,
      null,
      1109468540,
      null,
      -0.01877429522573948,
      0.5,
      1,
      0.0,
      0.0,
      {}
    ],
    [
      7,
      null,
      1109468540,
      null,
      -0.6370429992675781,
      0.5,
      1,
      0.0,
      0.0,
      {}
    ],
    [
      8,
      null,
      1109468540,
      null,
      -0.4119962751865387,
      0.5,
      1,
      0.0,
      0.0,
      {}
    ],
    [
      9,
      null,
      1109468540,
      null,
      -0.7305219769477844,
      0.5,
      1,
      0.0,
      0.0,
      {}
    ],
    [
      10,
      null,
      1109468540,
      null,
      -0.7341094613075256,
      0.5,
      1,
      0.0,
      0.0,
      {}
    ],
    [
      11,
      null,
      1109468540,
      null,
      -0.7289853096008301,
      0.5,
      1,
      0.0,
      0.0,
      {}
    ],
    [
      12,
      null,
      1109468540,
      null,
      -0.7350614070892334,
      0.5,
      1,
      0.0,
      0.0,
      {}
    ],
    [
      13,
      null,
      1109468540,
      null,
      -0.5109369158744812,
      0.5,
      1,
      0.0,
      0.0,
      {}
    ],
    [
      14,
      null,
      1109468540,
      null,
      -0.7308571338653564,
      0.5,
      1,
      0.0,
      0.0,
      {}
    ],
    [
      15,
      null,
      1109468540,
      null,
      -0.7150334715843201,
      0.5,
      1,
      0.0,
      0.0,
      {}
    ],
    [
      16,
      null,
      1109468540,
      null,
      -0.717900812625885,
      0.5,
      1,
      0.0,
      0.0,
      {}
    ],
    [
      17,
      null,
      1109468540,
      null,
      -0.7291244864463806,
      0.5,
      1,
      0.0,
      0.0,
      {}
    ],
    [
      18,
      null,
      1109468540,
      null,
      -0.7117006778717041,
      0.5,
      1,
      0.0,
      0.0,
      {}
    ],
    [
      19,
      null,
      1109468540,
      null,
      -0.722647488117218,
      0.5,
      1,
      0.0,
      0.0,
      {}
    ],
    [
      20,
      null,
      1109468540,
      null,
      -0.723759651184082,
      0.5,
      1,
      0.0,
      0.0,
      {}
    ],
    [
      21,
      null,
      1109468540,
      null,
      -0.7240388989448547,
      0.5,
      1,
      0.0,
      0.0,
      {}
    ],
    [
      22,
      null,
      1109468540,
      null,
      -0.726962149143219,
      0.5,
      1,
      0.0,
      0.0,
      {}
    ],
    [
      23,
      null,
      1109468540,
      null,
      -0.7197067737579346,
      0.5,
      1,
      0.0,
      0.0,
      {}
    ],
    [
      24,
      null,
      1109468540,
      null,
      -0.7167513966560364,
      0.5,
      1,
      0.0,
      0.0,
      {}
    ],
    [
      25,
      null,
      1109468540,
      null,
      -0.06106818839907646,
      0.5,
      1,
      0.0,
      0.0,
      {}
    ],
    [
      26,
      null,
      1109468540,
      null,
      -0.7110204696655273,
      0.5,
      1,
      0.0,
      0.0,
      {}
    ],
    [
      27,
      null,
      1109468540,
      null,
      -0.7033889889717102,
      0.5,
      1,
      0.0,
      0.0,
      {}
    ],
    [
      28,
      null,
      1109468540,
      null,
      -0.7036795616149902,
      0.5,
      1,
      0.0,
      0.0,
      {}
    ],
    [
      29,
      null,
      1109468540,
      null,
      -0.7093545794487,
      0.5,
      1,
      0.0,
      0.0,
      {}
    ],
    [
      30,
      null,
      1109468540,
      null,
      -0.6993535161018372,
      0.5,
      1,
      0.0,
      0.0,
      {}
    ],
    [
      31,
      null,
      1109468540,
      null,
      -0.7087092399597168,
      0.5,
      1,
      0.0,
      0.0,
      {}
    ],
    [
      32,
      null,
      1109468540,
      null,
      -0.7099356055259705,
      0.5,
      1,
      0.0,
      0.0,
      {}
    ]
  ],
  "configs": {
    "1": {
      "batch_size": 4196,
      "epochs": 100,
      "label_smoothing": 0.30223590607289247,
      "lr": 0.00017822726112467753,
      "lr_peak_epoch": 0.8648104562675576,
      "lr_tta": "True",
      "momentum": 0.9864203624942192,
      "num_workers": 8,
      "weight_decay": 0.006081043280509923
    },
    "2": {
      "batch_size": 4196,
      "epochs": 65,
      "label_smoothing": 0.42508433388737005,
      "lr": 0.3870270638961299,
      "lr_peak_epoch": 0.7168536147786329,
      "lr_tta": "True",
      "momentum": 0.7217845601343359,
      "num_workers": 8,
      "weight_decay": 2.580343806728787e-06
    },
    "3": {
      "batch_size": 4196,
      "epochs": 161,
      "label_smoothing": 0.285211699962696,
      "lr": 0.0074073899022293575,
      "lr_peak_epoch": 0.32846682836314256,
      "lr_tta": "True",
      "momentum": 0.191895690163437,
      "num_workers": 8,
      "weight_decay": 0.0001528542271789655
    },
    "4": {
      "batch_size": 4196,
      "epochs": 251,
      "label_smoothing": 0.16143114754830923,
      "lr": 0.0013369755867921375,
      "lr_peak_epoch": 0.199096786547743,
      "lr_tta": "True",
      "momentum": 0.9665547862274366,
      "num_workers": 8,
      "weight_decay": 0.0005351440111221775
    },
    "5": {
      "batch_size": 4196,
      "epochs": 47,
      "label_smoothing": 0.23253095429127468,
      "lr": 0.10606425963532609,
      "lr_peak_epoch": 0.7553709214474085,
      "lr_tta": "True",
      "momentum": 0.4760347952862084,
      "num_workers": 8,
      "weight_decay": 0.06637071531080582
    },
    "6": {
      "batch_size": 4196,
      "epochs": 123,
      "label_smoothing": 0.1703920030104092,
      "lr": 2.938638653090591,
      "lr_peak_epoch": 0.3333306408957244,
      "lr_tta": "True",
      "momentum": 0.7901472829726661,
      "num_workers": 8,
      "weight_decay": 5.003262445782537e-05
    },
    "7": {
      "batch_size": 4196,
      "epochs": 255,
      "label_smoothing": 0.4870149353940639,
      "lr": 0.007265345763144031,
      "lr_peak_epoch": 0.5941440913176598,
      "lr_tta": "True",
      "momentum": 0.5326207634062011,
      "num_workers": 8,
      "weight_decay": 0.017648751553256892
    },
    "8": {
      "batch_size": 4196,
      "epochs": 262,
      "label_smoothing": 0.23912601114671145,
      "lr": 0.009603629643104105,
      "lr_peak_epoch": 0.8242805191738412,
      "lr_tta": "True",
      "momentum": 0.6473120564980408,
      "num_workers": 8,
      "weight_decay": 0.0433217611553697
    },
    "9": {
      "batch_size": 4196,
      "epochs": 79,
      "label_smoothing": 0.32277680429910366,
      "lr": 0.007036048602186988,
      "lr_peak_epoch": 0.0715630485637441,
      "lr_tta": "True",
      "momentum": 0.07969849557828193,
      "num_workers": 8,
      "weight_decay": 1.9075549083615824e-05
    },
    "10": {
      "batch_size": 4196,
      "epochs": 83,
      "label_smoothing": 0.40289433627203003,
      "lr": 0.007098927322447245,
      "lr_peak_epoch": 0.012369998411198641,
      "lr_tta": "True",
      "momentum": 0.0012029326210880194,
      "num_workers": 8,
      "weight_decay": 1.5850748146099365e-05
    },
    "11": {
      "batch_size": 4196,
      "epochs": 51,
      "label_smoothing": 0.3616265690425846,
      "lr": 0.007129835208157776,