{
  "stats": {
    "submitted": 32,
    "finished": 32,
    "running": 0
  },
  "data": [
    [
      1,
      null,
      1110363073,
      null,
      -0.01152404397726059,
      0.5,
      1,
      0.0,
      0.0,
      {}
    ],
    [
      2,
      null,
      1110363073,
      null,
      -0.01310910563915968,
      0.5,
      1,
      0.0,
      0.0,
      {}
    ],
    [
      3,
      null,
      1110363073,
      null,
      -0.014763724990189075,
      0.5,
      1,
      0.0,
      0.0,
      {}
    ],
    [
      4,
      null,
      1110363073,
      null,
      -0.46470579504966736,
      0.5,
      1,
      0.0,
      0.0,
      {}
    ],
    [
      5,
      null,
      1110363073,
      null,
      -0.42927345633506775,
      0.5,
      1,
      0.0,
      0.0,
      {}
    ],
    [
      6,
      null,
      1110363073,
      null,
      -0.012808732688426971,
      0.5,
      1,
      0.0,
      0.0,
      {}
    ],
    [
      7,
      null,
      1110363073,
      null,
      -0.5767790675163269,
      0.5,
      1,
      0.0,
      0.0,
      {}
    ],
    [
      8,
      null,
      1110363073,
      null,
      -0.016176266595721245,
      0.5,
      1,
      0.0,
      0.0,
      {}
    ],
    [
      9,
      null,
      1110363073,
      null,
      -0.46801742911338806,
      0.5,
      1,
      0.0,
      0.0,
      {}
    ],
    [
      10,
      null,
      1110363073,
      null,
      -0.45859360694885254,
      0.5,
      1,
      0.0,
      0.0,
      {}
    ],
    [
      11,
      null,
      1110363073,
      null,
      -0.4613753855228424,
      0.5,
      1,
      0.0,
      0.0,
      {}
    ],
    [
      12,
      null,
      1110363073,
      null,
      -0.4638850688934326,
      0.5,
      1,
      0.0,
      0.0,
      {}
    ],
    [
      13,
      null,
      1110363073,
      null,
      -0.4597170352935791,
      0.5,
      1,
      0.0,
      0.0,
      {}
    ],
    [
      14,
      null,
      1110363073,
      null,
      -0.46582409739494324,
      0.5,
      1,
      0.0,
      0.0,
      {}
    ],
    [
      15,
      null,
      1110363073,
      null,
      -0.4724327027797699,
      0.5,
      1,
      0.0,
      0.0,
      {}
    ],
    [
      16,
      null,
      1110363073,
      null,
      -0.46036994457244873,
      0.5,
      1,
      0.0,
      0.0,
      {}
    ],
    [
      17,
      null,
      1110363073,
      null,
      -0.3546406328678131,
      0.5,
      1,
      0.0,
      0.0,
      {}
    ],
    [
      18,
      null,
      1110363073,
      null,
      -0.3439979553222656,
      0.5,
      1,
      0.0,
      0.0,
      {}
    ],
    [
      19,
      null,
      1110363073,
      null,
      -0.38213977217674255,
      0.5,
      1,
      0.0,
      0.0,
      {}
    ],
    [
      20,
      null,
      1110363073,
      null,
      -0.3723958432674408,
      0.5,
      1,
      0.0,
      0.0,
      {}
    ],
    [
      21,
      null,
      1110363073,
      null,
      -0.3480198085308075,
      0.5,
      1,
      0.0,
      0.0,
      {}
    ],
    [
      22,
      null,
      1110363073,
      null,
      -0.3657824993133545,
      0.5,
      1,
      0.0,
      0.0,
      {}
    ],
    [
      23,
      null,
      1110363073,
      null,
      -0.32554891705513,
      0.5,
      1,
      0.0,
      0.0,
      {}
    ],
    [
      24,
      null,
      1110363073,
      null,
      -0.54694002866745,
      0.5,
      1,
      0.0,
      0.0,
      {}
    ],
    [
      25,
      null,
      1110363073,
      null,
      -0.5221817493438721,
      0.5,
      1,
      0.0,
      0.0,
      {}
    ],
    [
      26,
      null,
      1110363073,
      null,
      -0.5172202587127686,
      0.5,
      1,
      0.0,
      0.0,
      {}
    ],
    [
      27,
      null,
      1110363073,
      null,
      -0.5218663215637207,
      0.5,
      1,
      0.0,
      0.0,
      {}
    ],
    [
      28,
      null,
      1110363073,
      null,
      -0.01152404397726059,
      0.5,
      1,
      0.0,
      0.0,
      {}
    ],
    [
      29,
      null,
      1110363073,
      null,
      -0.014887827448546886,
      0.5,
      1,
      0.0,
      0.0,
      {}
    ],
    [
      30,
      null,
      1110363073,
      null,
      -0.527238667011261,
      0.5,
      1,
      0.0,
      0.0,
      {}
    ],
    [
      31,
      null,
      1110363073,
      null,
      -0.5271442532539368,
      0.5,
      1,
      0.0,
      0.0,
      {}
    ],
    [
      32,
      null,
      1110363073,
      null,
      -0.5168155431747437,
      0.5,
      1,
      0.0,
      0.0,
      {}
    ]
  ],
  "configs": {
    "1": {
      "batch_size": 4196,
      "epochs": 100,
      "label_smoothing": 0.4339255638149982,
      "lr": 2.9292484964602434,
      "lr_peak_epoch": 0.10410917353638238,
      "lr_tta": "True",
      "momentum": 0.8235651728557087,
      "num_workers": 8,
      "weight_decay": 1.0548087371193394e-06
    },
    "2": {
      "batch_size": 4196,
      "epochs": 143,
      "label_smoothing": 0.13541650749683154,
      "lr": 2.5219540576389816,
      "lr_peak_epoch": 0.12169208592650937,
      "lr_tta": "True",
      "momentum": 0.9954079239591749,
      "num_workers": 8,
      "weight_decay": 0.0003966745871723106
    },
    "3": {
      "batch_size": 4196,
      "epochs": 223,
      "label_smoothing": 0.33976149834204233,
      "lr": 0.002960489831151035,
      "lr_peak_epoch": 0.028126818167306,
      "lr_tta": "True",
      "momentum": 0.017836773057887778,
      "num_workers": 8,
      "weight_decay": 0.03155620032116885
    },
    "4": {
      "batch_size": 4196,
      "epochs": 170,
      "label_smoothing": 0.3377313834732743,
      "lr": 0.0002200344299761071,
      "lr_peak_epoch": 0.8833606742458797,
      "lr_tta": "True",
      "momentum": 0.9691142737749292,
      "num_workers": 8,
      "weight_decay": 2.5273547200245704e-05
    },
    "5": {
      "batch_size": 4196,
      "epochs": 147,
      "label_smoothing": 0.466240600769437,
      "lr": 0.00010535552874122875,
      "lr_peak_epoch": 0.5866453131082598,
      "lr_tta": "True",
      "momentum": 0.10089274272597426,
      "num_workers": 8,
      "weight_decay": 0.0015169408494838947
    },
    "6": {
      "batch_size": 4196,
      "epochs": 223,
      "label_smoothing": 0.07933299437058383,
      "lr": 0.14477061558333834,
      "lr_peak_epoch": 0.14741512724843508,
      "lr_tta": "True",
      "momentum": 0.6995194327635575,
      "num_workers": 8,
      "weight_decay": 1.173847871877013e-05
    },
    "7": {
      "batch_size": 4196,
      "epochs": 243,
      "label_smoothing": 0.14800648151989776,
      "lr": 0.0017706539458665546,
      "lr_peak_epoch": 0.8839377126175842,
      "lr_tta": "True",
      "momentum": 0.775070352643564,
      "num_workers": 8,
      "weight_decay": 0.0026405516060553497
    },
    "8": {
      "batch_size": 4196,
      "epochs": 89,
      "label_smoothing": 0.011327191483785137,
      "lr": 0.1657612953693237,
      "lr_peak_epoch": 0.45287513181860284,
      "lr_tta": "True",
      "momentum": 0.7622775936255398,
      "num_workers": 8,
      "weight_decay": 0.022209109722606427
    },
    "9": {
      "batch_size": 4196,
      "epochs": 259,
      "label_smoothing": 0.2584930235734256,
      "lr": 0.00034774109006461163,
      "lr_peak_epoch": 0.8431044875055657,
      "lr_tta": "True",
      "momentum": 0.3746031597937294,
      "num_workers": 8,
      "weight_decay": 0.008111105241357941
    },
    "10": {
      "batch_size": 4196,
      "epochs": 259,
      "label_smoothing": 0.2582404973165554,
      "lr": 0.00034840830254028045,
      "lr_peak_epoch": 0.8430935410040942,
      "lr_tta": "True",
      "momentum": 0.3742416093797614,
      "num_workers": 8,
      "weight_decay": 0.00804057961317958
    },
    "11": {
      "batch_size": 4196,
      "epochs": 259,
      "label_smoothing": 0.2591298785994919,