{
  "stats": {
    "submitted": 32,
    "finished": 32,
    "running": 0
  },
  "data": [
    [
      1,
      null,
      75512238,
      null,
      -0.03172451630234718,
      0.5,
      1,
      0.0,
      0.0,
      {}
    ],
    [
      2,
      null,
      75512238,
      null,
      -0.18178214132785797,
      0.5,
      1,
      0.0,
      0.0,
      {}
    ],
    [
      3,
      null,
      75512238,
      null,
      -0.68208247423172,
      0.5,
      1,
      0.0,
      0.0,
      {}
    ],
    [
      4,
      null,
      75512238,
      null,
      -0.3167310059070587,
      0.5,
      1,
      0.0,
      0.0,
      {}
    ],
    [
      5,
      null,
      75512238,
      null,
      -0.6790017485618591,
      0.5,
      1,
      0.0,
      0.0,
      {}
    ],
    [
      6,
      null,
      75512238,
      null,
      -0.01411080826073885,
      0.5,
      1,
      0.0,
      0.0,
      {}
    ],
    [
      7,
      null,
      75512238,
      null,
      -0.013616775162518024,
      0.5,
      1,
      0.0,
      0.0,
      {}
    ],
    [
      8,
      null,
      75512238,
      null,
      -0.7307677865028381,
      0.5,
      1,
      0.0,
      0.0,
      {}
    ],
    [
      9,
      null,
      75512238,
      null,
      -0.6799611449241638,
      0.5,
      1,
      0.0,
      0.0,
      {}
    ],
    [
      10,
      null,
      75512238,
      null,
      -0.7196969389915466,
      0.5,
      1,
      0.0,
      0.0,
      {}
    ],
    [
      11,
      null,
      75512238,
      null,
      -0.719997227191925,
      0.5,
      1,
      0.0,
      0.0,
      {}
    ],
    [
      12,
      null,
      75512238,
      null,
      -0.7150160670280457,
      0.5,
      1,
      0.0,
      0.0,
      {}
    ],
    [
      13,
      null,
      75512238,
      null,
      -0.6672406792640686,
      0.5,
      1,
      0.0,
      0.0,
      {}
    ],
    [
      14,
      null,
      75512238,
      null,
      -0.7233511805534363,
      0.5,
      1,
      0.0,
      0.0,
      {}
    ],
    [
      15,
      null,
      75512238,
      null,
      -0.666890561580658,
      0.5,
      1,
      0.0,
      0.0,
      {}
    ],
    [
      16,
      null,
      75512238,
      null,
      -0.5469338893890381,
      0.5,
      1,
      0.0,
      0.0,
      {}
    ],
    [
      17,
      null,
      75512238,
      null,
      -0.6893054842948914,
      0.5,
      1,
      0.0,
      0.0,
      {}
    ],
    [
      18,
      null,
      75512238,
      null,
      -0.7034375071525574,
      0.5,
      1,
      0.0,
      0.0,
      {}
    ],
    [
      19,
      null,
      75512238,
      null,
      -0.7144190669059753,
      0.5,
      1,
      0.0,
      0.0,
      {}
    ],
    [
      20,
      null,
      75512238,
      null,
      -0.6500787734985352,
      0.5,
      1,
      0.0,
      0.0,
      {}
    ],
    [
      21,
      null,
      75512238,
      null,
      -0.7130126357078552,
      0.5,
      1,
      0.0,
      0.0,
      {}
    ],
    [
      22,
      null,
      75512238,
      null,
      -0.7273890376091003,
      0.5,
      1,
      0.0,
      0.0,
      {}
    ],
    [
      23,
      null,
      75512238,
      null,
      -0.7299983501434326,
      0.5,
      1,
      0.0,
      0.0,
      {}
    ],
    [
      24,
      null,
      75512238,
      null,
      -0.7295029163360596,
      0.5,
      1,
      0.0,
      0.0,
      {}
    ],
    [
      25,
      null,
      75512238,
      null,
      -0.6609362959861755,
      0.5,
      1,
      0.0,
      0.0,
      {}
    ],
    [
      26,
      null,
      75512238,
      null,
      -0.681130588054657,
      0.5,
      1,
      0.0,
      0.0,
      {}
    ],
    [
      27,
      null,
      75512238,
      null,
      -0.6788193583488464,
      0.5,
      1,
      0.0,
      0.0,
      {}
    ],
    [
      28,
      null,
      75512238,
      null,
      -0.666144609451294,
      0.5,
      1,
      0.0,
      0.0,
      {}
    ],
    [
      29,
      null,
      75512238,
      null,
      -0.7304637432098389,
      0.5,
      1,
      0.0,
      0.0,
      {}
    ],
    [
      30,
      null,
      75512238,
      null,
      -0.69915372133255,
      0.5,
      1,
      0.0,
      0.0,
      {}
    ],
    [
      31,
      null,
      75512238,
      null,
      -0.6661483645439148,
      0.5,
      1,
      0.0,
      0.0,
      {}
    ],
    [
      32,
      null,
      75512238,
      null,
      -0.7244821190834045,
      0.5,
      1,
      0.0,
      0.0,
      {}
    ]
  ],
  "configs": {
    "1": {
      "batch_size": 4196,
      "epochs": 170,
      "label_smoothing": 0.12750439126392438,
      "lr": 0.5643648874630657,
      "lr_peak_epoch": 0.505361086863002,
      "lr_tta": "True",
      "momentum": 0.08759783410509892,
      "num_workers": 8,
      "weight_decay": 1.4287988025690841e-05
    },
    "2": {
      "batch_size": 4196,
      "epochs": 265,
      "label_smoothing": 0.2959033196401585,
      "lr": 4.591418825114079,
      "lr_peak_epoch": 0.031843645077173854,
      "lr_tta": "True",
      "momentum": 0.38688559807394063,
      "num_workers": 8,
      "weight_decay": 0.0007133160927453116
    },
    "3": {
      "batch_size": 4196,
      "epochs": 45,
      "label_smoothing": 0.31143892452445343,
      "lr": 0.0007608667155541901,
      "lr_peak_epoch": 0.515115230707217,
      "lr_tta": "True",
      "momentum": 0.9920601082069036,
      "num_workers": 8,
      "weight_decay": 3.784302072343457e-05
    },
    "4": {
      "batch_size": 4196,
      "epochs": 146,
      "label_smoothing": 0.2568931688616789,
      "lr": 0.06754332321226542,
      "lr_peak_epoch": 0.8025900251530917,
      "lr_tta": "True",
      "momentum": 0.4789359419710364,
      "num_workers": 8,
      "weight_decay": 0.0066610344897157165
    },
    "5": {
      "batch_size": 4196,
      "epochs": 81,
      "label_smoothing": 0.14843383827799422,
      "lr": 0.05745839208661188,
      "lr_peak_epoch": 0.30462631094041537,
      "lr_tta": "True",
      "momentum": 0.21886301823334986,
      "num_workers": 8,
      "weight_decay": 0.00046301845539657455
    },
    "6": {
      "batch_size": 4196,
      "epochs": 80,
      "label_smoothing": 0.07682169345076678,
      "lr": 3.598547694186288,
      "lr_peak_epoch": 0.2033356253194043,
      "lr_tta": "True",
      "momentum": 0.42466839323654204,
      "num_workers": 8,
      "weight_decay": 2.521255681621941e-06
    },
    "7": {
      "batch_size": 4196,
      "epochs": 70,
      "label_smoothing": 0.39223726873738846,
      "lr": 7.504648040234387,
      "lr_peak_epoch": 0.7939919398135968,
      "lr_tta": "True",
      "momentum": 0.49722618752247205,
      "num_workers": 8,
      "weight_decay": 9.341171144600564e-06
    },
    "8": {
      "batch_size": 4196,
      "epochs": 125,
      "label_smoothing": 0.41730000178956744,
      "lr": 0.062410055191208715,
      "lr_peak_epoch": 0.8554182973439831,
      "lr_tta": "True",
      "momentum": 0.7945481256670793,
      "num_workers": 8,
      "weight_decay": 2.0789470116421195e-05
    },
    "9": {
      "batch_size": 4196,
      "epochs": 79,
      "label_smoothing": 0.29141749137018746,
      "lr": 0.03654708938675204,
      "lr_peak_epoch": 0.4936863341033511,
      "lr_tta": "True",
      "momentum": 0.542859479389757,
      "num_workers": 8,
      "weight_decay": 5.1780859915532304e-05
    },
    "10": {
      "batch_size": 4196,
      "epochs": 79,
      "label_smoothing": 0.2913726287262434,
      "lr": 0.03638465282959559,
      "lr_peak_epoch": 0.49327826561508314,
      "lr_tta": "True",
      "momentum": 0.5421717340590783,
      "num_workers": 8,
      "weight_decay": 5.176217113148369e-05
    },
    "11": {
      "batch_size": 4196,
      "epochs": 172,
      "label_smoothing": 0.061093346531732484,
      "lr": 0.002569692044232908,
      "lr_peak_epoch": 0.8343968174519736,
      "lr_tta": "True",