{
  "stats": {
    "submitted": 32,
    "finished": 32,
    "running": 0
  },
  "data": [
    [
      1,
      null,
      1711495724,
      null,
      -0.013858851976692677,
      0.5,
      1,
      0.0,
      0.0,
      {}
    ],
    [
      2,
      null,
      1711495724,
      null,
      -0.5663164258003235,
      0.5,
      1,
      0.0,
      0.0,
      {}
    ],
    [
      3,
      null,
      1711495724,
      null,
      -0.44505012035369873,
      0.5,
      1,
      0.0,
      0.0,
      {}
    ],
    [
      4,
      null,
      1711495724,
      null,
      -0.5090401768684387,
      0.5,
      1,
      0.0,
      0.0,
      {}
    ],
    [
      5,
      null,
      1711495724,
      null,
      -0.4671050012111664,
      0.5,
      1,
      0.0,
      0.0,
      {}
    ],
    [
      6,
      null,
      1711495724,
      null,
      -0.012770198285579681,
      0.5,
      1,
      0.0,
      0.0,
      {}
    ],
    [
      7,
      null,
      1711495724,
      null,
      -0.49729904532432556,
      0.5,
      1,
      0.0,
      0.0,
      {}
    ],
    [
      8,
      null,
      1711495724,
      null,
      -0.5533563494682312,
      0.5,
      1,
      0.0,
      0.0,
      {}
    ],
    [
      9,
      null,
      1711495724,
      null,
      -0.5675427913665771,
      0.5,
      1,
      0.0,
      0.0,
      {}
    ],
    [
      10,
      null,
      1711495724,
      null,
      -0.586675763130188,
      0.5,
      1,
      0.0,
      0.0,
      {}
    ],
    [
      11,
      null,
      1711495724,
      null,
      -0.5965550541877747,
      0.5,
      1,
      0.0,
      0.0,
      {}
    ],
    [
      12,
      null,
      1711495724,
      null,
      -0.5927169919013977,
      0.5,
      1,
      0.0,
      0.0,
      {}
    ],
    [
      13,
      null,
      1711495724,
      null,
      -0.5906825661659241,
      0.5,
      1,
      0.0,
      0.0,
      {}
    ],
    [
      14,
      null,
      1711495724,
      null,
      -0.5828339457511902,
      0.5,
      1,
      0.0,
      0.0,
      {}
    ],
    [
      15,
      null,
      1711495724,
      null,
      -0.586706817150116,
      0.5,
      1,
      0.0,
      0.0,
      {}
    ],
    [
      16,
      null,
      1711495724,
      null,
      -0.5711349844932556,
      0.5,
      1,
      0.0,
      0.0,
      {}
    ],
    [
      17,
      null,
      1711495724,
      null,
      -0.01152404397726059,
      0.5,
      1,
      0.0,
      0.0,
      {}
    ],
    [
      18,
      null,
      1711495724,
      null,
      -0.01152404397726059,
      0.5,
      1,
      0.0,
      0.0,
      {}
    ],
    [
      19,
      null,
      1711495724,
      null,
      -0.01311285886913538,
      0.5,
      1,
      0.0,
      0.0,
      {}
    ],
    [
      20,
      null,
      1711495724,
      null,
      -0.01152404397726059,
      0.5,
      1,
      0.0,
      0.0,
      {}
    ],
    [
      21,
      null,
      1711495724,
      null,
      -0.01152404397726059,
      0.5,
      1,
      0.0,
      0.0,
      {}
    ],
    [
      22,
      null,
      1711495724,
      null,
      -0.01427344512194395,
      0.5,
      1,
      0.0,
      0.0,
      {}
    ],
    [
      23,
      null,
      1711495724,
      null,
      -0.01152404397726059,
      0.5,
      1,
      0.0,
      0.0,
      {}
    ],
    [
      24,
      null,
      1711495724,
      null,
      -0.013872486539185047,
      0.5,
      1,
      0.0,
      0.0,
      {}
    ],
    [
      25,
      null,
      1711495724,
      null,
      -0.5843992829322815,
      0.5,
      1,
      0.0,
      0.0,
      {}
    ],
    [
      26,
      null,
      1711495724,
      null,
      -0.5872516632080078,
      0.5,
      1,
      0.0,
      0.0,
      {}
    ],
    [
      27,
      null,
      1711495724,
      null,
      -0.015285030007362366,
      0.5,
      1,
      0.0,
      0.0,
      {}
    ],
    [
      28,
      null,
      1711495724,
      null,
      -0.5717183947563171,
      0.5,
      1,
      0.0,
      0.0,
      {}
    ],
    [
      29,
      null,
      1711495724,
      null,
      -0.5917214155197144,
      0.5,
      1,
      0.0,
      0.0,
      {}
    ],
    [
      30,
      null,
      1711495724,
      null,
      -0.5954466462135315,
      0.5,
      1,
      0.0,
      0.0,
      {}
    ],
    [
      31,
      null,
      1711495724,
      null,
      -0.5872938632965088,
      0.5,
      1,
      0.0,
      0.0,
      {}
    ],
    [
      32,
      null,
      1711495724,
      null,
      -0.5837971568107605,
      0.5,
      1,
      0.0,
      0.0,
      {}
    ]
  ],
  "configs": {
    "1": {
      "batch_size": 4196,
      "epochs": 273,
      "label_smoothing": 0.08481587605661728,
      "lr": 0.13138722876353623,
      "lr_peak_epoch": 0.813284174250438,
      "lr_tta": "True",
      "momentum": 0.782470498723945,
      "num_workers": 8,
      "weight_decay": 0.004907800763303775
    },
    "2": {
      "batch_size": 4196,
      "epochs": 91,
      "label_smoothing": 0.3492369861511736,
      "lr": 0.0015422105283938723,
      "lr_peak_epoch": 0.9714288836803749,
      "lr_tta": "True",
      "momentum": 0.6361349571037266,
      "num_workers": 8,
      "weight_decay": 3.3275300977397555e-06
    },
    "3": {
      "batch_size": 4196,
      "epochs": 146,
      "label_smoothing": 0.18423812771115677,
      "lr": 0.0002470660789984503,
      "lr_peak_epoch": 0.8267325412615922,
      "lr_tta": "True",
      "momentum": 0.4301497819341634,
      "num_workers": 8,
      "weight_decay": 0.0001624878962862921
    },
    "4": {
      "batch_size": 4196,
      "epochs": 157,
      "label_smoothing": 0.46219670197077994,
      "lr": 0.0004956568618943287,
      "lr_peak_epoch": 0.9451852389026224,
      "lr_tta": "True",
      "momentum": 0.6718124748499722,
      "num_workers": 8,
      "weight_decay": 1.3992920775086735e-05
    },
    "5": {
      "batch_size": 4196,
      "epochs": 150,
      "label_smoothing": 0.051429844690210724,
      "lr": 0.0004906201166908925,
      "lr_peak_epoch": 0.8488512517788449,
      "lr_tta": "True",
      "momentum": 0.4135663058837963,
      "num_workers": 8,
      "weight_decay": 0.00012865791545122376
    },
    "6": {
      "batch_size": 4196,
      "epochs": 239,
      "label_smoothing": 0.3331142609132918,
      "lr": 0.0034258445886329947,
      "lr_peak_epoch": 0.7464849921659837,
      "lr_tta": "True",
      "momentum": 0.3544440432635373,
      "num_workers": 8,
      "weight_decay": 0.04672381856761254
    },
    "7": {
      "batch_size": 4196,
      "epochs": 173,
      "label_smoothing": 0.19523019923680518,
      "lr": 0.011507678654146399,
      "lr_peak_epoch": 0.29672494708997044,
      "lr_tta": "True",
      "momentum": 0.9017806538641473,
      "num_workers": 8,
      "weight_decay": 0.00016579397605546756
    },
    "8": {
      "batch_size": 4196,
      "epochs": 236,
      "label_smoothing": 0.048356982912958035,
      "lr": 0.003015296308184735,
      "lr_peak_epoch": 0.6468350834133114,
      "lr_tta": "True",
      "momentum": 0.9163205394631451,
      "num_workers": 8,
      "weight_decay": 2.022892601642682e-05
    },
    "9": {
      "batch_size": 4196,
      "epochs": 57,
      "label_smoothing": 0.12690207366268405,
      "lr": 0.004281846404179074,
      "lr_peak_epoch": 0.30319201294873693,
      "lr_tta": "True",
      "momentum": 0.7491078397677352,
      "num_workers": 8,
      "weight_decay": 1.0182136639593398e-05
    },
    "10": {
      "batch_size": 4196,
      "epochs": 57,
      "label_smoothing": 0.12694098696889802,
      "lr": 0.004280036843770654,
      "lr_peak_epoch": 0.3035720217470662,
      "lr_tta": "True",
      "momentum": 0.7489863300616558,
      "num_workers": 8,
      "weight_decay": 1.0157534264320348e-05
    },
    "11": {
      "batch_size": 4196,
      "epochs": 57,
      "label_smoothing": 0.12731169793347236,