{
  "stats": {
    "submitted": 32,
    "finished": 32,
    "running": 0
  },
  "data": [
    [
      1,
      null,
      154428252,
      null,
      -0.0120589854195714,
      0.5,
      1,
      0.0,
      0.0,
      {}
    ],
    [
      2,
      null,
      154428252,
      null,
      -0.01322332676500082,
      0.5,
      1,
      0.0,
      0.0,
      {}
    ],
    [
      3,
      null,
      154428252,
      null,
      -0.019551314413547516,
      0.5,
      1,
      0.0,
      0.0,
      {}
    ],
    [
      4,
      null,
      154428252,
      null,
      -0.01259768009185791,
      0.5,
      1,
      0.0,
      0.0,
      {}
    ],
    [
      5,
      null,
      154428252,
      null,
      -0.012425164692103863,
      0.5,
      1,
      0.0,
      0.0,
      {}
    ],
    [
      6,
      null,
      154428252,
      null,
      -0.01152404397726059,
      0.5,
      1,
      0.0,
      0.0,
      {}
    ],
    [
      7,
      null,
      154428252,
      null,
      -0.4588295519351959,
      0.5,
      1,
      0.0,
      0.0,
      {}
    ],
    [
      8,
      null,
      154428252,
      null,
      -0.333041250705719,
      0.5,
      1,
      0.0,
      0.0,
      {}
    ],
    [
      9,
      null,
      154428252,
      null,
      -0.012946468777954578,
      0.5,
      1,
      0.0,
      0.0,
      {}
    ],
    [
      10,
      null,
      154428252,
      null,
      -0.3971780240535736,
      0.5,
      1,
      0.0,
      0.0,
      {}
    ],
    [
      11,
      null,
      154428252,
      null,
      -0.3968452215194702,
      0.5,
      1,
      0.0,
      0.0,
      {}
    ],
    [
      12,
      null,
      154428252,
      null,
      -0.39770543575286865,
      0.5,
      1,
      0.0,
      0.0,
      {}
    ],
    [
      13,
      null,
      154428252,
      null,
      -0.3945240080356598,
      0.5,
      1,
      0.0,
      0.0,
      {}
    ],
    [
      14,
      null,
      154428252,
      null,
      -0.39676952362060547,
      0.5,
      1,
      0.0,
      0.0,
      {}
    ],
    [
      15,
      null,
      154428252,
      null,
      -0.3960024118423462,
      0.5,
      1,
      0.0,
      0.0,
      {}
    ],
    [
      16,
      null,
      154428252,
      null,
      -0.6324800848960876,
      0.5,
      1,
      0.0,
      0.0,
      {}
    ],
    [
      17,
      null,
      154428252,
      null,
      -0.5609342455863953,
      0.5,
      1,
      0.0,
      0.0,
      {}
    ],
    [
      18,
      null,
      154428252,
      null,
      -0.5608100891113281,
      0.5,
      1,
      0.0,
      0.0,
      {}
    ],
    [
      19,
      null,
      154428252,
      null,
      -0.5231487154960632,
      0.5,
      1,
      0.0,
      0.0,
      {}
    ],
    [
      20,
      null,
      154428252,
      null,
      -0.5548408031463623,
      0.5,
      1,
      0.0,
      0.0,
      {}
    ],
    [
      21,
      null,
      154428252,
      null,
      -0.5705865025520325,
      0.5,
      1,
      0.0,
      0.0,
      {}
    ],
    [
      22,
      null,
      154428252,
      null,
      -0.5624200701713562,
      0.5,
      1,
      0.0,
      0.0,
      {}
    ],
    [
      23,
      null,
      154428252,
      null,
      -0.5138142108917236,
      0.5,
      1,
      0.0,
      0.0,
      {}
    ],
    [
      24,
      null,
      154428252,
      null,
      -0.5649236440658569,
      0.5,
      1,
      0.0,
      0.0,
      {}
    ],
    [
      25,
      null,
      154428252,
      null,
      -0.5867030620574951,
      0.5,
      1,
      0.0,
      0.0,
      {}
    ],
    [
      26,
      null,
      154428252,
      null,
      -0.5924378037452698,
      0.5,
      1,
      0.0,
      0.0,
      {}
    ],
    [
      27,
      null,
      154428252,
      null,
      -0.4162686765193939,
      0.5,
      1,
      0.0,
      0.0,
      {}
    ],
    [
      28,
      null,
      154428252,
      null,
      -0.5932345986366272,
      0.5,
      1,
      0.0,
      0.0,
      {}
    ],
    [
      29,
      null,
      154428252,
      null,
      -0.6001896262168884,
      0.5,
      1,
      0.0,
      0.0,
      {}
    ],
    [
      30,
      null,
      154428252,
      null,
      -0.5942537188529968,
      0.5,
      1,
      0.0,
      0.0,
      {}
    ],
    [
      31,
      null,
      154428252,
      null,
      -0.5938578248023987,
      0.5,
      1,
      0.0,
      0.0,
      {}
    ],
    [
      32,
      null,
      154428252,
      null,
      -0.14803682267665863,
      0.5,
      1,
      0.0,
      0.0,
      {}
    ]
  ],
  "configs": {
    "1": {
      "batch_size": 4196,
      "epochs": 39,
      "label_smoothing": 0.36298470061910276,
      "lr": 4.647616819691054,
      "lr_peak_epoch": 0.5837127964167382,
      "lr_tta": "True",
      "momentum": 0.7806177553327279,
      "num_workers": 8,
      "weight_decay": 0.007095436794891108
    },
    "2": {
      "batch_size": 4196,
      "epochs": 126,
      "label_smoothing": 0.15444672695978062,
      "lr": 0.502243112215051,
      "lr_peak_epoch": 0.7574898027239589,
      "lr_tta": "True",
      "momentum": 0.845701375322949,
      "num_workers": 8,
      "weight_decay": 3.822720223977665e-05
    },
    "3": {
      "batch_size": 4196,
      "epochs": 285,
      "label_smoothing": 0.31214346746165395,
      "lr": 0.000142185136951911,
      "lr_peak_epoch": 0.892976821335325,
      "lr_tta": "True",
      "momentum": 0.3097944394847799,
      "num_workers": 8,
      "weight_decay": 0.04978367812693129
    },
    "4": {
      "batch_size": 4196,
      "epochs": 131,
      "label_smoothing": 0.23771778251793674,
      "lr": 0.19374753057936026,
      "lr_peak_epoch": 0.9216519594895777,
      "lr_tta": "True",
      "momentum": 0.7436009389818381,
      "num_workers": 8,
      "weight_decay": 8.243311713436429e-06
    },
    "5": {
      "batch_size": 4196,
      "epochs": 282,
      "label_smoothing": 0.1875104807546682,
      "lr": 1.7596506594213386,
      "lr_peak_epoch": 0.9115023252722525,
      "lr_tta": "True",
      "momentum": 0.9774153452772317,
      "num_workers": 8,
      "weight_decay": 0.018203272636896712
    },
    "6": {
      "batch_size": 4196,
      "epochs": 220,
      "label_smoothing": 0.10130698579172237,
      "lr": 8.399912292199806,
      "lr_peak_epoch": 0.37931036630044823,
      "lr_tta": "True",
      "momentum": 0.7490676019703427,
      "num_workers": 8,
      "weight_decay": 0.03881865164526785
    },
    "7": {
      "batch_size": 4196,
      "epochs": 115,
      "label_smoothing": 0.09447042269361577,
      "lr": 0.00026574117889282644,
      "lr_peak_epoch": 0.580694842654967,
      "lr_tta": "True",
      "momentum": 0.395631783239632,
      "num_workers": 8,
      "weight_decay": 0.003044179274244745
    },
    "8": {
      "batch_size": 4196,
      "epochs": 36,
      "label_smoothing": 0.13834170173975713,
      "lr": 0.00016897269411282945,
      "lr_peak_epoch": 0.36747787324877834,
      "lr_tta": "True",
      "momentum": 0.7868016014005887,
      "num_workers": 8,
      "weight_decay": 9.889385587391112e-06
    },
    "9": {
      "batch_size": 4196,
      "epochs": 148,
      "label_smoothing": 0.34687189105118316,
      "lr": 0.0031548277364748982,
      "lr_peak_epoch": 0.6627265139751463,
      "lr_tta": "True",
      "momentum": 0.06239204124146169,
      "num_workers": 8,
      "weight_decay": 0.09905378032953968
    },
    "10": {
      "batch_size": 4196,
      "epochs": 89,
      "label_smoothing": 0.025339434333450893,
      "lr": 0.0001537426116185913,
      "lr_peak_epoch": 0.5069612533661011,
      "lr_tta": "True",
      "momentum": 0.3323490844083611,
      "num_workers": 8,
      "weight_decay": 0.005812272593443031
    },
    "11": {
      "batch_size": 4196,
      "epochs": 89,
      "label_smoothing": 0.025128555801424663,
      "lr": 0.00015363167138223357,
      "lr_peak_epoch": 0.5066087536306844,