{
  "stats": {
    "submitted": 32,
    "finished": 32,
    "running": 0
  },
  "data": [
    [
      1,
      null,
      431084378,
      null,
      -0.7362120747566223,
      0.5,
      1,
      0.0,
      0.0,
      {}
    ],
    [
      2,
      null,
      431084378,
      null,
      -0.6941612362861633,
      0.5,
      1,
      0.0,
      0.0,
      {}
    ],
    [
      3,
      null,
      431084378,
      null,
      -0.6465584635734558,
      0.5,
      1,
      0.0,
      0.0,
      {}
    ],
    [
      4,
      null,
      431084378,
      null,
      -0.7334627509117126,
      0.5,
      1,
      0.0,
      0.0,
      {}
    ],
    [
      5,
      null,
      431084378,
      null,
      -0.6145758628845215,
      0.5,
      1,
      0.0,
      0.0,
      {}
    ],
    [
      6,
      null,
      431084378,
      null,
      -0.6460385918617249,
      0.5,
      1,
      0.0,
      0.0,
      {}
    ],
    [
      7,
      null,
      431084378,
      null,
      -0.7412727475166321,
      0.5,
      1,
      0.0,
      0.0,
      {}
    ],
    [
      8,
      null,
      431084378,
      null,
      -0.5661476254463196,
      0.5,
      1,
      0.0,
      0.0,
      {}
    ],
    [
      9,
      null,
      431084378,
      null,
      -0.7212796211242676,
      0.5,
      1,
      0.0,
      0.0,
      {}
    ],
    [
      10,
      null,
      431084378,
      null,
      -0.7198384404182434,
      0.5,
      1,
      0.0,
      0.0,
      {}
    ],
    [
      11,
      null,
      431084378,
      null,
      -0.7160115838050842,
      0.5,
      1,
      0.0,
      0.0,
      {}
    ],
    [
      12,
      null,
      431084378,
      null,
      -0.7200767397880554,
      0.5,
      1,
      0.0,
      0.0,
      {}
    ],
    [
      13,
      null,
      431084378,
      null,
      -0.7235932350158691,
      0.5,
      1,
      0.0,
      0.0,
      {}
    ],
    [
      14,
      null,
      431084378,
      null,
      -0.7209580540657043,
      0.5,
      1,
      0.0,
      0.0,
      {}
    ],
    [
      15,
      null,
      431084378,
      null,
      -0.7200555801391602,
      0.5,
      1,
      0.0,
      0.0,
      {}
    ],
    [
      16,
      null,
      431084378,
      null,
      -0.7133862972259521,
      0.5,
      1,
      0.0,
      0.0,
      {}
    ],
    [
      17,
      null,
      431084378,
      null,
      -0.6841357350349426,
      0.5,
      1,
      0.0,
      0.0,
      {}
    ],
    [
      18,
      null,
      431084378,
      null,
      -0.680355966091156,
      0.5,
      1,
      0.0,
      0.0,
      {}
    ],
    [
      19,
      null,
      431084378,
      null,
      -0.673388659954071,
      0.5,
      1,
      0.0,
      0.0,
      {}
    ],
    [
      20,
      null,
      431084378,
      null,
      -0.6770876049995422,
      0.5,
      1,
      0.0,
      0.0,
      {}
    ],
    [
      21,
      null,
      431084378,
      null,
      -0.7395350337028503,
      0.5,
      1,
      0.0,
      0.0,
      {}
    ],
    [
      22,
      null,
      431084378,
      null,
      -0.7337133288383484,
      0.5,
      1,
      0.0,
      0.0,
      {}
    ],
    [
      23,
      null,
      431084378,
      null,
      -0.7416178584098816,
      0.5,
      1,
      0.0,
      0.0,
      {}
    ],
    [
      24,
      null,
      431084378,
      null,
      -0.7370996475219727,
      0.5,
      1,
      0.0,
      0.0,
      {}
    ],
    [
      25,
      null,
      431084378,
      null,
      -0.6863041520118713,
      0.5,
      1,
      0.0,
      0.0,
      {}
    ],
    [
      26,
      null,
      431084378,
      null,
      -0.6814135909080505,
      0.5,
      1,
      0.0,
      0.0,
      {}
    ],
    [
      27,
      null,
      431084378,
      null,
      -0.6869396567344666,
      0.5,
      1,
      0.0,
      0.0,
      {}
    ],
    [
      28,
      null,
      431084378,
      null,
      -0.684391438961029,
      0.5,
      1,
      0.0,
      0.0,
      {}
    ],
    [
      29,
      null,
      431084378,
      null,
      -0.6849574446678162,
      0.5,
      1,
      0.0,
      0.0,
      {}
    ],
    [
      30,
      null,
      431084378,
      null,
      -0.6865809559822083,
      0.5,
      1,
      0.0,
      0.0,
      {}
    ],
    [
      31,
      null,
      431084378,
      null,
      -0.6818690896034241,
      0.5,
      1,
      0.0,
      0.0,
      {}
    ],
    [
      32,
      null,
      431084378,
      null,
      -0.687305748462677,
      0.5,
      1,
      0.0,
      0.0,
      {}
    ]
  ],
  "configs": {
    "1": {
      "batch_size": 4196,
      "epochs": 192,
      "label_smoothing": 0.3748886782023725,
      "lr": 0.04715273265329355,
      "lr_peak_epoch": 0.11376580571235251,
      "lr_tta": "True",
      "momentum": 0.8694808799401657,
      "num_workers": 8,
      "weight_decay": 7.809674573859243e-05
    },
    "2": {
      "batch_size": 4196,
      "epochs": 95,
      "label_smoothing": 0.20177552307783853,
      "lr": 0.0009099331417018098,
      "lr_peak_epoch": 0.48067563272095326,
      "lr_tta": "True",
      "momentum": 0.1696846977342238,
      "num_workers": 8,
      "weight_decay": 4.727654308963612e-05
    },
    "3": {
      "batch_size": 4196,
      "epochs": 68,
      "label_smoothing": 0.11605579915303016,
      "lr": 0.06235814621992077,
      "lr_peak_epoch": 0.19659727005335692,
      "lr_tta": "True",
      "momentum": 0.11902780884772135,
      "num_workers": 8,
      "weight_decay": 6.041322178327205e-06
    },
    "4": {
      "batch_size": 4196,
      "epochs": 61,
      "label_smoothing": 0.487894811589238,
      "lr": 0.0017730468014698919,
      "lr_peak_epoch": 0.7391135238492296,
      "lr_tta": "True",
      "momentum": 0.7642171420037892,
      "num_workers": 8,
      "weight_decay": 0.0023574687961362495
    },
    "5": {
      "batch_size": 4196,
      "epochs": 47,
      "label_smoothing": 0.2949891253959044,
      "lr": 0.06200267771882991,
      "lr_peak_epoch": 0.5320124495121709,
      "lr_tta": "True",
      "momentum": 0.10727215128530598,
      "num_workers": 8,
      "weight_decay": 1.802611404180997e-05
    },
    "6": {
      "batch_size": 4196,
      "epochs": 114,
      "label_smoothing": 0.34150878202702173,
      "lr": 0.20295719650367394,
      "lr_peak_epoch": 0.1300877879328758,
      "lr_tta": "True",
      "momentum": 0.10285137727975713,
      "num_workers": 8,
      "weight_decay": 2.2655420792108568e-05
    },
    "7": {
      "batch_size": 4196,
      "epochs": 130,
      "label_smoothing": 0.36130476685083857,
      "lr": 0.0006550601767727672,
      "lr_peak_epoch": 0.8957612674511672,
      "lr_tta": "True",
      "momentum": 0.41846878569518187,
      "num_workers": 8,
      "weight_decay": 0.03855375266402832
    },
    "8": {
      "batch_size": 4196,
      "epochs": 238,
      "label_smoothing": 0.26652985091744014,
      "lr": 0.04543085748108719,
      "lr_peak_epoch": 0.6879224298808821,
      "lr_tta": "True",
      "momentum": 0.44046078548946144,
      "num_workers": 8,
      "weight_decay": 0.0037359413625885685
    },
    "9": {
      "batch_size": 4196,
      "epochs": 70,
      "label_smoothing": 0.4584299496756712,
      "lr": 0.0006727253313872255,
      "lr_peak_epoch": 0.8099234672324972,
      "lr_tta": "True",
      "momentum": 0.6535662908286209,
      "num_workers": 8,
      "weight_decay": 0.008312548875927231
    },
    "10": {
      "batch_size": 4196,
      "epochs": 70,
      "label_smoothing": 0.4596331336196025,
      "lr": 0.0006708492462610773,
      "lr_peak_epoch": 0.8089560787363018,
      "lr_tta": "True",
      "momentum": 0.652910904425359,
      "num_workers": 8,
      "weight_decay": 0.008458733545890641
    },
    "11": {
      "batch_size": 4196,
      "epochs": 71,
      "label_smoothing": 0.4599148327686632,
      "lr": 0.0006705039298391773,
      "lr_peak_epoch": 0.8084763839426995,