{
  "stats": {
    "submitted": 32,
    "finished": 32,
    "running": 0
  },
  "data": [
    [
      1,
      null,
      425292060,
      null,
      -0.7341081500053406,
      0.5,
      1,
      0.0,
      0.0,
      {}
    ],
    [
      2,
      null,
      425292060,
      null,
      -0.21406275033950806,
      0.5,
      1,
      0.0,
      0.0,
      {}
    ],
    [
      3,
      null,
      425292060,
      null,
      -0.324167400598526,
      0.5,
      1,
      0.0,
      0.0,
      {}
    ],
    [
      4,
      null,
      425292060,
      null,
      -0.7309615015983582,
      0.5,
      1,
      0.0,
      0.0,
      {}
    ],
    [
      5,
      null,
      425292060,
      null,
      -0.6670122742652893,
      0.5,
      1,
      0.0,
      0.0,
      {}
    ],
    [
      6,
      null,
      425292060,
      null,
      -0.2951786518096924,
      0.5,
      1,
      0.0,
      0.0,
      {}
    ],
    [
      7,
      null,
      425292060,
      null,
      -0.5890068411827087,
      0.5,
      1,
      0.0,
      0.0,
      {}
    ],
    [
      8,
      null,
      425292060,
      null,
      -0.49109137058258057,
      0.5,
      1,
      0.0,
      0.0,
      {}
    ],
    [
      9,
      null,
      425292060,
      null,
      -0.7156205177307129,
      0.5,
      1,
      0.0,
      0.0,
      {}
    ],
    [
      10,
      null,
      425292060,
      null,
      -0.7150583267211914,
      0.5,
      1,
      0.0,
      0.0,
      {}
    ],
    [
      11,
      null,
      425292060,
      null,
      -0.7163528800010681,
      0.5,
      1,
      0.0,
      0.0,
      {}
    ],
    [
      12,
      null,
      425292060,
      null,
      -0.7079519629478455,
      0.5,
      1,
      0.0,
      0.0,
      {}
    ],
    [
      13,
      null,
      425292060,
      null,
      -0.7131616473197937,
      0.5,
      1,
      0.0,
      0.0,
      {}
    ],
    [
      14,
      null,
      425292060,
      null,
      -0.7104668021202087,
      0.5,
      1,
      0.0,
      0.0,
      {}
    ],
    [
      15,
      null,
      425292060,
      null,
      -0.6070101857185364,
      0.5,
      1,
      0.0,
      0.0,
      {}
    ],
    [
      16,
      null,
      425292060,
      null,
      -0.7157483696937561,
      0.5,
      1,
      0.0,
      0.0,
      {}
    ],
    [
      17,
      null,
      425292060,
      null,
      -0.6852850914001465,
      0.5,
      1,
      0.0,
      0.0,
      {}
    ],
    [
      18,
      null,
      425292060,
      null,
      -0.6674231886863708,
      0.5,
      1,
      0.0,
      0.0,
      {}
    ],
    [
      19,
      null,
      425292060,
      null,
      -0.6851919293403625,
      0.5,
      1,
      0.0,
      0.0,
      {}
    ],
    [
      20,
      null,
      425292060,
      null,
      -0.6766532063484192,
      0.5,
      1,
      0.0,
      0.0,
      {}
    ],
    [
      21,
      null,
      425292060,
      null,
      -0.624057948589325,
      0.5,
      1,
      0.0,
      0.0,
      {}
    ],
    [
      22,
      null,
      425292060,
      null,
      -0.6573402881622314,
      0.5,
      1,
      0.0,
      0.0,
      {}
    ],
    [
      23,
      null,
      425292060,
      null,
      -0.6839866638183594,
      0.5,
      1,
      0.0,
      0.0,
      {}
    ],
    [
      24,
      null,
      425292060,
      null,
      -0.6958346366882324,
      0.5,
      1,
      0.0,
      0.0,
      {}
    ],
    [
      25,
      null,
      425292060,
      null,
      -0.6807606816291809,
      0.5,
      1,
      0.0,
      0.0,
      {}
    ],
    [
      26,
      null,
      425292060,
      null,
      -0.6822972893714905,
      0.5,
      1,
      0.0,
      0.0,
      {}
    ],
    [
      27,
      null,
      425292060,
      null,
      -0.6918799877166748,
      0.5,
      1,
      0.0,
      0.0,
      {}
    ],
    [
      28,
      null,
      425292060,
      null,
      -0.7173583507537842,
      0.5,
      1,
      0.0,
      0.0,
      {}
    ],
    [
      29,
      null,
      425292060,
      null,
      -0.7202703952789307,
      0.5,
      1,
      0.0,
      0.0,
      {}
    ],
    [
      30,
      null,
      425292060,
      null,
      -0.7218108177185059,
      0.5,
      1,
      0.0,
      0.0,
      {}
    ],
    [
      31,
      null,
      425292060,
      null,
      -0.012760316021740437,
      0.5,
      1,
      0.0,
      0.0,
      {}
    ],
    [
      32,
      null,
      425292060,
      null,
      -0.7179727554321289,
      0.5,
      1,
      0.0,
      0.0,
      {}
    ]
  ],
  "configs": {
    "1": {
      "batch_size": 4196,
      "epochs": 192,
      "label_smoothing": 0.25224007652265584,
      "lr": 0.00500115104744727,
      "lr_peak_epoch": 0.037056143355642446,
      "lr_tta": "True",
      "momentum": 0.9802334017581461,
      "num_workers": 8,
      "weight_decay": 0.000281593361629954
    },
    "2": {
      "batch_size": 4196,
      "epochs": 142,
      "label_smoothing": 0.20973630250203507,
      "lr": 0.15222446125355502,
      "lr_peak_epoch": 0.7037363858595675,
      "lr_tta": "True",
      "momentum": 0.7937327947358331,
      "num_workers": 8,
      "weight_decay": 0.004777193430860184
    },
    "3": {
      "batch_size": 4196,
      "epochs": 164,
      "label_smoothing": 0.4413065236941957,
      "lr": 0.7053751647686148,
      "lr_peak_epoch": 0.8748252145872033,
      "lr_tta": "True",
      "momentum": 0.7701341698390414,
      "num_workers": 8,
      "weight_decay": 0.001956816255595432
    },
    "4": {
      "batch_size": 4196,
      "epochs": 293,
      "label_smoothing": 0.07360516050826865,
      "lr": 0.15901581981976462,
      "lr_peak_epoch": 0.7294112588544102,
      "lr_tta": "True",
      "momentum": 0.1650807036389781,
      "num_workers": 8,
      "weight_decay": 5.4884050085232235e-06
    },
    "5": {
      "batch_size": 4196,
      "epochs": 258,
      "label_smoothing": 0.22032005116534786,
      "lr": 0.0004424231002608149,
      "lr_peak_epoch": 0.8067588907790644,
      "lr_tta": "True",
      "momentum": 0.8429944393672169,
      "num_workers": 8,
      "weight_decay": 0.00019523892683201527
    },
    "6": {
      "batch_size": 4196,
      "epochs": 112,
      "label_smoothing": 0.3096066533993598,
      "lr": 0.5549602769279477,
      "lr_peak_epoch": 0.5076166615121998,
      "lr_tta": "True",
      "momentum": 0.5010289273400678,
      "num_workers": 8,
      "weight_decay": 0.00035613925374629616
    },
    "7": {
      "batch_size": 4196,
      "epochs": 44,
      "label_smoothing": 0.43148615498869997,
      "lr": 0.00013285770989615784,
      "lr_peak_epoch": 0.5236050147276452,
      "lr_tta": "True",
      "momentum": 0.6609478937616401,
      "num_workers": 8,
      "weight_decay": 0.0006597079362083147
    },
    "8": {
      "batch_size": 4196,
      "epochs": 289,
      "label_smoothing": 0.0767430850686206,
      "lr": 0.628792534249765,
      "lr_peak_epoch": 0.014671301439789786,
      "lr_tta": "True",
      "momentum": 0.38917956971521195,
      "num_workers": 8,
      "weight_decay": 0.0002666131253068873
    },
    "9": {
      "batch_size": 4196,
      "epochs": 231,
      "label_smoothing": 0.2259768975688795,
      "lr": 0.0026931465445336734,
      "lr_peak_epoch": 0.12155840733384533,
      "lr_tta": "True",
      "momentum": 0.8388293729181813,
      "num_workers": 8,
      "weight_decay": 6.391022630717214e-05
    },
    "10": {
      "batch_size": 4196,
      "epochs": 231,
      "label_smoothing": 0.22606191993192684,
      "lr": 0.0026572242729245546,
      "lr_peak_epoch": 0.11966861645279675,
      "lr_tta": "True",
      "momentum": 0.8393892357504321,
      "num_workers": 8,
      "weight_decay": 6.496827587907588e-05
    },
    "11": {
      "batch_size": 4196,
      "epochs": 231,
      "label_smoothing": 0.22670217928061057,
      "lr": 0.0026744223842921208,