{
  "stats": {
    "submitted": 32,
    "finished": 32,
    "running": 0
  },
  "data": [
    [
      1,
      null,
      1166765048,
      null,
      -0.4504285752773285,
      0.5,
      1,
      0.0,
      0.0,
      {}
    ],
    [
      2,
      null,
      1166765048,
      null,
      -0.012628707103431225,
      0.5,
      1,
      0.0,
      0.0,
      {}
    ],
    [
      3,
      null,
      1166765048,
      null,
      -0.4482724368572235,
      0.5,
      1,
      0.0,
      0.0,
      {}
    ],
    [
      4,
      null,
      1166765048,
      null,
      -0.01152404397726059,
      0.5,
      1,
      0.0,
      0.0,
      {}
    ],
    [
      5,
      null,
      1166765048,
      null,
      -0.01152404397726059,
      0.5,
      1,
      0.0,
      0.0,
      {}
    ],
    [
      6,
      null,
      1166765048,
      null,
      -0.0611748993396759,
      0.5,
      1,
      0.0,
      0.0,
      {}
    ],
    [
      7,
      null,
      1166765048,
      null,
      -0.354729026556015,
      0.5,
      1,
      0.0,
      0.0,
      {}
    ],
    [
      8,
      null,
      1166765048,
      null,
      -0.4406982958316803,
      0.5,
      1,
      0.0,
      0.0,
      {}
    ],
    [
      9,
      null,
      1166765048,
      null,
      -0.5905547142028809,
      0.5,
      1,
      0.0,
      0.0,
      {}
    ],
    [
      10,
      null,
      1166765048,
      null,
      -0.591587483882904,
      0.5,
      1,
      0.0,
      0.0,
      {}
    ],
    [
      11,
      null,
      1166765048,
      null,
      -0.6287078261375427,
      0.5,
      1,
      0.0,
      0.0,
      {}
    ],
    [
      12,
      null,
      1166765048,
      null,
      -0.6023716926574707,
      0.5,
      1,
      0.0,
      0.0,
      {}
    ],
    [
      13,
      null,
      1166765048,
      null,
      -0.5430535078048706,
      0.5,
      1,
      0.0,
      0.0,
      {}
    ],
    [
      14,
      null,
      1166765048,
      null,
      -0.5815021991729736,
      0.5,
      1,
      0.0,
      0.0,
      {}
    ],
    [
      15,
      null,
      1166765048,
      null,
      -0.5590896606445312,
      0.5,
      1,
      0.0,
      0.0,
      {}
    ],
    [
      16,
      null,
      1166765048,
      null,
      -0.5756259560585022,
      0.5,
      1,
      0.0,
      0.0,
      {}
    ],
    [
      17,
      null,
      1166765048,
      null,
      -0.5776293873786926,
      0.5,
      1,
      0.0,
      0.0,
      {}
    ],
    [
      18,
      null,
      1166765048,
      null,
      -0.5899713635444641,
      0.5,
      1,
      0.0,
      0.0,
      {}
    ],
    [
      19,
      null,
      1166765048,
      null,
      -0.5618639588356018,
      0.5,
      1,
      0.0,
      0.0,
      {}
    ],
    [
      20,
      null,
      1166765048,
      null,
      -0.6004204154014587,
      0.5,
      1,
      0.0,
      0.0,
      {}
    ],
    [
      21,
      null,
      1166765048,
      null,
      -0.5806556344032288,
      0.5,
      1,
      0.0,
      0.0,
      {}
    ],
    [
      22,
      null,
      1166765048,
      null,
      -0.012804977595806122,
      0.5,
      1,
      0.0,
      0.0,
      {}
    ],
    [
      23,
      null,
      1166765048,
      null,
      -0.4884190559387207,
      0.5,
      1,
      0.0,
      0.0,
      {}
    ],
    [
      24,
      null,
      1166765048,
      null,
      -0.5688162446022034,
      0.5,
      1,
      0.0,
      0.0,
      {}
    ],
    [
      25,
      null,
      1166765048,
      null,
      -0.6018465161323547,
      0.5,
      1,
      0.0,
      0.0,
      {}
    ],
    [
      26,
      null,
      1166765048,
      null,
      -0.5019873976707458,
      0.5,
      1,
      0.0,
      0.0,
      {}
    ],
    [
      27,
      null,
      1166765048,
      null,
      -0.498222678899765,
      0.5,
      1,
      0.0,
      0.0,
      {}
    ],
    [
      28,
      null,
      1166765048,
      null,
      -0.5108687281608582,
      0.5,
      1,
      0.0,
      0.0,
      {}
    ],
    [
      29,
      null,
      1166765048,
      null,
      -0.47008800506591797,
      0.5,
      1,
      0.0,
      0.0,
      {}
    ],
    [
      30,
      null,
      1166765048,
      null,
      -0.5008169412612915,
      0.5,
      1,
      0.0,
      0.0,
      {}
    ],
    [
      31,
      null,
      1166765048,
      null,
      -0.01152404397726059,
      0.5,
      1,
      0.0,
      0.0,
      {}
    ],
    [
      32,
      null,
      1166765048,
      null,
      -0.5042601227760315,
      0.5,
      1,
      0.0,
      0.0,
      {}
    ]
  ],
  "configs": {
    "1": {
      "batch_size": 4196,
      "epochs": 103,
      "label_smoothing": 0.35826465781850114,
      "lr": 0.00021545675761415941,
      "lr_peak_epoch": 0.09298789858107859,
      "lr_tta": "True",
      "momentum": 0.20062472861889125,
      "num_workers": 8,
      "weight_decay": 2.461924780227783e-05
    },
    "2": {
      "batch_size": 4196,
      "epochs": 187,
      "label_smoothing": 0.17559869339035966,
      "lr": 0.42541555042918233,
      "lr_peak_epoch": 0.4944312562205959,
      "lr_tta": "True",
      "momentum": 0.8970346435051708,
      "num_workers": 8,
      "weight_decay": 0.008367805705853316
    },
    "3": {
      "batch_size": 4196,
      "epochs": 283,
      "label_smoothing": 0.21985103410954415,
      "lr": 0.007754224081668505,
      "lr_peak_epoch": 0.13117071715736184,
      "lr_tta": "True",
      "momentum": 0.6475034191558767,
      "num_workers": 8,
      "weight_decay": 0.001890894743486505
    },
    "4": {
      "batch_size": 4196,
      "epochs": 88,
      "label_smoothing": 0.2589964071960088,
      "lr": 6.041055740970114,
      "lr_peak_epoch": 0.33612017550046613,
      "lr_tta": "True",
      "momentum": 0.9276281206406914,
      "num_workers": 8,
      "weight_decay": 0.00016074649479046969
    },
    "5": {
      "batch_size": 4196,
      "epochs": 234,
      "label_smoothing": 0.4684652847861764,
      "lr": 0.1196026841777936,
      "lr_peak_epoch": 0.6197581051548692,
      "lr_tta": "True",
      "momentum": 0.1077177214313223,
      "num_workers": 8,
      "weight_decay": 0.09729891009461511
    },
    "6": {
      "batch_size": 4196,
      "epochs": 114,
      "label_smoothing": 0.02709092808149982,
      "lr": 0.052504994599683386,
      "lr_peak_epoch": 0.8749118176542409,
      "lr_tta": "True",
      "momentum": 0.012280787127523118,
      "num_workers": 8,
      "weight_decay": 0.00406282085040922
    },
    "7": {
      "batch_size": 4196,
      "epochs": 287,
      "label_smoothing": 0.43400227573041206,
      "lr": 0.00020033100199853035,
      "lr_peak_epoch": 0.7165594542723194,
      "lr_tta": "True",
      "momentum": 0.1294572013445363,
      "num_workers": 8,
      "weight_decay": 0.013575347039107467
    },
    "8": {
      "batch_size": 4196,
      "epochs": 258,
      "label_smoothing": 0.05059104497085076,
      "lr": 0.025032275749458776,
      "lr_peak_epoch": 0.6129142045966355,
      "lr_tta": "True",
      "momentum": 0.712692940687459,
      "num_workers": 8,
      "weight_decay": 0.0005246946602841581
    },
    "9": {
      "batch_size": 4196,
      "epochs": 278,
      "label_smoothing": 0.022158347157676322,
      "lr": 0.008512956847105565,
      "lr_peak_epoch": 0.62206991041568,
      "lr_tta": "True",
      "momentum": 0.64980801062448,
      "num_workers": 8,
      "weight_decay": 0.0002461931524721136
    },
    "10": {
      "batch_size": 4196,
      "epochs": 278,
      "label_smoothing": 0.022568045265868947,
      "lr": 0.008486167568024715,
      "lr_peak_epoch": 0.6217529092782247,
      "lr_tta": "True",
      "momentum": 0.6501194212044182,
      "num_workers": 8,
      "weight_decay": 0.00024468910635836935
    },
    "11": {
      "batch_size": 4196,
      "epochs": 278,
      "label_smoothing": 0.021928488886692746,
      "lr": 0.00850748388876413,