{
  "stats": {
    "submitted": 28,
    "finished": 28,
    "running": 0
  },
  "data": [
    [
      1,
      null,
      1006829948,
      null,
      -0.7186430096626282,
      0.5,
      1,
      0.0,
      0.0,
      {}
    ],
    [
      2,
      null,
      1006829948,
      null,
      -0.014763724990189075,
      0.5,
      1,
      0.0,
      0.0,
      {}
    ],
    [
      3,
      null,
      1006829948,
      null,
      -0.713862955570221,
      0.5,
      1,
      0.0,
      0.0,
      {}
    ],
    [
      4,
      null,
      1006829948,
      null,
      -0.017150701954960823,
      0.5,
      1,
      0.0,
      0.0,
      {}
    ],
    [
      5,
      null,
      1006829948,
      null,
      -0.7184333801269531,
      0.5,
      1,
      0.0,
      0.0,
      {}
    ],
    [
      6,
      null,
      1006829948,
      null,
      -0.20566415786743164,
      0.5,
      1,
      0.0,
      0.0,
      {}
    ],
    [
      7,
      null,
      1006829948,
      null,
      -0.6807395815849304,
      0.5,
      1,
      0.0,
      0.0,
      {}
    ],
    [
      8,
      null,
      1006829948,
      null,
      -0.1706167608499527,
      0.5,
      1,
      0.0,
      0.0,
      {}
    ],
    [
      9,
      null,
      1006829948,
      null,
      -0.7321417927742004,
      0.5,
      1,
      0.0,
      0.0,
      {}
    ],
    [
      10,
      null,
      1006829948,
      null,
      -0.7560985684394836,
      0.5,
      1,
      0.0,
      0.0,
      {}
    ],
    [
      11,
      null,
      1006829948,
      null,
      -0.7350166440010071,
      0.5,
      1,
      0.0,
      0.0,
      {}
    ],
    [
      12,
      null,
      1006829948,
      null,
      -0.7340944409370422,
      0.5,
      1,
      0.0,
      0.0,
      {}
    ],
    [
      13,
      null,
      1006829948,
      null,
      -0.7300801277160645,
      0.5,
      1,
      0.0,
      0.0,
      {}
    ],
    [
      14,
      null,
      1006829948,
      null,
      -0.7340846061706543,
      0.5,
      1,
      0.0,
      0.0,
      {}
    ],
    [
      15,
      null,
      1006829948,
      null,
      -0.7333893775939941,
      0.5,
      1,
      0.0,
      0.0,
      {}
    ],
    [
      16,
      null,
      1006829948,
      null,
      -0.7317385077476501,
      0.5,
      1,
      0.0,
      0.0,
      {}
    ],
    [
      17,
      null,
      1006829948,
      null,
      -0.7011374831199646,
      0.5,
      1,
      0.0,
      0.0,
      {}
    ],
    [
      18,
      null,
      1006829948,
      null,
      -0.7028366923332214,
      0.5,
      1,
      0.0,
      0.0,
      {}
    ],
    [
      19,
      null,
      1006829948,
      null,
      -0.7023388743400574,
      0.5,
      1,
      0.0,
      0.0,
      {}
    ],
    [
      20,
      null,
      1006829948,
      null,
      -0.7025673389434814,
      0.5,
      1,
      0.0,
      0.0,
      {}
    ],
    [
      21,
      null,
      1006829948,
      null,
      -0.7051169872283936,
      0.5,
      1,
      0.0,
      0.0,
      {}
    ],
    [
      22,
      null,
      1006829948,
      null,
      -0.7027882933616638,
      0.5,
      1,
      0.0,
      0.0,
      {}
    ],
    [
      23,
      null,
      1006829948,
      null,
      -0.7071340084075928,
      0.5,
      1,
      0.0,
      0.0,
      {}
    ],
    [
      24,
      null,
      1006829948,
      null,
      -0.7042666077613831,
      0.5,
      1,
      0.0,
      0.0,
      {}
    ],
    [
      25,
      null,
      1006829948,
      null,
      -0.5957334041595459,
      0.5,
      1,
      0.0,
      0.0,
      {}
    ],
    [
      26,
      null,
      1006829948,
      null,
      -0.6162765622138977,
      0.5,
      1,
      0.0,
      0.0,
      {}
    ],
    [
      27,
      null,
      1006829948,
      null,
      -0.5995427966117859,
      0.5,
      1,
      0.0,
      0.0,
      {}
    ],
    [
      28,
      null,
      1006829948,
      null,
      -0.5975802540779114,
      0.5,
      1,
      0.0,
      0.0,
      {}
    ]
  ],
  "configs": {
    "1": {
      "batch_size": 4196,
      "epochs": 229,
      "label_smoothing": 0.0531650761500399,
      "lr": 0.002107301481593244,
      "lr_peak_epoch": 0.5367024957538505,
      "lr_tta": "True",
      "momentum": 0.4907809521260116,
      "num_workers": 8,
      "weight_decay": 0.047263993732972596
    },
    "2": {
      "batch_size": 4196,
      "epochs": 42,
      "label_smoothing": 0.15719800307507031,
      "lr": 4.301979982182675,
      "lr_peak_epoch": 0.17150159955681676,
      "lr_tta": "True",
      "momentum": 0.34569233840499947,
      "num_workers": 8,
      "weight_decay": 3.3553802520330106e-06
    },
    "3": {
      "batch_size": 4196,
      "epochs": 286,
      "label_smoothing": 0.12073744019477078,
      "lr": 0.007421831774588961,
      "lr_peak_epoch": 0.019344950292986662,
      "lr_tta": "True",
      "momentum": 0.41271697076640246,
      "num_workers": 8,
      "weight_decay": 0.005440767000592533
    },
    "4": {
      "batch_size": 4196,
      "epochs": 105,
      "label_smoothing": 0.3891580684849538,
      "lr": 5.504261108960309,
      "lr_peak_epoch": 0.4091815851316577,
      "lr_tta": "True",
      "momentum": 0.3941863099528612,
      "num_workers": 8,
      "weight_decay": 2.7626801476006496e-06
    },
    "5": {
      "batch_size": 4196,
      "epochs": 252,
      "label_smoothing": 0.3497584764142066,
      "lr": 0.0029330683185698233,
      "lr_peak_epoch": 0.5798379989041957,
      "lr_tta": "True",
      "momentum": 0.6508348442674792,
      "num_workers": 8,
      "weight_decay": 0.00010509571403746291
    },
    "6": {
      "batch_size": 4196,
      "epochs": 289,
      "label_smoothing": 0.10068879240042944,
      "lr": 0.1818205148239681,
      "lr_peak_epoch": 0.46442348978838766,
      "lr_tta": "True",
      "momentum": 0.4839333763576309,
      "num_workers": 8,
      "weight_decay": 0.002689414665459076
    },
    "7": {
      "batch_size": 4196,
      "epochs": 240,
      "label_smoothing": 0.2641814573795543,
      "lr": 0.000885853607698583,
      "lr_peak_epoch": 0.9093582739551372,
      "lr_tta": "True",
      "momentum": 0.6614717843575727,
      "num_workers": 8,
      "weight_decay": 0.00011200205146771804
    },
    "8": {
      "batch_size": 4196,
      "epochs": 146,
      "label_smoothing": 0.3215406691505584,
      "lr": 0.2353715042847455,
      "lr_peak_epoch": 0.7295675674415557,
      "lr_tta": "True",
      "momentum": 0.8513130497003115,
      "num_workers": 8,
      "weight_decay": 2.5509974836778467e-06
    },
    "9": {
      "batch_size": 4196,
      "epochs": 286,
      "label_smoothing": 0.2017612939590548,
      "lr": 0.0018861613399249794,
      "lr_peak_epoch": 0.15432270709054066,
      "lr_tta": "True",
      "momentum": 0.4800155762178908,
      "num_workers": 8,
      "weight_decay": 0.0014910376819062539
    },
    "10": {
      "batch_size": 4196,
      "epochs": 292,
      "label_smoothing": 0.2215838008352003,
      "lr": 0.001931487560272034,
      "lr_peak_epoch": 0.8547880005456632,
      "lr_tta": "True",
      "momentum": 0.4367033566492836,
      "num_workers": 8,
      "weight_decay": 0.00472281605341819
    },
    "11": {
      "batch_size": 4196,
      "epochs": 286,
      "label_smoothing": 0.2021265826005365,
      "lr": 0.0018888532118803124,
      "lr_peak_epoch": 0.15489893880707528,
      "lr_tta": "True",
      "momentum": 0.4793241897721948,
      "num_workers": 8,
      "weight_decay": 0.0014829283152366297
    },
    "12": {
      "batch_size": 4196,
      "epochs": 286,
      "label_smoothing": 0.2013363466860231,
      "lr": 0.0018897978384808767,
      "lr_peak_epoch": 0.15456463338122775,
      "lr_tta": "True",
      "momentum": 0.47916366814745687,
      "num_workers": 8,
      "weight_decay": 0.001486748470862049
    },
    "13": {
      "batch_size": 4196,
      "epochs": 286,