{"lr": [1.3913136504493662, 4.002767046713057, 0.10457794074812145, 0.00018044569125963972, 0.018458481847196784, 0.03970506285405062, 1.2164340053520517, 0.4987025268402429, 0.00028374601086107807, 0.0002840219136369292, 0.0002844330977312221, 0.36599746434852876, 0.0002833106186557345, 0.00028303838369017224, 3.422798109063475, 0.0002851566894504907, 0.00019340520170587461, 0.000193758823406698, 0.000193089859011951, 0.00019349991257545322, 0.00019365553999563308, 0.00019450257195878547, 0.8578445606249874, 0.00019484511161661048, 0.0001983765921349763, 0.00019748079139073554, 0.00019830377100716283, 0.16907495621231922, 0.00019889337260711962, 0.00019749979543615316, 0.0001984580120580205, 0.00019918832490297943], "epochs": [136, 101, 182, 44, 230, 172, 31, 60, 105, 106, 106, 126, 105, 106, 43, 105, 139, 139, 139, 139, 139, 139, 118, 139, 30, 30, 30, 45, 30, 30, 30, 30], "lr_peak_epoch": [125, 72, 134, 9, 216, 106, 13, 50, 24, 97, 40, 105, 100, 2, 18, 101, 31, 29, 29, 64, 73, 7, 26, 33, 29, 4, 25, 38, 23, 19, 21, 14], "batch_size": [4196, 4196, 4196, 4196, 4196, 4196, 4196, 4196, 4196, 4196, 4196, 4196, 4196, 4196, 4196, 4196, 4196, 4196, 4196, 4196, 4196, 4196, 4196, 4196, 4196, 4196, 4196, 4196, 4196, 4196, 4196, 4196], "momentum": [0.7882502209342597, 0.8249193605359175, 0.802335311094576, 0.4167904716146107, 0.6141135481938914, 0.33699746412040343, 0.11591820429947586, 0.18807201684179142, 0.4322019645108744, 0.4325640282386249, 0.4319759668452008, 0.08980999447623972, 0.4320444901358016, 0.4326835555602809, 0.7591930637687094, 0.4313342271648043, 0.43975840960192225, 0.4399739897585455, 0.4396764396975182, 0.4400135830958906, 0.4388566697916723, 0.4393108745639548, 0.6110991459558833, 0.43927931570670925, 0.42692950838112215, 0.4256145452790991, 0.42758037847334934, 0.9333573648868093, 0.4268846700812128, 0.4269919808785188, 0.4260781291346441, 0.4275712689907362], "weight_decay": [0.060961265609322274, 2.7318161306499084e-05, 2.3706026928790913e-05, 7.174090764446274e-05, 0.01645895446278621, 0.01279863323262498, 6.296047178834358e-06, 0.001848825044119872, 0.0012978771534146592, 0.0012725997965910227, 0.0012665509266561903, 2.223996466307811e-05, 0.001299529325740384, 0.001271641050129751, 4.0137994148337635e-06, 0.001297595832214532, 0.07776267718942691, 0.07806556383563261, 0.07827814916353329, 0.0780533355867243, 0.07717679941379343, 0.07846567990357028, 0.03558603301750941, 0.07827262901692608, 0.0009236565828550915, 0.0009228502853099744, 0.0009246154113059803, 7.544764091816283e-05, 0.000925606036042015, 0.0009275010560107368, 0.0009224617673954509, 0.0009228705684758248], "label_smoothing": [0.23958991130594048, 0.3638359755978437, 0.14916837466567195, 0.2811355214964258, 0.139665297986733, 0.48774977503350364, 0.029267317432287332, 0.3392486739537812, 0.2511670712097272, 0.2511615683211869, 0.25159882795131483, 0.11569749143376029, 0.2512599547226001, 0.25131065973943295, 0.45668516871091536, 0.25167788953813613, 0.20919356682462317, 0.20969217853559158, 0.20930000599269744, 0.2098277178556485, 0.2093007322512215, 0.20971666373167402, 0.2692295538704523, 0.20947464334241528, 0.2557993260485262, 0.25562439203084764, 0.2552518160025864, 0.027979547162735374, 0.25591206247380266, 0.2556673756120851, 0.25549361646230995, 0.2556176295648395], "num_workers": [8, 8, 8, 8, 8, 8, 8, 8, 8, 8, 8, 8, 8, 8, 8, 8, 8, 8, 8, 8, 8, 8, 8, 8, 8, 8, 8, 8, 8, 8, 8, 8], "lr_tta": [true, true, true, true, true, true, true, true, true, true, true, true, true, true, true, true, true, true, true, true, true, true, true, true, true, true, true, true, true, true, true, true], "time": [2159.853088617325, 1602.8755040168762, 2877.6828587055206, 718.5951724052429, 3659.140424013138, 2731.992641210556, 497.82333278656006, 966.3680193424225, 1721.5625448226929, 1731.3006873130798, 1726.1628985404968, 2001.5210404396057, 1713.6148943901062, 1732.3224697113037, 687.8061575889587, 1714.0816321372986, 2245.581753730774, 2253.0441389083862, 2261.7637968063354, 2261.358334302902, 2252.875557422638, 2251.193058013916, 1902.8918204307556, 2256.9277698993683, 496.2075848579407, 495.713214635849, 494.5997667312622, 722.9951486587524, 495.211541891098, 496.25639629364014, 494.861261844635, 495.2870008945465], "test_accu": [0.01152404397726059, 0.01152404397726059, 0.011948518455028534, 0.35696932673454285, 0.19162291288375854, 0.14323796331882477, 0.01152404397726059, 0.011865324340760708, 0.43887487053871155, 0.4399447739124298, 0.4355083405971527, 0.013647799380123615, 0.45193561911582947, 0.44312992691993713, 0.012826122343540192, 0.4424074590206146, 0.014318105764687061, 0.01212854404002428, 0.01152404397726059, 0.013264231383800507, 0.012155815958976746, 0.011140476912260056, 0.012770198285579681, 0.01535083632916212, 0.3272693455219269, 0.3308281898498535, 0.32365599274635315, 0.01152404397726059, 0.32341769337654114, 0.32180771231651306, 0.3217729330062866, 0.3262328803539276]}