{"lr": [0.00014778764153661306, 0.03688449292336405, 0.0005131738165953944, 0.004136663581548349, 0.0009753341008478664, 0.36289571128537723, 0.02077502965216859, 0.11868597272109506, 0.003270261658222219, 0.0032753199210539563, 0.003286332724386082, 0.0032865251607058048, 0.003258196291476446, 0.0032626535531717496, 0.0032901639543847843, 0.0032483698440242095, 0.04645109443959294, 0.045343217448103004, 0.04676791057250307, 0.04444667093501181, 0.044102854672773466, 0.1510286927262273, 0.04301915916602589, 0.050516544794127975, 0.07516635635450805, 0.0023274918945385592, 0.002324924762584527, 0.0023259593556648707, 0.0023241794349621457, 0.002318763729632085, 0.002332634794787483, 0.0023291713379054936], "epochs": [57, 143, 71, 128, 202, 170, 288, 235, 277, 277, 277, 277, 277, 277, 277, 277, 194, 194, 192, 194, 195, 70, 195, 193, 62, 132, 132, 132, 132, 132, 131, 132], "lr_peak_epoch": [34, 55, 66, 54, 103, 31, 238, 3, 264, 127, 89, 215, 185, 46, 142, 18, 31, 8, 72, 74, 7, 62, 131, 165, 33, 35, 5, 72, 18, 54, 53, 9], "batch_size": [4196, 4196, 4196, 4196, 4196, 4196, 4196, 4196, 4196, 4196, 4196, 4196, 4196, 4196, 4196, 4196, 4196, 4196, 4196, 4196, 4196, 4196, 4196, 4196, 4196, 4196, 4196, 4196, 4196, 4196, 4196, 4196], "momentum": [0.7300783075715948, 0.9823903718342488, 0.3449022135726332, 0.4765950569782553, 0.1522175121090774, 0.3878348822038432, 0.5123655949095578, 0.2550806677901474, 0.2564209642853884, 0.2555386554338011, 0.2551801428304697, 0.2557414885502316, 0.25554366988108534, 0.25767994544519185, 0.25550320579961666, 0.25421813297091356, 0.740813461889623, 0.7374726959236935, 0.7379304175079177, 0.7462774154383256, 0.7355396226704314, 0.6491212050826446, 0.7316873195331879, 0.7541609126409872, 0.21078731485916014, 0.40294886722118456, 0.4021603219081149, 0.4005669749116068, 0.404783704469979, 0.4030948588226188, 0.40017436177015003, 0.40087955893717137], "weight_decay": [3.584678057145723e-05, 2.001657397927477e-05, 3.173161962697327e-06, 8.184990900046657e-06, 0.000811580143810736, 0.018300883004969935, 7.95040659347423e-06, 0.0859977734856453, 8.266951406951404e-06, 8.339251638070325e-06, 8.251872663988812e-06, 8.278973833505742e-06, 8.344780725796407e-06, 8.41214365680511e-06, 8.114377961962076e-06, 8.247472924522501e-06, 9.117609280366688e-06, 9.124798584143718e-06, 9.109237506606232e-06, 9.103915126815354e-06, 9.140764148982208e-06, 0.0006258366747513916, 9.157285536743008e-06, 9.064050641944361e-06, 0.010993222590353926, 0.008227322774521238, 0.008113522520364425, 0.008212815206490387, 0.008216651163384202, 0.008204686418703418, 0.008157236509226777, 0.008062497696947528], "label_smoothing": [0.1588987564877946, 0.22445566453383292, 0.3545346300264831, 0.44567327643795684, 0.2834710589900175, 0.040590329186743435, 0.37141272286579063, 0.44467925129556424, 0.4117292840900088, 0.4120020349734872, 0.4114160551145678, 0.41186359552845836, 0.4113538229671959, 0.4118653620637244, 0.411857087133415, 0.4112334254776505, 0.38768623223919696, 0.38776011827989176, 0.3869974197243419, 0.38799288187177117, 0.3881427617466873, 0.3259874387119516, 0.3882352712692212, 0.38649416537564885, 0.2164942379647425, 0.3426723422954728, 0.3426668373962754, 0.343431023740738, 0.34381105773556714, 0.34348226546684324, 0.34207004982082667, 0.34055402595074524], "num_workers": [8, 8, 8, 8, 8, 8, 8, 8, 8, 8, 8, 8, 8, 8, 8, 8, 8, 8, 8, 8, 8, 8, 8, 8, 8, 8, 8, 8, 8, 8, 8, 8], "lr_tta": [true, true, true, true, true, true, true, true, true, true, true, true, true, true, true, true, true, true, true, true, true, true, true, true, true, true, true, true, true, true, true, true], "time": [1134.3852105140686, 2763.6935460567474, 1406.8397753238678, 2509.1579670906067, 3981.081643342972, 3288.6019134521484, 5569.133305549622, 4553.28612112999, 5450.149465084076, 5480.210427761078, 5411.729779005051, 5451.506929397583, 5434.232523679733, 5462.047366142273, 5412.78532576561, 5413.226881980896, 3764.3780488967896, 3758.7534523010254, 3731.9560809135437, 3760.7606267929077, 3786.733560323715, 1368.0292520523071, 3790.486456632614, 3757.955504179001, 1215.3602678775787, 2596.5019114017487, 2599.4948608875275, 2591.040510892868, 2600.496965646744, 2599.418930530548, 2583.800562620163, 2602.6745421886444], "test_accu": [0.3693225681781769, 0.26902011036872864, 0.45159053802490234, 0.5711759328842163, 0.5598493218421936, 0.012884418480098248, 0.5136802196502686, 0.01152404397726059, 0.4896627962589264, 0.5370658040046692, 0.48280227184295654, 0.5462437868118286, 0.5367094874382019, 0.5416597723960876, 0.48319947719573975, 0.5080051422119141, 0.290592223405838, 0.2951315939426422, 0.261954665184021, 0.34628573060035706, 0.2872096598148346, 0.015112512744963169, 0.3176185190677643, 0.23222501575946808, 0.021202178671956062, 0.5201881527900696, 0.5209713578224182, 0.5110982060432434, 0.5251953601837158, 0.5179216265678406, 0.5248776078224182, 0.5241451859474182]}