{"lr": [0.013320405937637555, 0.17654600281556374, 1.8174788353344342, 0.001237164501335669, 0.009774890984147026, 6.48371869219383, 0.0006822986382856521, 0.0004605791874227885, 0.0037153472227043644, 0.35276580002811614, 0.0037175619260564645, 0.0037098283525980077, 0.003714345275470111, 0.0036929854731526613, 0.0036897845442381426, 0.0037077360037489513, 0.003478640976950406, 0.00347243044258243, 0.001516989638691883, 0.0015257063905810815, 0.0015101564853714704, 0.0008034025380010122, 0.002637973867189023, 0.0026254646441230766, 0.0029479558653158727, 0.00296788890374691, 0.002971057267900156, 0.0029403863383050625, 0.0029670128757496804, 0.0029649780966062534, 0.0030234524715681693, 0.0029437033154655658], "epochs": [205, 31, 199, 94, 163, 282, 152, 153, 249, 281, 249, 249, 249, 249, 249, 249, 286, 287, 286, 286, 286, 143, 285, 284, 170, 170, 170, 170, 170, 170, 170, 171], "lr_peak_epoch": [126, 0, 183, 6, 109, 4, 110, 66, 26, 36, 233, 63, 77, 104, 37, 68, 183, 94, 29, 222, 280, 140, 258, 193, 30, 127, 166, 21, 7, 109, 67, 157], "batch_size": [4196, 4196, 4196, 4196, 4196, 4196, 4196, 4196, 4196, 4196, 4196, 4196, 4196, 4196, 4196, 4196, 4196, 4196, 4196, 4196, 4196, 4196, 4196, 4196, 4196, 4196, 4196, 4196, 4196, 4196, 4196, 4196], "momentum": [0.20523760114088796, 0.2536582981156239, 0.09398534588068053, 0.0953578941919313, 0.3723567935167734, 0.4871707143759263, 0.4113993409870573, 0.36543252062026255, 0.2777153839640439, 0.766039923042786, 0.2769435368332551, 0.27758591395930177, 0.2782583968660926, 0.2789822825526396, 0.2779289825435462, 0.27824398090945357, 0.0007252809244603733, 0.000271861488431187, 5.017407603490499e-05, 0.00036569406149154207, 0.00086706746720762, 0.8544027817812385, 0.0002080906665439125, 9.019723967936292e-05, 0.6920009965112845, 0.6920444096933451, 0.6923152698100489, 0.6934456409356682, 0.6908890496534822, 0.6913126900114688, 0.6895090002584774, 0.6916269715840501], "weight_decay": [2.0730060227118668e-05, 1.4849358210653784e-05, 1.3180801853366284e-05, 1.7777789171028086e-05, 0.0005619570448384616, 1.893841580838084e-05, 0.023219449962434677, 0.00019068111769361543, 1.683848546732164e-05, 0.0017464358335778998, 1.703638838910877e-05, 1.688186437097186e-05, 1.6901538734170823e-05, 1.6796043400374467e-05, 1.665916945347629e-05, 1.7247161764693528e-05, 1.0051276815534283e-06, 1.0097047879857167e-06, 1.0005036563853533e-06, 1.000494372817902e-06, 1.0053992896236968e-06, 1.6569192784240618e-06, 1.0008816555822783e-06, 1.0025865776435837e-06, 1.0004957780593661e-06, 1.0002495929853438e-06, 1.0010553951515887e-06, 1.0007047053722968e-06, 1.002022129296154e-06, 1.0034463528457336e-06, 1.00035346717321e-06, 1.0033099134339683e-06], "label_smoothing": [0.1577717687455118, 0.4672470079748125, 0.42724585500647455, 0.14872666907171744, 0.46229668040781735, 0.005615969606267535, 0.20189973446969395, 0.20415927335863204, 0.18284221562988495, 0.20922726972147065, 0.18309599510762667, 0.18296672901891264, 0.18256479749474921, 0.1838383242507726, 0.18323268328703007, 0.18222205724667828, 0.000501355636917944, 0.00019086133507287273, 0.3622720354505889, 0.3611172369441957, 0.3614728980526093, 0.3300777893106888, 3.281254531188343e-05, 3.5593102497955486e-05, 2.5008874210967202e-05, 0.00013994498792736006, 0.00011436790980314459, 0.00012004630338202145, 7.277815999391098e-05, 3.13160418348272e-05, 4.31635694467257e-05, 5.82714237598854e-05], "num_workers": [8, 8, 8, 8, 8, 8, 8, 8, 8, 8, 8, 8, 8, 8, 8, 8, 8, 8, 8, 8, 8, 8, 8, 8, 8, 8, 8, 8, 8, 8, 8, 8], "lr_tta": [true, true, true, true, true, true, true, true, true, true, true, true, true, true, true, true, true, true, true, true, true, true, true, true, true, true, true, true, true, true, true, true], "time": [3290.7960698604584, 501.6257996559143, 3202.257871866226, 1542.0188829898834, 2639.4346289634705, 4506.694004774094, 2478.3799192905426, 2506.734133720398, 4034.9755930900574, 4491.8295521736145, 4059.2359097003937, 4029.7084243297577, 4061.1793286800385, 4068.2320368289948, 4075.3535449504852, 4074.230858564377, 4636.507734775543, 4693.177561759949, 4700.882644176483, 4709.018426179886, 4716.163140296936, 2366.3788199424744, 4705.238990068436, 4675.331843852997, 2807.6372933387756, 2807.2162137031555, 2804.4812557697296, 2812.759133577347, 2808.5047624111176, 2812.819081544876, 2818.0051379203796, 2832.341427564621], "test_accu": [0.5046300888061523, 0.01152404397726059, 0.014622233808040619, 0.5037848949432373, 0.44556769728660583, 0.016007505357265472, 0.324150025844574, 0.46729254722595215, 0.5163055062294006, 0.01152404397726059, 0.5576809048652649, 0.5014040470123291, 0.5623119473457336, 0.5644544959068298, 0.5582294464111328, 0.568818986415863, 0.48758235573768616, 0.5306584239006042, 0.4958418309688568, 0.5019488334655762, 0.5067538619041443, 0.4893140494823456, 0.5257256031036377, 0.5207443237304688, 0.5419873595237732, 0.5411248207092285, 0.542992889881134, 0.5324023365974426, 0.5256447196006775, 0.5349195599555969, 0.5431268215179443, 0.5353937745094299]}