{"lr": [0.0003114097893090815, 0.68775472383933, 0.0002901236633812086, 0.28011570480249787, 0.0006722821142282564, 0.04066800761518023, 0.0026226264641436023, 1.1934291855706884, 0.0011516483355744952, 0.11731096123659335, 0.001149776580426032, 0.2137524401364605, 0.001150743598995817, 0.00013977077743390623, 0.0011471859153480805, 0.0011471032135649856, 0.0026663006081959336, 0.002669194117431604, 0.002666340996409161, 0.00267044304182419, 0.002658168588107068, 0.0026744908645635825, 0.0026757917804099943, 0.0026748616567034214, 0.002814564018941643, 0.0028019974490099764, 0.002799951184469623, 0.002830426542001108, 0.002818017136355202, 0.0028164818197260752, 0.002786081326624333, 0.002799288915849097], "epochs": [97, 37, 256, 30, 241, 31, 75, 114, 112, 61, 112, 220, 112, 129, 112, 112, 194, 194, 194, 194, 194, 194, 194, 194, 243, 243, 243, 241, 242, 242, 243, 243], "lr_peak_epoch": [56, 13, 211, 11, 166, 21, 68, 80, 62, 34, 97, 156, 18, 109, 107, 39, 180, 166, 156, 60, 84, 119, 190, 31, 183, 147, 47, 0, 105, 83, 214, 43], "batch_size": [4196, 4196, 4196, 4196, 4196, 4196, 4196, 4196, 4196, 4196, 4196, 4196, 4196, 4196, 4196, 4196, 4196, 4196, 4196, 4196, 4196, 4196, 4196, 4196, 4196, 4196, 4196, 4196, 4196, 4196, 4196, 4196], "momentum": [0.6829217516100716, 0.0943166901566942, 0.32629108448860134, 0.8183381436561317, 0.17606992283071743, 0.1665994411062598, 0.1574037110746792, 0.3048326256492583, 0.10884007682288724, 0.08030043051204339, 0.10887457076956791, 0.7925238025759083, 0.10850410196853522, 0.010766994995352386, 0.10906968137040342, 0.10872273308655951, 0.10862616365247087, 0.10907350754663823, 0.10925100662016682, 0.1088567000885903, 0.10827324585069657, 0.11061918287086209, 0.10922412668407123, 0.11032155969524182, 0.4987475234040244, 0.4949643538086107, 0.502705866821778, 0.49592073761260935, 0.4944455004102429, 0.5018105301282904, 0.4970842448185285, 0.4979253560399869], "weight_decay": [0.03153559648858521, 0.00151341707908105, 0.008605743767405541, 7.219533270765431e-05, 0.00010914690224182842, 0.0012259954367925484, 9.51294401126508e-05, 1.7703953513648003e-05, 4.406786127892551e-05, 0.040046238009551864, 4.416531751983206e-05, 4.693717516286295e-06, 4.339723716890429e-05, 0.024272224979123708, 4.378803917738788e-05, 4.412746380869995e-05, 0.0014501000889685465, 0.0014414284997524595, 0.0014828951525450104, 0.0014612546031217257, 0.00146482821739352, 0.0014210877083122623, 0.0014181542229662076, 0.0014413295191944397, 0.0016700592626374003, 0.0017691053140344328, 0.0016716662836639422, 0.001673768465252011, 0.0017264828185313576, 0.0016283618741687396, 0.001713459123899449, 0.0017112943976051037], "label_smoothing": [0.4164542203322251, 0.2652271008208228, 0.3798041751223696, 0.19419336886556693, 0.36798816080463653, 0.4692104953409319, 0.3228015529171618, 0.0967502868473406, 0.30521156575946246, 0.49631387274457583, 0.3057990403236661, 0.05353406400932181, 0.3053456574672474, 0.3863033392231487, 0.3053866139330944, 0.30521355103487874, 0.37200427024601995, 0.37158327866509655, 0.37178322233097605, 0.37235270142756827, 0.37227302938886114, 0.37167538166447756, 0.3717492076521299, 0.3719427873516741, 0.16244544535393918, 0.1605070264383703, 0.16448616587030288, 0.16161494875007926, 0.16025765577804635, 0.16559764267867166, 0.16126511070897548, 0.1618024612755437], "num_workers": [8, 8, 8, 8, 8, 8, 8, 8, 8, 8, 8, 8, 8, 8, 8, 8, 8, 8, 8, 8, 8, 8, 8, 8, 8, 8, 8, 8, 8, 8, 8, 8], "lr_tta": [true, true, true, true, true, true, true, true, true, true, true, true, true, true, true, true, true, true, true, true, true, true, true, true, true, true, true, true, true, true, true, true], "time": [1597.9813299179077, 598.8317754268646, 4222.136467933655, 486.41378712654114, 3986.2539477348328, 505.3129918575287, 1240.071841955185, 1861.3447234630585, 1856.161072731018, 990.4793000221252, 1853.2275319099426, 3545.5041315555573, 1856.4265158176422, 2131.4327585697174, 1851.2003662586212, 1852.4304661750793, 3186.5851771831512, 3190.6848018169403, 3190.708009004593, 3189.121122121811, 3194.058089494705, 3195.6697351932526, 3194.611152410507, 3196.931729078293, 4003.271595478058, 3998.7316172122955, 4006.563071012497, 3983.1357839107513, 3989.054720401764, 3994.8871870040894, 4017.9905841350555, 4019.1067695617676], "test_accu": [0.255839079618454, 0.01323696132749319, 0.4607497751712799, 0.011167746968567371, 0.4872584640979767, 0.022719062864780426, 0.5834088325500488, 0.013361062854528427, 0.5122776031494141, 0.01152404397726059, 0.512823760509491, 0.020421406254172325, 0.5123917460441589, 0.3292567729949951, 0.5075693726539612, 0.5103225111961365, 0.6024336814880371, 0.6260416507720947, 0.6170324087142944, 0.6183368563652039, 0.6135120987892151, 0.6180787682533264, 0.6112008690834045, 0.6202100515365601, 0.6320170760154724, 0.6206654906272888, 0.6229209303855896, 0.6195731163024902, 0.6184412240982056, 0.6241684556007385, 0.6282721161842346, 0.6182997226715088]}