{"lr": [0.0016103705217613389, 0.0014157908759395072, 0.6134751998913276, 0.042309032124327836, 8.089884409723723, 3.972452557801549, 0.06950225469875265, 0.4380726858879708, 0.0011860033632577407, 0.27650104438587747, 0.00024023747049093055, 0.0011809220290619146, 0.001179502263061903, 0.0011802372666335932, 0.0011779341615297384, 0.001179770221877985, 0.0005636277033752488, 0.000564494481869571, 9.73677034367857, 0.0005659566477446649, 0.0005645399784292649, 0.0005612708624432198, 0.0005615293700007989, 0.0005625692521775765, 0.0011904553763642945, 0.0011885021002031185, 0.0011907721339821165, 0.0011846603208117764, 0.0011959190974610385, 0.001184006331461077, 0.0011891027520555054, 0.001194549227435816], "epochs": [56, 47, 44, 264, 267, 264, 84, 107, 125, 284, 132, 125, 125, 125, 125, 124, 30, 30, 272, 30, 30, 30, 30, 30, 147, 147, 147, 147, 147, 147, 147, 147], "lr_peak_epoch": [0, 40, 36, 188, 44, 8, 29, 77, 68, 30, 91, 15, 84, 111, 50, 18, 29, 29, 54, 0, 10, 3, 25, 28, 32, 113, 114, 3, 28, 94, 104, 142], "batch_size": [4196, 4196, 4196, 4196, 4196, 4196, 4196, 4196, 4196, 4196, 4196, 4196, 4196, 4196, 4196, 4196, 4196, 4196, 4196, 4196, 4196, 4196, 4196, 4196, 4196, 4196, 4196, 4196, 4196, 4196, 4196, 4196], "momentum": [0.1827219972737747, 0.6148729025201042, 0.8377726168834291, 0.7763075793496174, 0.02390902962561592, 0.0130068896395652, 0.30581582687732445, 0.5099763705693782, 0.2695511545956448, 0.10105735630742341, 0.6386514751666145, 0.26940135753777444, 0.26949359783216187, 0.269702528940944, 0.26861037031797996, 0.2697042709036934, 0.191079369666414, 0.1894313543950365, 0.4624153066697395, 0.19175191375479755, 0.19134799245913617, 0.1914550369920848, 0.1928075371910533, 0.1918318813141351, 0.36885885504883376, 0.3689706913356647, 0.36876424241887357, 0.36988600504072255, 0.3685723828241124, 0.36984772592324155, 0.3695714356624769, 0.3693575779622736], "weight_decay": [0.0014130142967554913, 3.937479245383713e-05, 4.617324358120957e-06, 3.5754238932556076e-05, 3.365683887065339e-06, 0.0017074957570275937, 1.9158132539212944e-05, 2.737307062741871e-06, 0.0037470075299207623, 6.825288761289175e-06, 2.370367293885662e-06, 0.003728191329150428, 0.003761475202739224, 0.0037070735795761392, 0.0037117232115800075, 0.0037457406912020093, 0.0998013583120576, 0.0999806443598671, 0.011223796605462489, 0.0998474443466412, 0.09984327750547399, 0.09991187760407332, 0.0999463590244563, 0.09956870159652692, 0.0007388661987306025, 0.0007380111564976065, 0.0007385042362740904, 0.0007367431341693411, 0.0007397370698296516, 0.0007386224573350201, 0.0007336477911401781, 0.0007429268155650291], "label_smoothing": [0.23796963110208663, 0.34864245913772957, 0.02025952884282317, 0.4964138721165293, 0.44701390919072376, 0.31665025901749544, 0.08942930573898777, 0.3633386615850019, 0.35600382260907476, 0.43922762074242355, 0.36048416303290365, 0.355551122428433, 0.35566372535162855, 0.3554715265635359, 0.35609313009832977, 0.35680466738017996, 0.28571280968977275, 0.2862404122514681, 0.08232434470885686, 0.2855827663397676, 0.2846745501466364, 0.2851622978121554, 0.2845352223733917, 0.28522549147593873, 0.4114724484366993, 0.41115754333237603, 0.41163873389022115, 0.41113382568230133, 0.4114166134803616, 0.4112007394640053, 0.4115101820861629, 0.4115980221058344], "num_workers": [8, 8, 8, 8, 8, 8, 8, 8, 8, 8, 8, 8, 8, 8, 8, 8, 8, 8, 8, 8, 8, 8, 8, 8, 8, 8, 8, 8, 8, 8, 8, 8], "lr_tta": [true, true, true, true, true, true, true, true, true, true, true, true, true, true, true, true, true, true, true, true, true, true, true, true, true, true, true, true, true, true, true, true], "time": [1063.233812570572, 892.1380531787872, 812.399772644043, 4830.284538984299, 5020.380279779434, 4928.389939785004, 1538.6680526733398, 1959.3833973407745, 2363.453292608261, 5195.929894924164, 2523.2106325626373, 2360.7148082256317, 2360.578825712204, 2358.019581079483, 2356.805320739746, 2342.723005056381, 569.298944234848, 569.7065427303314, 4967.605105876923, 569.8590052127838, 570.6054759025574, 570.2044880390167, 572.1340880393982, 570.5841448307037, 2793.491542816162, 2800.9975097179413, 2802.724444627762, 2810.105307817459, 2807.2155549526215, 2809.1851029396057, 2803.627504348755, 2803.140844345093], "test_accu": [0.5512584447860718, 0.4890855848789215, 0.010756907053291798, 0.28638800978660583, 0.014763724990189075, 0.015157174319028854, 0.04535117745399475, 0.011803273111581802, 0.5508127808570862, 0.016034776344895363, 0.4207671582698822, 0.5510003566741943, 0.5523297190666199, 0.5378837585449219, 0.5512757897377014, 0.5464708805084229, 0.017040235921740532, 0.015986362472176552, 0.01152404397726059, 0.011776003055274487, 0.015451421029865742, 0.017340609803795815, 0.01152404397726059, 0.010373339988291264, 0.5620365142822266, 0.563977837562561, 0.5665547251701355, 0.5688970685005188, 0.5681397914886475, 0.5682775378227234, 0.5638226866722107, 0.5644159317016602]}