{"lr": [0.00023162424064106704, 0.07578013146533166, 0.01340934466522597, 0.0027336913679066816, 0.13178436190055182, 0.07456310734088376, 6.285297809835322, 0.10986516607173194, 0.0033998291884250135, 0.0033987466939187846, 0.0034041124509143006, 0.003414346272323925, 0.0034185644020241594, 0.003407313571296109, 0.003417857198871609, 0.0036138689476857234, 0.003640633814584179, 0.0036449960381031454, 0.0036732722600312188, 0.0037146744603800074, 0.003061425370978831, 0.03531925631728646, 0.002689950552223311, 0.0026772129875061797, 0.0026816132192137806, 0.002705518370899995, 0.0026715125283693192, 0.0026806133006270455, 0.0026776049780303326], "epochs": [184, 97, 259, 238, 57, 263, 67, 247, 262, 262, 262, 262, 262, 262, 262, 262, 262, 262, 262, 262, 238, 35, 298, 298, 298, 299, 298, 298, 298], "lr_peak_epoch": [150, 54, 74, 43, 33, 67, 24, 53, 125, 143, 30, 73, 144, 250, 161, 85, 81, 189, 94, 239, 80, 14, 144, 178, 41, 194, 266, 29, 13], "batch_size": [4196, 4196, 4196, 4196, 4196, 4196, 4196, 4196, 4196, 4196, 4196, 4196, 4196, 4196, 4196, 4196, 4196, 4196, 4196, 4196, 4196, 4196, 4196, 4196, 4196, 4196, 4196, 4196, 4196], "momentum": [0.6379226904807256, 0.8565997963334333, 0.502676393872718, 0.3713295160557739, 0.9323796647397864, 0.16011515381458896, 0.8161005540234868, 0.06516712785706813, 0.568360205013998, 0.5700319734473652, 0.5688960490281303, 0.569164198981235, 0.568780520614217, 0.5693676745525482, 0.5687869448180456, 0.569164198981235, 0.5701778498814317, 0.568780520614217, 0.5704839496832862, 0.568360205013998, 0.3713295160557739, 0.9029182934613007, 0.41150122046982057, 0.411954883905421, 0.4121716596836283, 0.41422703157912766, 0.4124802895677939, 0.4130089797882187, 0.41309377007744674], "weight_decay": [0.000760891393651777, 3.339044610852013e-06, 0.00042735826807517455, 0.003738311176494746, 3.979859081240642e-05, 0.05650228904040295, 0.0018380965309450499, 0.005810527475905451, 0.0001459628788460626, 0.00014764993317992761, 0.00014793369706161136, 0.0001454693608124427, 0.00014599155948955892, 0.0001499137002880044, 0.00014781525811677495, 6.393448897411131e-05, 5.448645034215584e-05, 5.9770827217442256e-05, 5.255897767720737e-05, 4.503202634234682e-05, 0.001370385386851533, 8.433800431876001e-05, 0.03281870124098479, 0.03261354882677189, 0.03259595653878599, 0.03187799173191074, 0.03299659510389425, 0.03239483994494909, 0.03279016720247232], "label_smoothing": [0.29348906967950766, 0.08067611682374493, 0.11454190233480727, 0.32090932514675435, 0.057875287348272075, 0.23422481109687887, 0.4934868632143944, 0.4202361354758136, 0.13284785541451136, 0.13310547591856653, 0.13292557899890564, 0.13370787147991217, 0.13377933488678564, 0.1322292303002018, 0.13309527768140503, 0.1716073646965359, 0.17785457935015977, 0.17453152090651441, 0.18073033244587083, 0.18606161269203375, 0.2724200477510557, 0.4603887355822677, 9.990128116158501e-06, 1.438230514484327e-05, 9.021337534883059e-05, 6.664853525127333e-05, 0.00015267810674954947, 0.000273697141290454, 5.392248663626045e-05], "num_workers": [8, 8, 8, 8, 8, 8, 8, 8, 8, 8, 8, 8, 8, 8, 8, 8, 8, 8, 8, 8, 8, 8, 8, 8, 8, 8, 8, 8, 8], "lr_tta": [true, true, true, true, true, true, true, true, true, true, true, true, true, true, true, true, true, true, true, true, true, true, true, true, true, true, true, true, true], "time": [3051.598927974701, 1566.428460597992, 4191.916886806488, 3910.5215396881104, 922.1880810260773, 4265.384912490845, 1080.8949036598206, 3992.885041952133, 4271.89387512207, 4313.373961448669, 4317.283562898636, 4313.810405254364, 4316.986702680588, 4320.291786432266, 4320.735565662384, 4285.361266136169, 4318.147597074509, 4299.7142770290375, 4304.427309513092, 4323.190665960312, 3928.222990512848, 573.4007439613342, 4911.357424736023, 4871.084149122238, 4927.903482913971, 4912.179760694504, 4897.013211965561, 4956.092072725296, 4912.08727145195], "test_accu": [0.43513980507850647, 0.08933822065591812, 0.5064572691917419, 0.5986143946647644, 0.01152404397726059, 0.01152404397726059, 0.01152404397726059, 0.019617119804024696, 0.5303006768226624, 0.6048243641853333, 0.6031138896942139, 0.622168779373169, 0.6108558177947998, 0.6106969118118286, 0.6092049479484558, 0.49743810296058655, 0.594022810459137, 0.5050521492958069, 0.5260184407234192, 0.5897194743156433, 0.6297927498817444, 0.03763416036963463, 0.2756597697734833, 0.017323218286037445, 0.28981146216392517, 0.0219035092741251, 0.020698264241218567, 0.25986942648887634, 0.01422127615660429]}