{"lr": [5.072499051896018, 0.004991751800611031, 0.07735257899156989, 1.9978429021819177, 0.786251480284564, 0.061071646240352634, 0.007019951299951886, 0.9072423449065389, 0.003115385508529447, 0.0030388729701532825, 0.0030253109707236644, 0.00301831292477886, 0.0030174078797844156, 0.003144458391521725, 0.0030090143012327947, 0.003006039705859962, 0.0003681373589681932, 0.00036736594672416535, 0.00036486577101364553, 0.00037069749309717254, 0.00036375453263058605, 0.00036107931676693694, 0.0003616089547610537, 0.00035731147548791973, 0.006300526226850075, 0.006299917741221616, 0.006328326156874812, 0.00628257372162971, 0.006319183309701478, 0.006282537106114075, 0.006269239289079887, 0.006342073679461183], "epochs": [100, 237, 256, 258, 124, 144, 67, 218, 54, 55, 55, 55, 55, 54, 55, 55, 69, 69, 69, 69, 69, 69, 69, 68, 68, 68, 68, 68, 68, 68, 68, 68], "lr_peak_epoch": [99, 192, 55, 17, 41, 81, 22, 140, 38, 31, 41, 39, 21, 9, 51, 41, 13, 39, 19, 34, 64, 7, 18, 26, 34, 12, 3, 18, 67, 16, 48, 52], "batch_size": [4196, 4196, 4196, 4196, 4196, 4196, 4196, 4196, 4196, 4196, 4196, 4196, 4196, 4196, 4196, 4196, 4196, 4196, 4196, 4196, 4196, 4196, 4196, 4196, 4196, 4196, 4196, 4196, 4196, 4196, 4196, 4196], "momentum": [0.223469204980142, 0.4471228067713363, 0.20344020763692983, 0.5491000629124225, 0.4770321906871047, 0.002069403983952167, 0.1046690814078528, 0.021161448087661516, 0.03311978114682624, 0.03291142120139547, 0.03414374528553561, 0.03440908329041706, 0.03377370109111377, 0.03276384193424208, 0.034331767301707034, 0.03533771892483001, 0.19895209918332066, 0.1991243789243665, 0.19836319731818378, 0.19890356221641833, 0.1983029456173898, 0.19855352838374188, 0.19855089400423628, 0.19875496478001292, 0.02575098071187365, 0.026626526915178216, 0.025850531243199734, 0.027747194362306275, 0.02538199392596436, 0.025048505640369693, 0.026446584780946546, 0.025219681312483602], "weight_decay": [0.0037475418716601105, 0.05541952376130577, 0.016223269473516377, 3.961971346367864e-05, 0.00012602467883790364, 6.2755320663893e-06, 4.184772522896875e-05, 0.000567348926691667, 2.4069185583294364e-05, 2.359752293594365e-05, 2.3632849449387502e-05, 2.3937474979461973e-05, 2.425560572630374e-05, 2.367753098697341e-05, 2.4047552882600185e-05, 2.4337861885447006e-05, 1.0688599255764599e-05, 1.0603589007829012e-05, 1.0513847255100128e-05, 1.0679102131875432e-05, 1.0583234392613952e-05, 1.0240335063980688e-05, 1.0586040062800321e-05, 1.0148149365479161e-05, 0.00016349905154272996, 0.00016470198799713352, 0.00016030212853577843, 0.00016344111191563733, 0.00016159529884022416, 0.0001680581025582636, 0.0001652210501330858, 0.000161196359214548], "label_smoothing": [0.2222796969339496, 0.27218460244971715, 0.28470448775374796, 0.24313952418999363, 0.3624698232166341, 0.28519844782849263, 0.457462822950161, 0.06783204338521615, 0.4783282292704183, 0.4794000874924172, 0.4789362469998249, 0.4790664770231196, 0.47920054591245276, 0.4794771630263841, 0.4791568152002499, 0.47925882016599464, 0.49194293878939244, 0.4919457296188944, 0.4916755847728715, 0.49216105574041263, 0.4917323862098622, 0.49184210427434627, 0.4920440923018943, 0.49142580527432467, 0.4999654785775178, 0.4999516701889436, 0.499993414325968, 0.4999861910292762, 0.4998254794909866, 0.4998834094191229, 0.4997266504436051, 0.4999171022910144], "num_workers": [8, 8, 8, 8, 8, 8, 8, 8, 8, 8, 8, 8, 8, 8, 8, 8, 8, 8, 8, 8, 8, 8, 8, 8, 8, 8, 8, 8, 8, 8, 8, 8], "lr_tta": [true, true, true, true, true, true, true, true, true, true, true, true, true, true, true, true, true, true, true, true, true, true, true, true, true, true, true, true, true, true, true, true], "time": [1608.152093410492, 3815.5501039028168, 4135.035522699356, 4185.409178733826, 2021.741998910904, 2323.1043989658356, 1094.2847337722778, 3540.468645811081, 886.815304517746, 903.6448113918304, 903.6755132675171, 904.6354746818542, 903.241436958313, 884.6618626117706, 902.7360231876373, 901.6613035202026, 1139.6860899925232, 1139.605636358261, 1138.8087425231934, 1140.7687282562256, 1142.475438117981, 1141.526967048645, 1141.9963021278381, 1125.9377746582031, 1105.2481591701508, 1116.08442735672, 1117.5519092082977, 1116.4648156166077, 1110.1236803531647, 1115.4034702777863, 1113.1210219860077, 1106.9525923728943], "test_accu": [0.011140476912260056, 0.01674974150955677, 0.011799518950283527, 0.012521994300186634, 0.014352885074913502, 0.16619911789894104, 0.6165285110473633, 0.014459597878158092, 0.5544125437736511, 0.5598394274711609, 0.5653109550476074, 0.5627477169036865, 0.54640132188797, 0.5465639233589172, 0.5455486178398132, 0.5642048716545105, 0.4327937066555023, 0.44342041015625, 0.43454280495643616, 0.43206652998924255, 0.43533721566200256, 0.43018344044685364, 0.4314991533756256, 0.4361626207828522, 0.625505268573761, 0.6139304637908936, 0.6342451572418213, 0.6212117671966553, 0.41769862174987793, 0.6271387934684753, 0.6165383458137512, 0.4459996521472931]}