{"lr": [0.9577195402328023, 0.18763567911837703, 0.0940108810716479, 9.491733313264275, 0.10616094439253486, 0.00019478745495116193, 0.0005927433236563071, 0.1959117475240165, 0.00028981330724641195, 0.0002895784999846909, 0.0002901264637177046, 0.0002897936357355763, 0.00028867054344829774, 0.0002914238673747749, 0.00029050089976882516, 0.0002918785146078053, 0.1272185801991414, 0.0005049986975312515, 0.0005042103717159581, 0.0005088158967451183, 0.00014290271307300278, 0.00014182650219658776, 0.00013987269623873358, 0.00014333338121325063, 0.0001404199185010679, 0.0007777617532626195, 0.0001350067999658616, 0.0005975286413928998], "epochs": [139, 162, 86, 181, 147, 66, 189, 116, 163, 163, 163, 163, 163, 163, 163, 163, 123, 244, 244, 244, 163, 163, 163, 163, 163, 90, 163, 197], "lr_peak_epoch": [7, 41, 62, 73, 31, 63, 163, 51, 119, 77, 32, 5, 101, 0, 12, 124, 25, 3, 184, 225, 76, 135, 109, 34, 52, 31, 160, 27], "batch_size": [4196, 4196, 4196, 4196, 4196, 4196, 4196, 4196, 4196, 4196, 4196, 4196, 4196, 4196, 4196, 4196, 4196, 4196, 4196, 4196, 4196, 4196, 4196, 4196, 4196, 4196, 4196, 4196], "momentum": [0.7861216256121442, 0.10510730686727243, 0.9394227869002065, 0.37646066318185023, 0.9029743438120194, 0.6442780193506812, 0.10758413883988827, 0.1765356059653418, 0.33100391798208767, 0.3307547261753063, 0.32997642984343545, 0.33229243200594233, 0.33081146163731945, 0.3308671977051805, 0.33296337845687013, 0.3313715366596631, 0.6137788234030676, 8.840970718891963e-06, 4.6310478125680685e-05, 2.317901085392704e-05, 0.3050321970195037, 0.30614840243323477, 0.30594112531270673, 0.30466099808941344, 0.30556629146473774, 0.554719213594985, 0.3086897584264839, 0.10238636068843364], "weight_decay": [3.006250326695395e-05, 0.00034622494408316154, 2.979881464338926e-05, 7.361737665822248e-06, 1.6856866814352575e-05, 2.0208792212946822e-06, 0.00036955492033982954, 0.02647528907769942, 4.393996867393625e-05, 4.394699464781028e-05, 4.340676939931517e-05, 4.326260772983431e-05, 4.4461667203801804e-05, 4.389693599043907e-05, 4.3935774219436485e-05, 4.348757419818757e-05, 4.772996865656103e-06, 0.028026979558952062, 0.028029097396308458, 0.02765291363517769, 0.00010999255023853731, 0.00010936257705019403, 0.00011448578138442723, 0.00010956049121781519, 0.00011011495152394195, 0.017157530023526556, 0.00011069828441794107, 0.00017996937774629834], "label_smoothing": [0.00362744978564683, 0.2607927421695566, 0.13793424714462643, 0.2656828922766785, 0.18105846338370246, 0.06505800129636308, 0.27671378086225007, 0.06694091848269829, 0.21131037055598195, 0.21244827631190047, 0.2114971463503911, 0.2124853637373633, 0.21175609874800158, 0.21139631119655833, 0.2115817697374411, 0.2115941807901575, 0.07798557853484184, 0.21478079852409554, 0.214764182505721, 0.21316593498357345, 0.18187791409757295, 0.18199232876210358, 0.18289005335358818, 0.1814500046902964, 0.1816941456647967, 0.47629695163278885, 0.18026942376610577, 0.25861136071827134], "num_workers": [8, 8, 8, 8, 8, 8, 8, 8, 8, 8, 8, 8, 8, 8, 8, 8, 8, 8, 8, 8, 8, 8, 8, 8, 8, 8, 8, 8], "lr_tta": [true, true, true, true, true, true, true, true, true, true, true, true, true, true, true, true, true, true, true, true, true, true, true, true, true, true, true, true], "time": [2250.0119705200195, 2608.5732254981995, 1386.9369316101074, 2935.560465812683, 2362.6011514663696, 1078.6591095924377, 3078.4476294517517, 1869.5698590278625, 2663.767109632492, 2669.0297813415527, 2665.0454885959625, 2663.2523877620697, 2661.8137283325195, 2662.1093010902405, 2663.5066883563995, 2666.2894213199615, 1972.2635083198547, 3945.2149374485016, 3978.192155122757, 3979.957927942276, 2685.243479013443, 2682.928203344345, 2704.316076517105, 2704.4454176425934, 2703.5921716690063, 1484.9864573478699, 2706.0987713336945, 3259.36958360672], "test_accu": [0.01152404397726059, 0.01576542854309082, 0.01152404397726059, 0.013775656931102276, 0.13742516934871674, 0.4008271396160126, 0.49955952167510986, 0.01152404397726059, 0.43909206986427307, 0.4267115592956543, 0.4295789301395416, 0.4276338517665863, 0.4316246509552002, 0.4429338872432709, 0.4348394572734833, 0.4289669692516327, 0.020297305658459663, 0.01572689414024353, 0.3429628610610962, 0.3487657606601715, 0.4018898904323578, 0.4015918970108032, 0.4015721380710602, 0.39775148034095764, 0.3943900167942047, 0.3671814203262329, 0.3972090184688568, 0.4885059893131256]}