{"lr": [0.00037728041021387455, 0.08478701590159263, 1.569336735399961, 0.00012781206268693303, 0.006939410018605838, 0.06540642424255363, 0.0007276920853483255, 1.3065125478659656, 0.002570974870424623, 0.0015410639367605605, 0.002571677583148064, 0.0025681001456256017, 0.002562433662607516, 0.0025652998585899813, 0.0025664766160705312, 0.0025755838703064972, 0.002144333118298742, 0.0021413545397266916, 2.8488027961414732, 0.002146591332869955, 0.002127079348271603, 0.002140343206545001, 0.002147210218497231, 0.0021449970340090274, 0.002184332132727442, 0.0021688497952986586, 0.002180499568096631, 1.639274968749171, 0.0022059552865452588, 0.0021934220576054755, 0.0021792175190919402, 0.0021990345348328203], "epochs": [130, 34, 89, 149, 198, 175, 176, 109, 226, 227, 226, 226, 226, 226, 226, 226, 226, 226, 266, 226, 226, 226, 226, 226, 228, 229, 229, 137, 228, 229, 229, 229], "lr_peak_epoch": [108, 29, 9, 94, 147, 142, 78, 49, 213, 202, 72, 68, 42, 22, 42, 119, 225, 46, 230, 101, 153, 60, 197, 37, 37, 212, 11, 5, 133, 88, 154, 223], "batch_size": [4196, 4196, 4196, 4196, 4196, 4196, 4196, 4196, 4196, 4196, 4196, 4196, 4196, 4196, 4196, 4196, 4196, 4196, 4196, 4196, 4196, 4196, 4196, 4196, 4196, 4196, 4196, 4196, 4196, 4196, 4196, 4196], "momentum": [0.5759814578628039, 0.9799569553825097, 0.6585116385810136, 0.4167382088938604, 0.3835029534187422, 0.8532859767666777, 0.43491037154586554, 0.1460030144700054, 0.2847087812722233, 0.015022774556638807, 0.28407465078233274, 0.28409008539292274, 0.28452002381732416, 0.28403558108229693, 0.28404515174642675, 0.2839388788660426, 0.29933382786568496, 0.2993613026080406, 0.5409344746923376, 0.29948159384511647, 0.2987242540709681, 0.29904637285759544, 0.2997455987211344, 0.29995535528163036, 0.2805861754051833, 0.28078614516490963, 0.2801539684190918, 0.5541827618426252, 0.2801208161298371, 0.2806256553616649, 0.28139060403937843, 0.28024754918206896], "weight_decay": [1.925159848608007e-06, 6.369115057484435e-06, 3.249481384368454e-06, 0.0038124844229729606, 0.0007312098918939009, 7.696405765194325e-06, 0.0037708276986589697, 0.0007826758870005759, 0.0020306768483551664, 0.0028682616661127396, 0.002025788284617826, 0.002037849449082681, 0.0020362098220686117, 0.0020005946135298294, 0.002018518938065659, 0.002040557311633331, 0.002759209029307558, 0.0027529704186286157, 0.0031494730866742197, 0.0027669075954162552, 0.0027429743947908506, 0.002763551801578954, 0.0027497864579660238, 0.0027434880670454266, 0.0022827852741972112, 0.002280110244290352, 0.0022882262795586787, 2.930972531543013e-06, 0.00229524216284993, 0.002276823471589477, 0.0022775564767148785, 0.002303057223429495], "label_smoothing": [0.3464907388651934, 0.3053896582025456, 0.03792322734777026, 0.13205072354750136, 0.26060734492526055, 0.3686707670938467, 0.46379333915140175, 0.23466614416600018, 0.2727670364734244, 0.002784417977095166, 0.2729704051308288, 0.2732236519349886, 0.2728629700817095, 0.27261670432462654, 0.2722020980678259, 0.2729525530926608, 0.27829551273230146, 0.2781315033154826, 0.37515362117476175, 0.2781464065115793, 0.27828431905662143, 0.27806805409904567, 0.2780626949841022, 0.27849235669954564, 0.3025238423245366, 0.30264128559281667, 0.303026889635177, 0.4641901774880852, 0.30261972197869175, 0.3022823773477509, 0.30296204181585085, 0.30287131115797866], "num_workers": [8, 8, 8, 8, 8, 8, 8, 8, 8, 8, 8, 8, 8, 8, 8, 8, 8, 8, 8, 8, 8, 8, 8, 8, 8, 8, 8, 8, 8, 8, 8, 8], "lr_tta": [true, true, true, true, true, true, true, true, true, true, true, true, true, true, true, true, true, true, true, true, true, true, true, true, true, true, true, true, true, true, true, true], "time": [2154.3863945007324, 552.9433126449585, 1435.4678466320038, 2471.0189864635468, 3233.5879731178284, 2813.4109365940094, 2904.0910952091217, 1770.1830823421478, 3713.1325495243073, 3737.4936797618866, 3723.7082512378693, 3722.4927797317505, 3723.178822040558, 3720.0778448581696, 3725.891767978668, 3721.932085752487, 3717.7797725200653, 3718.5594420433044, 4295.4552183151245, 3761.9893980026245, 3757.3056852817535, 3734.787214756012, 3738.0964615345, 3726.599564552307, 3775.809108734131, 3804.666011571884, 3794.755089044571, 2251.860251426697, 3776.583389043808, 3797.380682706833, 3803.540257692337, 3813.9708635807037], "test_accu": [0.45797309279441833, 0.010756907053291798, 0.01152404397726059, 0.4122035503387451, 0.6076744198799133, 0.2084309607744217, 0.5122215747833252, 0.017516879364848137, 0.6180787682533264, 0.5733396410942078, 0.6132737994194031, 0.6214885711669922, 0.6209785342216492, 0.6066515445709229, 0.6063648462295532, 0.6150214672088623, 0.603712260723114, 0.5988738536834717, 0.01152404397726059, 0.5914111733436584, 0.6001262068748474, 0.5984207391738892, 0.5903685688972473, 0.6014780402183533, 0.5983685851097107, 0.6047661304473877, 0.6006996631622314, 0.016387319192290306, 0.6066317558288574, 0.6101718544960022, 0.5952356457710266, 0.5988588333129883]}