{"lr": [4.647616819691054, 0.502243112215051, 0.000142185136951911, 0.19374753057936026, 1.7596506594213386, 8.399912292199806, 0.00026574117889282644, 0.00016897269411282945, 0.0031548277364748982, 0.0001537426116185913, 0.00015363167138223357, 0.0001536131303398704, 0.0001542176492466357, 0.00015397943182054587, 0.00015356499599798818, 0.0030610245748097214, 0.0033533141923116584, 0.0033518488545727213, 0.003357426475484517, 0.003358377376237112, 0.0033646562291374037, 0.0033391957323623397, 0.0029416301847593933, 0.0029462829571275575, 0.0029321332166755477, 0.0029443515081382828, 0.09040370998602956], "epochs": [39, 126, 285, 131, 282, 220, 115, 36, 148, 89, 89, 89, 89, 89, 89, 171, 189, 189, 189, 189, 189, 189, 195, 195, 195, 195, 207], "lr_peak_epoch": [2, 49, 278, 73, 141, 96, 100, 19, 73, 59, 71, 52, 5, 62, 50, 92, 0, 171, 104, 176, 99, 28, 121, 86, 88, 47, 201], "batch_size": [4196, 4196, 4196, 4196, 4196, 4196, 4196, 4196, 4196, 4196, 4196, 4196, 4196, 4196, 4196, 4196, 4196, 4196, 4196, 4196, 4196, 4196, 4196, 4196, 4196, 4196, 4196], "momentum": [0.7806177553327279, 0.845701375322949, 0.3097944394847799, 0.7436009389818381, 0.9774153452772317, 0.7490676019703427, 0.395631783239632, 0.7868016014005887, 0.06239204124146169, 0.3323490844083611, 0.3322253642375879, 0.33105129437406533, 0.329735715798941, 0.3321655820848894, 0.33206430348866134, 0.3391288742608002, 0.4114687493969341, 0.4117975845758932, 0.41177130012750707, 0.41159465645372845, 0.4112151329083299, 0.41161173581943894, 0.12436648816304761, 0.12548093599767093, 0.12526735668554417, 0.12401928062910864, 0.5316276566506407], "weight_decay": [0.007095436794891108, 3.822720223977665e-05, 0.04978367812693129, 8.243311713436429e-06, 0.018203272636896712, 0.03881865164526785, 0.003044179274244745, 9.889385587391112e-06, 0.09905378032953968, 0.005812272593443031, 0.005772077372357658, 0.005779050641313405, 0.005716002455036893, 0.0059639337976313605, 0.005900901933389492, 0.00042507547802148694, 2.2155596672605842e-05, 2.213721030228068e-05, 2.1702106651556503e-05, 2.2166594075812558e-05, 2.1391474977075743e-05, 2.196104816642614e-05, 0.003442380575780373, 0.003459683649415911, 0.003447558065889836, 0.0034116311581777175, 0.0004421271438280979], "label_smoothing": [0.36298470061910276, 0.15444672695978062, 0.31214346746165395, 0.23771778251793674, 0.1875104807546682, 0.10130698579172237, 0.09447042269361577, 0.13834170173975713, 0.34687189105118316, 0.025339434333450893, 0.025128555801424663, 0.026573332409667142, 0.025823140342398816, 0.026020630871090657, 0.026085883791402358, 0.11135318525438259, 0.12245449487403887, 0.12269315955029558, 0.12252529836988696, 0.1229071851720689, 0.12241477728304302, 0.1225442654066381, 0.06929461681214777, 0.06896678377348534, 0.06923432232181162, 0.06923688191178504, 0.29999383218833797], "num_workers": [8, 8, 8, 8, 8, 8, 8, 8, 8, 8, 8, 8, 8, 8, 8, 8, 8, 8, 8, 8, 8, 8, 8, 8, 8, 8, 8], "lr_tta": [true, true, true, true, true, true, true, true, true, true, true, true, true, true, true, true, true, true, true, true, true, true, true, true, true, true, true], "time": [648.6173028945923, 2045.5709795951843, 4642.678394794464, 2111.3435487747192, 4613.60612154007, 3545.4891018867493, 1904.2344934940338, 602.4495458602905, 2420.242770433426, 1476.6895139217377, 1476.5267932415009, 1476.4810926914215, 1477.4282507896423, 1482.1528508663177, 1482.0199329853058, 2827.5289063453674, 3128.6722569465637, 3117.3288238048553, 3100.4350702762604, 3115.960709095001, 3127.063420534134, 3133.2986800670624, 3233.2613427639008, 3235.1907312870026, 3249.2650713920593, 3252.198935031891, 3387.237105846405], "test_accu": [0.0120589854195714, 0.01322332676500082, 0.019551314413547516, 0.01259768009185791, 0.012425164692103863, 0.01152404397726059, 0.4588295519351959, 0.333041250705719, 0.012946468777954578, 0.3971780240535736, 0.3968452215194702, 0.39770543575286865, 0.3945240080356598, 0.39676952362060547, 0.3960024118423462, 0.6324800848960876, 0.5609342455863953, 0.5608100891113281, 0.5231487154960632, 0.5548408031463623, 0.5705865025520325, 0.5624200701713562, 0.5932345986366272, 0.6001896262168884, 0.5942537188529968, 0.5938578248023987, 0.14803682267665863]}