{"lr": [0.026444671325159243, 0.009681821057197929, 0.033360730675675576, 0.0020083884314786317, 0.00019871103778600644, 0.00034733202433567, 0.0018133549758199128, 0.00943659445661021, 0.0007046471033652793, 5.457906667933294, 0.0006957318911464617, 0.0007085955430569458, 0.000721675188437083, 0.0018403887260490957, 0.0007223636881691991, 0.0007214862657742036, 0.5233931398306935, 0.007111827285325942, 0.007120261961048867, 0.00711305941700788, 0.007146776641671346, 0.007112399803919376, 0.0071574102821493285, 0.007060623303490497, 0.0668298371085411, 0.0665289389741317, 0.06663439081031368, 0.06788521089322311, 0.00018984856675286442, 0.06618688670326917, 0.0660940210675378, 0.0665673890948936], "epochs": [172, 51, 247, 143, 53, 49, 214, 82, 157, 81, 157, 156, 158, 218, 159, 160, 174, 162, 162, 162, 162, 162, 162, 162, 88, 88, 88, 89, 225, 88, 89, 89], "lr_peak_epoch": [10, 43, 79, 76, 31, 1, 83, 52, 69, 50, 67, 35, 47, 216, 102, 10, 0, 134, 143, 59, 61, 65, 106, 73, 56, 63, 33, 85, 97, 32, 79, 40], "batch_size": [4196, 4196, 4196, 4196, 4196, 4196, 4196, 4196, 4196, 4196, 4196, 4196, 4196, 4196, 4196, 4196, 4196, 4196, 4196, 4196, 4196, 4196, 4196, 4196, 4196, 4196, 4196, 4196, 4196, 4196, 4196, 4196], "momentum": [0.31396151188834254, 0.23768909971375385, 0.6531111839019059, 0.39185719457461676, 0.7066891836089602, 0.47311249178436554, 0.13919767477402067, 0.7224789881661681, 0.252288696613566, 0.7520018474139876, 0.24936849209701045, 0.24924140137820083, 0.2505158753258261, 0.4585806054873661, 0.24696960382709185, 0.2459680472962095, 0.9519989562102678, 0.4938522012342799, 0.4935478914593184, 0.492592991446184, 0.49359797807816697, 0.4961355885613957, 0.49274962006251605, 0.49536604383712, 0.37377581243211505, 0.37525637803222944, 0.3789120543444175, 0.371742952870143, 0.613281732880644, 0.3765313642116169, 0.37489198640837806, 0.3717691628611569], "weight_decay": [0.00337998545181047, 0.00591255037161646, 2.8700421335805787e-06, 6.107882628635359e-05, 0.00662320305926049, 1.453109820945819e-06, 4.5831631275210005e-05, 5.768149633267733e-06, 4.948491313525597e-05, 0.09286053476104472, 4.968771875402558e-05, 4.952700992446952e-05, 4.976663701537077e-05, 0.014797371719926594, 4.9333528678512925e-05, 4.972217462492726e-05, 0.0035657139420740497, 6.171213612036895e-05, 6.156271510375051e-05, 6.17961747717089e-05, 6.163539496559733e-05, 6.180295097061478e-05, 6.169413473140016e-05, 6.17606213645716e-05, 6.0302203380370724e-05, 6.063444068063518e-05, 6.037814185939849e-05, 6.041600114404299e-05, 9.153180879432804e-06, 6.034611094832762e-05, 6.0355308618503644e-05, 6.037783020834155e-05], "label_smoothing": [0.023567988368439707, 0.25202502020454937, 0.3046340392471842, 0.3320509554258121, 0.3596839548438352, 0.13868614460277268, 0.05468725572675809, 0.18509784471450053, 0.28047000733290534, 0.11654322600081812, 0.2842842667153913, 0.27960306670315455, 0.27006945523466297, 0.4708155807026655, 0.2771314953660371, 0.2741194263787373, 0.24020847438192994, 0.20892113037637738, 0.2089389311918734, 0.20871786977248796, 0.20906349602100205, 0.20907933701897555, 0.20896290579107873, 0.20888364767055617, 0.11878122243378829, 0.11787705260385681, 0.1194155790478243, 0.12116639997002208, 0.18151363755539096, 0.1170479726196863, 0.11899189169919608, 0.11888450262945528], "num_workers": [8, 8, 8, 8, 8, 8, 8, 8, 8, 8, 8, 8, 8, 8, 8, 8, 8, 8, 8, 8, 8, 8, 8, 8, 8, 8, 8, 8, 8, 8, 8, 8], "lr_tta": [true, true, true, true, true, true, true, true, true, true, true, true, true, true, true, true, true, true, true, true, true, true, true, true, true, true, true, true, true, true, true, true], "time": [3395.2973296642303, 1013.1750249862671, 4871.4350481033325, 2854.3815534114838, 1065.557677268982, 986.7371513843536, 4284.931638240814, 1626.2419123649597, 3147.305159807205, 1603.821876525879, 3147.397902727127, 3128.4022204875946, 3169.1531748771667, 4332.279415130615, 3191.9085314273834, 3210.5158360004425, 3447.2010157108307, 3222.0896780490875, 3231.2138047218323, 3225.2027604579926, 3225.2067494392395, 3215.468687057495, 3214.0667316913605, 3222.861270427704, 1750.3695738315582, 1750.7698228359222, 1748.2212953567505, 1771.9444572925568, 4539.531152963638, 1753.2765338420868, 1771.5323967933655, 1771.657241821289], "test_accu": [0.24868053197860718, 0.12375997751951218, 0.361280232667923, 0.5997464060783386, 0.3332250416278839, 0.4397760331630707, 0.5420010089874268, 0.38529154658317566, 0.5231547951698303, 0.011330383829772472, 0.5117698311805725, 0.516394853591919, 0.5247064828872681, 0.2565404176712036, 0.5291626453399658, 0.5150753855705261, 0.015067853033542633, 0.6250958442687988, 0.6878717541694641, 0.6885669827461243, 0.6746423840522766, 0.5547787547111511, 0.5536280274391174, 0.6890709400177002, 0.09320967644453049, 0.04423525556921959, 0.10805659741163254, 0.01152404397726059, 0.43442344665527344, 0.010629053227603436, 0.018276507034897804, 0.04439037665724754]}