{"lr": [0.1036185045148526, 4.510037465099706, 0.8888329227703375, 4.5529611126889655, 0.0024105081013955526, 5.203304942872556, 0.4984758937028345, 0.04535305492049369, 0.0013140515666258676, 1.054878700543334, 0.0013169253967011073, 0.001308432402292225, 0.0013207925497105112, 0.00132222898429473, 0.0013247383129793733, 0.001327415674798577, 0.0013908719847153762, 0.0013905193622604187, 0.0013883621605253545, 0.00138895714235602, 0.0013872933613141144, 0.0013925091380397165, 0.0013832441181216635, 0.0013940044219580268, 0.001584251266988103, 0.001586170125017855, 0.001580721790016608, 0.0015822622676958135, 0.0015862660324431456, 0.0015969411365691756, 0.0015855803821840367, 0.001580477824092205], "epochs": [79, 39, 212, 207, 94, 133, 271, 274, 91, 200, 90, 91, 90, 90, 90, 90, 144, 143, 144, 144, 144, 144, 144, 144, 101, 100, 101, 100, 100, 101, 101, 100], "lr_peak_epoch": [43, 23, 123, 125, 53, 115, 186, 169, 32, 8, 49, 79, 10, 58, 6, 2, 101, 17, 51, 131, 122, 114, 61, 76, 91, 22, 79, 36, 24, 45, 66, 58], "batch_size": [4196, 4196, 4196, 4196, 4196, 4196, 4196, 4196, 4196, 4196, 4196, 4196, 4196, 4196, 4196, 4196, 4196, 4196, 4196, 4196, 4196, 4196, 4196, 4196, 4196, 4196, 4196, 4196, 4196, 4196, 4196, 4196], "momentum": [0.9016557789681796, 0.5934474889102683, 0.7966133539061466, 0.6664130418915848, 0.7963405072403198, 0.648431895430939, 0.9431186709439862, 0.32084339424026875, 0.7927166213543063, 0.7673994863809398, 0.7921381210792108, 0.793865800573331, 0.792288593549203, 0.7920664237335244, 0.7924619735661966, 0.7923975765405951, 0.9999518296931139, 0.9999806763331354, 0.9998515799968828, 0.9999368486826204, 0.9998016328510485, 0.9997050866379515, 0.9998106125447223, 0.9996584496323575, 0.9195910683910922, 0.9196394862462222, 0.9198664521801676, 0.9193323121484049, 0.9191095850723339, 0.9225923536451579, 0.9218823707876356, 0.9193580091686052], "weight_decay": [0.014874395642329674, 0.001295366606654253, 0.010640660739216616, 9.731323794977983e-06, 5.434437165199804e-06, 0.0005215366546919343, 0.002907292976738001, 0.01452058618829044, 1.5921371188528418e-06, 0.030127877748591166, 1.5817389763666481e-06, 1.6158629164899427e-06, 1.536886412742185e-06, 1.5301799268103405e-06, 1.5433722901991321e-06, 1.501305141766306e-06, 3.0172619574192032e-05, 3.039106311302251e-05, 3.015566382749534e-05, 2.9861058300981543e-05, 3.0424617846277743e-05, 2.9953726876431027e-05, 3.0363054402495442e-05, 3.0139747859934357e-05, 0.0001206432239380998, 0.00012076026112084896, 0.000119618479474764, 0.00012274645811390564, 0.0001229416892713243, 0.00011563939461862401, 0.00011593373174275892, 0.00012439379239547005], "label_smoothing": [0.27122977692503014, 0.41072165928313986, 0.3800453464884113, 0.18487934209808005, 0.2494464676624244, 0.405293270925055, 0.48731141100531744, 0.3365612585353827, 0.2425084477635452, 0.3493825067196358, 0.24227698146488447, 0.24279568173599156, 0.24245772022986783, 0.24229686090726912, 0.24155572635159647, 0.2420384989053623, 0.17993490949401503, 0.18010165454638286, 0.1800539577614996, 0.17939697511843844, 0.1801845012489752, 0.1796166872705141, 0.1808353678058896, 0.1801898356887675, 0.4999693131814148, 0.49991415718395416, 0.4998994052813599, 0.4999034512714382, 0.4998874902658991, 0.4998283674926605, 0.49980868415946544, 0.49983078301243866], "num_workers": [8, 8, 8, 8, 8, 8, 8, 8, 8, 8, 8, 8, 8, 8, 8, 8, 8, 8, 8, 8, 8, 8, 8, 8, 8, 8, 8, 8, 8, 8, 8, 8], "lr_tta": [true, true, true, true, true, true, true, true, true, true, true, true, true, true, true, true, true, true, true, true, true, true, true, true, true, true, true, true, true, true, true, true], "time": [1307.2372751235962, 646.1667590141296, 3529.253217935562, 3478.177443742752, 1598.2107965946198, 2220.3932344913483, 4533.832583427429, 4570.468755245209, 1556.279883146286, 3366.1539273262024, 1536.5752701759338, 1555.9994444847107, 1539.6318349838257, 1540.3715274333954, 1540.3369035720825, 1541.069090604782, 2453.035574197769, 2434.8903534412384, 2458.909909963608, 2459.757364988327, 2463.73876786232, 2469.9011511802673, 2473.0910959243774, 2465.6599485874176, 1727.0616867542267, 1713.7576217651367, 1723.5747509002686, 1705.5272679328918, 1710.7941596508026, 1724.3599808216095, 1724.0665924549103, 1708.2429690361023], "test_accu": [0.012394137680530548, 0.010629053227603436, 0.011710196733474731, 0.01152404397726059, 0.5792765021324158, 0.010501195676624775, 0.013019782491028309, 0.09841185808181763, 0.5462884306907654, 0.01307807955890894, 0.540001392364502, 0.5478227138519287, 0.5341053605079651, 0.5398871302604675, 0.5470866560935974, 0.5451217293739319, 0.5513105988502502, 0.5472032427787781, 0.547135055065155, 0.5419390201568604, 0.5540054440498352, 0.5521684288978577, 0.5509867072105408, 0.5473620891571045, 0.6171800494194031, 0.6212489008903503, 0.6264176368713379, 0.6195260882377625, 0.628299355506897, 0.6270456910133362, 0.6166388988494873, 0.6335400938987732]}