{"lr": [0.010453812674855682, 0.013589681773009645, 0.0003703899943234254, 0.3594409591373749, 0.005635913405443291, 1.3106445547680907, 0.29057986459625734, 0.0005550495565928295, 0.000492454118474975, 0.000491275282043908, 0.000494729822741124, 0.000492708771113312, 0.0004940947354485508, 0.000492272202210347, 0.0004930095699535095, 0.0004888540287759568, 0.0004023501526677098, 0.0004198779553391466, 0.0004246477381521372, 0.00041798106992623727, 0.00042716041225446716, 0.00041433762322812755, 0.0004222925323135416, 0.00027761974616547945, 0.00010000096045928524, 0.00010001031370977253, 0.00010001436654207957, 0.0001000256682782855, 0.00010004678907825116, 0.00010005915772707868], "epochs": [186, 100, 220, 115, 259, 293, 127, 149, 218, 218, 218, 218, 218, 218, 218, 218, 300, 300, 300, 300, 300, 300, 300, 132, 223, 222, 221, 224, 221, 224], "lr_peak_epoch": [53, 41, 135, 9, 177, 227, 39, 114, 181, 151, 41, 128, 141, 37, 28, 135, 55, 55, 64, 190, 60, 121, 221, 129, 154, 83, 181, 156, 87, 27], "batch_size": [4196, 4196, 4196, 4196, 4196, 4196, 4196, 4196, 4196, 4196, 4196, 4196, 4196, 4196, 4196, 4196, 4196, 4196, 4196, 4196, 4196, 4196, 4196, 4196, 4196, 4196, 4196, 4196, 4196, 4196], "momentum": [0.5716774184324404, 0.8908386924688334, 0.9483008028109456, 0.6999540887593121, 0.7736347957992656, 0.3549331830988669, 0.29961388002132094, 0.05647352529864902, 0.5639574334775069, 0.5636290320310847, 0.5636296169878783, 0.5634032023988728, 0.5624115456495018, 0.564476844567671, 0.5646213019958644, 0.5630323572149633, 0.9999353428347978, 0.9998253922712655, 0.9993194728029041, 0.9996899030715399, 0.9991593870526482, 0.9989481070839029, 0.9999605148226453, 0.8729968071292463, 0.30720863101803586, 0.3070912878635504, 0.306468611607877, 0.30452281604626774, 0.31007172575934183, 0.3016840203446007], "weight_decay": [0.003598314801428219, 0.005447059861304637, 0.00011463733187513758, 0.0002777514256570558, 0.05540555275722964, 1.262863794010102e-05, 0.0345808271326016, 2.638616862316802e-05, 0.00011533864286429217, 0.00011403876826699075, 0.00011459303385908466, 0.00011691576119813638, 0.00011385254843364277, 0.00011379844281377879, 0.0001145244598733073, 0.0001153269391376562, 1.0002924535432738e-06, 1.0008315960366059e-06, 1.001728601412483e-06, 1.00192718140899e-06, 1.0020746538779365e-06, 1.0036984808383265e-06, 1.0084618862104968e-06, 0.0030961194735236665, 5.1942331554862954e-06, 5.029684390186844e-06, 4.8550886057131555e-06, 5.418542142684924e-06, 4.744895184592306e-06, 5.58251848469053e-06], "label_smoothing": [0.183177160908998, 0.41726206600943644, 0.20425545429022263, 0.48369127431155146, 0.2196073256311169, 0.39328111582125563, 0.1826273951070928, 0.011887985489251574, 0.06752969873702867, 0.06772535238820218, 0.06765188142638083, 0.06785208783436816, 0.06799855624351576, 0.06719020539170076, 0.06742847133810126, 0.06765601001855856, 6.968709366572134e-06, 3.3174645534372665e-05, 6.820050139363232e-05, 0.00016326243406570825, 3.904917469434735e-05, 0.0001434147344068012, 3.085513683732228e-05, 0.47743443267682734, 0.46992759077360846, 0.46947924310760336, 0.4694083227750092, 0.46997716720125676, 0.46932684676766245, 0.469333572359428], "num_workers": [8, 8, 8, 8, 8, 8, 8, 8, 8, 8, 8, 8, 8, 8, 8, 8, 8, 8, 8, 8, 8, 8, 8, 8, 8, 8, 8, 8, 8, 8], "lr_tta": [true, true, true, true, true, true, true, true, true, true, true, true, true, true, true, true, true, true, true, true, true, true, true, true, true, true, true, true, true, true], "time": [3789.1466677188873, 2031.9662659168243, 4583.934823274612, 2331.770888566971, 5260.689516782761, 5928.38831448555, 2576.5637991428375, 3105.1317462921143, 4542.095436811447, 4546.440492391586, 4548.913175344467, 4536.052315235138, 4546.681000471115, 4529.988450527191, 4545.693455457687, 4529.780921936035, 6263.822825908661, 6285.914090633392, 6284.526664972305, 6282.588087320328, 6283.201948404312, 6274.7548105716705, 6285.395877122879, 2756.3874406814575, 4674.821846246719, 4653.582088947296, 4643.417249202728, 4693.33358836174, 4617.991162061691, 4680.801966905594], "test_accu": [0.3200092315673828, 0.14049984514713287, 0.47401162981987, 0.011741221882402897, 0.014763724990189075, 0.01152404397726059, 0.01152404397726059, 0.46162357926368713, 0.4817112386226654, 0.483662486076355, 0.47956493496894836, 0.47819092869758606, 0.48129525780677795, 0.47651755809783936, 0.4831312894821167, 0.4712918698787689, 0.4682110548019409, 0.4626713693141937, 0.46909990906715393, 0.4649887979030609, 0.46922168135643005, 0.4587463438510895, 0.461282342672348, 0.47261133790016174, 0.4373890459537506, 0.4394892752170563, 0.44558271765708923, 0.43869486451148987, 0.437751442193985, 0.4387531578540802]}