{"lr": [0.039831516834082356, 0.004101936920681886, 0.6465418935742421, 0.0046489166908554045, 0.5494480651740351, 0.6930600660311831, 0.006563279063308216, 1.1487490104908957, 0.003879474652706041, 0.003877633392183569, 0.003878811135733775, 0.0038861020755407484, 0.0038942580458492197, 0.0038827749647586183, 0.0039048403536769212, 5.6268426796689175, 0.001776246063293738, 0.0017795789217503132, 0.0017778505927397619, 0.001774635813203343, 0.0017776792485454222, 0.0017776981153098308, 0.001780718619894573, 0.0017820476700036547, 0.0022484395210343794, 0.0022446980880512606, 0.0022441714644336713, 0.002247264954280515, 0.002249361359685611, 0.002238239073245866, 0.002252414956109738, 0.002250945751793097], "epochs": [270, 226, 143, 108, 181, 157, 274, 38, 173, 173, 172, 173, 173, 172, 172, 276, 74, 74, 74, 74, 74, 74, 74, 74, 35, 35, 35, 35, 35, 35, 35, 35], "lr_peak_epoch": [99, 65, 125, 42, 135, 114, 68, 3, 164, 61, 30, 20, 130, 22, 113, 266, 29, 47, 29, 58, 45, 73, 58, 21, 14, 22, 16, 21, 31, 5, 0, 23], "batch_size": [4196, 4196, 4196, 4196, 4196, 4196, 4196, 4196, 4196, 4196, 4196, 4196, 4196, 4196, 4196, 4196, 4196, 4196, 4196, 4196, 4196, 4196, 4196, 4196, 4196, 4196, 4196, 4196, 4196, 4196, 4196, 4196], "momentum": [0.9990225623412047, 0.8547251016857865, 0.704825868734783, 0.5217496325637447, 0.4194049344968035, 0.3700355674783887, 0.5120572192347179, 0.5973923457051088, 0.3947821124991757, 0.3970852833485007, 0.3965910961082396, 0.3942046914512325, 0.3940235357899297, 0.3956839785681871, 0.39548076885876593, 0.19304644953061112, 0.8397543852039644, 0.8403140251054236, 0.8399475798268542, 0.8404266490828659, 0.8404297907249894, 0.8404056996884898, 0.8398060105134544, 0.8393939440793515, 0.32344874235905746, 0.3231025032088546, 0.3224956499228058, 0.3236007095842708, 0.3234351611187911, 0.3222695139956595, 0.3236261946502916, 0.32406492264419695], "weight_decay": [0.0019577620557921656, 1.4144925063038073e-05, 0.007690210786006205, 4.3507903068023074e-05, 0.023403430529330742, 2.8356389871989656e-06, 1.089619260902891e-06, 0.0005465104948162641, 3.036265957750825e-06, 2.9984127785841816e-06, 2.961225410041935e-06, 3.12531842789796e-06, 3.1020346994065516e-06, 2.87682227638188e-06, 3.0178126652056785e-06, 0.010487817616197978, 1.010539781181801e-06, 1.0045349147233978e-06, 1.0115894859451995e-06, 1.0092932006039738e-06, 1.0167429908778127e-06, 1.0194657326710046e-06, 1.003379387185906e-06, 1.0016224921547363e-06, 0.013015239134027348, 0.013194231744352535, 0.013000958789756559, 0.013058099039867878, 0.012853756759372618, 0.013195059846662248, 0.013037188968533673, 0.013049931172749997], "label_smoothing": [0.41795010110088837, 0.4506635081857929, 0.2136362765721206, 0.10013059432296917, 0.41641465000346994, 0.30563401200573553, 0.49483535733378653, 0.06865290282085795, 0.23722714895077135, 0.23718263320581207, 0.2378770556232014, 0.2378052672561912, 0.23736409636126055, 0.23754077550275562, 0.23798825892082817, 0.38162947189026697, 0.08238613377360626, 0.08299320583905709, 0.08309995735148962, 0.08291040986256636, 0.08274124093047, 0.08299003395300858, 0.08323255997625562, 0.08307768992151203, 0.08840999654140014, 0.08818803663431782, 0.08879627539001854, 0.08745866945130845, 0.08840695202004298, 0.08876950516987045, 0.08884041240195725, 0.08952024461611938], "num_workers": [8, 8, 8, 8, 8, 8, 8, 8, 8, 8, 8, 8, 8, 8, 8, 8, 8, 8, 8, 8, 8, 8, 8, 8, 8, 8, 8, 8, 8, 8, 8, 8], "lr_tta": [true, true, true, true, true, true, true, true, true, true, true, true, true, true, true, true, true, true, true, true, true, true, true, true, true, true, true, true, true, true, true, true], "time": [4523.677178144455, 3819.310331106186, 2388.865465402603, 1837.6312248706818, 3030.858640432358, 2628.4382157325745, 4602.651553153992, 641.0865724086761, 2954.309756040573, 2946.2479095458984, 2923.93940615654, 2941.435308933258, 2945.759654521942, 2928.7104589939117, 2926.395591020584, 4629.9426736831665, 1271.4843533039093, 1275.1219391822815, 1274.0430874824524, 1269.4762659072876, 1266.402087211609, 1265.6832602024078, 1268.6658627986908, 1268.232251882553, 601.5086660385132, 599.7699313163757, 603.1836450099945, 603.2496106624603, 602.2039098739624, 602.1651856899261, 602.1819837093353, 601.4865028858185], "test_accu": [0.2737705707550049, 0.5792145133018494, 0.012018079869449139, 0.625604510307312, 0.01152404397726059, 0.013184790499508381, 0.5727820992469788, 0.01152404397726059, 0.5957009792327881, 0.6071729063987732, 0.6000815033912659, 0.5927207469940186, 0.5934010148048401, 0.5968206524848938, 0.6011626720428467, 0.01152404397726059, 0.5289614796638489, 0.5297111868858337, 0.5367268919944763, 0.5384026169776917, 0.5263746976852417, 0.5256597399711609, 0.5324544906616211, 0.5319082736968994, 0.27650871872901917, 0.24783533811569214, 0.2463396042585373, 0.27095773816108704, 0.27367374300956726, 0.27457860112190247, 0.2919229567050934, 0.2890518605709076]}