{"lr": [0.988678080523419, 0.06222057311676744, 0.014782312439205842, 0.46101156551729144, 0.15510634288868289, 0.022422835855597113, 0.13184242081447795, 2.7751976870746997, 0.004423690571724543, 0.004520523157276171, 0.0045512774779955245, 0.004398506686874814, 0.004352307859379983, 0.004646328793267943, 0.004627414690815389, 0.004627128682643511, 0.00010020536645703118, 0.00010017303806741163, 0.000100198924162222, 0.00010051867067824129, 0.011448214467384144, 0.00010080888971235165, 0.00010066248548539919, 0.0012747666151242281, 0.0023972837641188733, 0.002382041515176275, 0.002380653608953482, 0.002372481644905854, 0.002385997158088022, 0.0023676829070030684, 0.0023610010191780118, 0.0023839950634713895], "epochs": [73, 221, 59, 276, 115, 269, 191, 261, 286, 285, 285, 286, 285, 287, 287, 286, 300, 300, 300, 300, 119, 300, 300, 144, 291, 291, 291, 291, 291, 291, 291, 291], "lr_peak_epoch": [60, 198, 10, 172, 43, 268, 25, 201, 41, 180, 159, 17, 98, 222, 0, 40, 248, 220, 136, 120, 96, 37, 63, 66, 34, 145, 196, 12, 259, 142, 270, 36], "batch_size": [4196, 4196, 4196, 4196, 4196, 4196, 4196, 4196, 4196, 4196, 4196, 4196, 4196, 4196, 4196, 4196, 4196, 4196, 4196, 4196, 4196, 4196, 4196, 4196, 4196, 4196, 4196, 4196, 4196, 4196, 4196, 4196], "momentum": [0.06038314694695246, 0.29487433349907133, 0.07041214491580661, 0.5646198634837505, 0.7925528261166581, 0.05066195271271268, 0.5722385089580112, 0.21237574393023517, 0.0002366436262581555, 0.00012292595709307934, 0.00038145957902282275, 2.881172747450176e-06, 0.00032479995584245566, 0.00022758423892821756, 0.0003117031270763542, 0.00019117338656144057, 0.0001400695069536661, 0.00019117338656144057, 0.0007181008396295457, 2.881172747450176e-06, 0.8244703027314126, 0.0002736680538392765, 0.00022758423892821756, 0.4091284266190063, 0.18769338365971525, 0.1877530324208885, 0.18730264539244676, 0.18878381362058327, 0.18767594551004144, 0.18859634390077412, 0.18950626098462622, 0.18770247014029046], "weight_decay": [0.0028033396520516134, 0.00020747404277391925, 0.0066368016730501645, 0.0014584117983570289, 0.000574985316721489, 1.68618709120281e-06, 0.011006639719904456, 2.7583574897094926e-05, 1.0024922873847846e-06, 1.0041670524554045e-06, 1.0021215598027755e-06, 1.0079791689307039e-06, 1.0032430633365745e-06, 1.0033387520350921e-06, 1.0047525500329978e-06, 1.0092145871234719e-06, 1.0001676143622713e-06, 1.0060144972066692e-06, 1.0006146024785599e-06, 1.0079791689307039e-06, 0.0021894203526179484, 1.0018273512337352e-06, 1.0033387520350921e-06, 2.424708165887833e-05, 1.000352764828792e-06, 1.0019048552870053e-06, 1.0019375030059041e-06, 1.0021215598027755e-06, 1.0023253475031146e-06, 1.0024636714171694e-06, 1.002290695064327e-06, 1.0031772245207467e-06], "label_smoothing": [0.08742003675240079, 0.2121592936863131, 0.06930733453890686, 0.46943743907017227, 0.024986006440935515, 0.2882355080432823, 0.07310199755881652, 0.0363740915754614, 0.28890444804253124, 0.2888910067765391, 0.2889448623799218, 0.28916455717514866, 0.28931666861486827, 0.2887008368068122, 0.2887356259949005, 0.2887953015366068, 0.30673945878201403, 0.3066115370436434, 0.3065629272653181, 0.30659148744603487, 0.1666491267807036, 0.30709009367330253, 0.3077052400146006, 0.1563971725883816, 0.27289481937032023, 0.2727320040087319, 0.27350882415476446, 0.2724160183521454, 0.27272852318566815, 0.2725165121590693, 0.27402933797345824, 0.2725019646823823], "num_workers": [8, 8, 8, 8, 8, 8, 8, 8, 8, 8, 8, 8, 8, 8, 8, 8, 8, 8, 8, 8, 8, 8, 8, 8, 8, 8, 8, 8, 8, 8, 8, 8], "lr_tta": [true, true, true, true, true, true, true, true, true, true, true, true, true, true, true, true, true, true, true, true, true, true, true, true, true, true, true, true, true, true, true, true], "time": [1212.7787234783173, 3641.420846223831, 986.2679455280304, 4594.223354101181, 1912.7844469547272, 4450.025908708572, 3163.7541160583496, 4368.014385938644, 4837.4323580265045, 4743.409636735916, 4733.81228685379, 4811.541020154953, 4772.390068292618, 4816.752917766571, 4868.591171979904, 4795.182278633118, 5151.50155210495, 5160.414514064789, 5145.506187677383, 5147.300963401794, 2009.1776378154755, 5161.272409915924, 5166.674212217331, 2469.6753039360046, 4979.631371259689, 4994.081969499588, 4999.743894577026, 5009.069173574448, 5008.635153055191, 5043.197965860367, 5017.13059091568, 4987.287545204163], "test_accu": [0.01152404397726059, 0.2394268661737442, 0.1121019497513771, 0.012839756906032562, 0.01891578733921051, 0.5191230773925781, 0.01522673387080431, 0.013299011625349522, 0.595598042011261, 0.5626720190048218, 0.5364363789558411, 0.5439324975013733, 0.5619048476219177, 0.5412959456443787, 0.6038711071014404, 0.5407102108001709, 0.43243882060050964, 0.4330235421657562, 0.4363873302936554, 0.42932701110839844, 0.26159361004829407, 0.4393576681613922, 0.44109174609184265, 0.5358666777610779, 0.5725612044334412, 0.5678567886352539, 0.5587742924690247, 0.5721753239631653, 0.5646407008171082, 0.5623020529747009, 0.5615561008453369, 0.5797197818756104]}