{"lr": [0.006396124004304785, 0.0004202650204656064, 0.00025858128444722995, 0.011735815922433787, 0.22766223637902236, 0.00018848627597533533, 0.059792787532993295, 1.2312313224737506, 0.002800198560632187, 0.0028006247166917175, 0.002790678151545764, 0.0028093439172569797, 0.0028095530896206514, 0.002783162864140919, 0.002793174774507914, 0.0027873684121080436, 0.0004465427370950353, 0.0004476576182888467, 0.00045057827555033237, 0.00044628383096169925, 0.000449629644519027, 0.0004462896877574282, 0.00044498599229210337, 0.0004456835802212266, 0.003089928576823781, 0.0031372196694532052, 0.0007955500055707547, 0.0031308883848248747, 0.003090144633585783, 0.05531360512736077, 0.0031264094552609168, 0.0031829253475598052], "epochs": [273, 265, 183, 298, 186, 89, 70, 169, 291, 291, 291, 291, 291, 291, 291, 291, 300, 300, 300, 300, 300, 300, 300, 300, 300, 300, 122, 300, 300, 32, 300, 300], "lr_peak_epoch": [72, 88, 4, 56, 101, 51, 22, 140, 231, 5, 239, 189, 170, 261, 3, 59, 114, 147, 36, 273, 17, 259, 179, 270, 232, 235, 73, 33, 285, 17, 116, 118], "batch_size": [4196, 4196, 4196, 4196, 4196, 4196, 4196, 4196, 4196, 4196, 4196, 4196, 4196, 4196, 4196, 4196, 4196, 4196, 4196, 4196, 4196, 4196, 4196, 4196, 4196, 4196, 4196, 4196, 4196, 4196, 4196, 4196], "momentum": [0.4500018142892307, 0.3960328718147066, 0.5639073464886634, 0.9664580772738336, 0.7117058429094631, 0.6592269630554823, 0.14906465233273547, 0.2072878149458427, 0.699832087101427, 0.699406910748559, 0.6997504501653128, 0.6994643492860954, 0.6994876927609892, 0.6993627752072915, 0.6992570998789169, 0.7003828755457534, 0.9556930957450339, 0.9523297029214385, 0.9581708156615172, 0.9565538241795936, 0.9600861898951503, 0.9608854781315374, 0.9585870207207063, 0.9590213179792393, 0.5708278850435682, 0.5682261559079911, 0.460637400177348, 0.5702791716030612, 0.5701925111652825, 0.06697990444090185, 0.5691941637226936, 0.5719561556927586], "weight_decay": [0.00014987640637251082, 0.03225410912541875, 1.1898922928475164e-05, 0.0003240143190036594, 0.0026859836985361437, 0.00024904359865848667, 0.0006186710719219218, 0.0006596283090121036, 5.633164266824427e-05, 5.591475705944334e-05, 5.63244366841096e-05, 5.5851619592805276e-05, 5.659074499491329e-05, 5.6234751062256994e-05, 5.6855237538892985e-05, 5.681081967267539e-05, 4.775426657299333e-05, 4.739173486955873e-05, 4.8142175766663215e-05, 4.815034358070766e-05, 4.885303091057282e-05, 4.9119258083168045e-05, 4.844800888941491e-05, 4.828647731818641e-05, 9.818349729565917e-05, 9.7364934048931e-05, 2.6394813827005926e-05, 9.764712488762456e-05, 9.86015418898965e-05, 0.00011879927023783664, 9.74815741978759e-05, 9.757737369003092e-05], "label_smoothing": [0.046094883527180996, 0.07883694311446937, 0.4301224784162875, 0.4640238035795211, 0.4592127506374763, 0.396585698567978, 0.26914871581319916, 0.44750337042942867, 0.20652977297599565, 0.2072062789340184, 0.20730142734703647, 0.20647123191762526, 0.2077041173770416, 0.20613400179301164, 0.20770647602790865, 0.2077331328897584, 1.9423072116890334e-05, 1.6528288860656723e-05, 4.799590897016509e-05, 5.2849799205967785e-05, 4.6696537485992754e-05, 3.691807615742161e-05, 0.00010252725497482384, 0.00010573900071571133, 0.06335715188579699, 0.062241621513180585, 0.46673595170127086, 0.06189963934824998, 0.06261973104355854, 0.48604038942533967, 0.06217629507162419, 0.06056931917544798], "num_workers": [8, 8, 8, 8, 8, 8, 8, 8, 8, 8, 8, 8, 8, 8, 8, 8, 8, 8, 8, 8, 8, 8, 8, 8, 8, 8, 8, 8, 8, 8, 8, 8], "lr_tta": [true, true, true, true, true, true, true, true, true, true, true, true, true, true, true, true, true, true, true, true, true, true, true, true, true, true, true, true, true, true, true, true], "time": [4491.004846334457, 4424.320875883102, 3083.194689512253, 4903.707864999771, 3071.054391860962, 1507.7311086654663, 1162.2473452091217, 2792.8903341293335, 4893.413112401962, 4892.533748865128, 4868.531097173691, 4863.920165300369, 4867.981732368469, 4875.563640356064, 4886.312530040741, 4873.281100273132, 5066.951034069061, 5066.961909294128, 5097.919659614563, 5104.391303777695, 5110.4703414440155, 5139.59067606926, 5129.7869555950165, 5141.479840040207, 5116.39879488945, 5079.372100114822, 2096.3760738372803, 5066.584388971329, 5093.757072925568, 541.5077443122864, 5110.433825492859, 5083.4788382053375], "test_accu": [0.5688918828964233, 0.3170214891433716, 0.48441222310066223, 0.5044227838516235, 0.014265935868024826, 0.4449359178543091, 0.02850835584104061, 0.011140476912260056, 0.6279035210609436, 0.6034913063049316, 0.611760675907135, 0.607856810092926, 0.6216809153556824, 0.6143723130226135, 0.6016853451728821, 0.6281752586364746, 0.4633750915527344, 0.4668196737766266, 0.46277809143066406, 0.46035632491111755, 0.47018107771873474, 0.4776324927806854, 0.46608731150627136, 0.46282508969306946, 0.620952308177948, 0.5154936909675598, 0.5426962375640869, 0.5466546416282654, 0.5044463276863098, 0.011140476912260056, 0.639411211013794, 0.5167610049247742]}