{"lr": [2.9292484964602434, 2.5219540576389816, 0.002960489831151035, 0.0002200344299761071, 0.00010535552874122875, 0.14477061558333834, 0.0017706539458665546, 0.1657612953693237, 0.00034774109006461163, 0.00034840830254028045, 0.0003480631496351357, 0.00035303987201378234, 0.0003445723838224251, 0.000346988354203596, 0.0003474499110821099, 0.0003507223447995887, 0.010740062607504246, 0.010739008423148446, 0.01069001396026512, 0.010644077891434373, 0.010750315227310389, 0.010819985045605694, 0.010828353489258138, 0.00075037509596259, 0.0008409513755475802, 0.0008376469093028108, 0.0008382065281488786, 0.9530937905757791, 0.004235905848721231, 0.0008386461150374863, 0.0008403647197745017, 0.0008405200484816922], "epochs": [100, 143, 223, 170, 147, 223, 243, 89, 259, 259, 259, 259, 259, 259, 259, 259, 285, 285, 285, 284, 284, 284, 285, 161, 145, 145, 145, 30, 234, 145, 145, 145], "lr_peak_epoch": [66, 60, 16, 141, 4, 126, 45, 9, 28, 59, 82, 130, 46, 207, 196, 143, 63, 247, 67, 110, 47, 71, 18, 69, 2, 84, 54, 27, 174, 134, 5, 3], "batch_size": [4196, 4196, 4196, 4196, 4196, 4196, 4196, 4196, 4196, 4196, 4196, 4196, 4196, 4196, 4196, 4196, 4196, 4196, 4196, 4196, 4196, 4196, 4196, 4196, 4196, 4196, 4196, 4196, 4196, 4196, 4196, 4196], "momentum": [0.8235651728557087, 0.9954079239591749, 0.017836773057887778, 0.9691142737749292, 0.10089274272597426, 0.6995194327635575, 0.775070352643564, 0.7622775936255398, 0.3746031597937294, 0.3742416093797614, 0.3747422335197347, 0.3738379232377101, 0.3739001784482444, 0.37563633728617124, 0.373802040489874, 0.3725508563909749, 0.9999344156875555, 0.99992764133988, 0.9998780053614722, 0.9996198174807687, 0.999990135723853, 0.9995974587419805, 0.9997902885463237, 0.6414720452127066, 0.878239762789433, 0.8776401653098602, 0.880004023872814, 0.3826417323765763, 0.3800934417319176, 0.8770281324547888, 0.87994255565012, 0.8796102256353422], "weight_decay": [1.0548087371193394e-06, 0.0003966745871723106, 0.03155620032116885, 2.5273547200245704e-05, 0.0015169408494838947, 1.173847871877013e-05, 0.0026405516060553497, 0.022209109722606427, 0.008111105241357941, 0.00804057961317958, 0.008083692308057566, 0.008104323424795494, 0.00801355605846266, 0.008068606578682908, 0.008014634003528372, 0.008046919946174952, 0.005588939407233374, 0.005478939736387042, 0.005628943841011513, 0.005671457537542256, 0.005686953858147028, 0.005588831932526751, 0.005587382951351384, 0.0010068382423618833, 0.003984560722402638, 0.003921982844891032, 0.003948518458871143, 0.0029133879129405035, 0.07838933813070713, 0.0039051827687792734, 0.003960732230181734, 0.0040314666469937425], "label_smoothing": [0.4339255638149982, 0.13541650749683154, 0.33976149834204233, 0.3377313834732743, 0.466240600769437, 0.07933299437058383, 0.14800648151989776, 0.011327191483785137, 0.2584930235734256, 0.2582404973165554, 0.2591298785994919, 0.2587842944918396, 0.25820134984130494, 0.25860686859168946, 0.25824941885306774, 0.2588807799965381, 7.412934321585616e-05, 0.00027719329947514554, 0.0002459434921152444, 6.747841446298948e-05, 0.00034875113140895176, 7.78550002825183e-05, 0.00023194173360900226, 0.1594658888619872, 0.016988010088300205, 0.0163129946263186, 0.016400672648664103, 0.07661605860145393, 0.12075782922038686, 0.015882978229467406, 0.017007275276256176, 0.017997547478856207], "num_workers": [8, 8, 8, 8, 8, 8, 8, 8, 8, 8, 8, 8, 8, 8, 8, 8, 8, 8, 8, 8, 8, 8, 8, 8, 8, 8, 8, 8, 8, 8, 8, 8], "lr_tta": [true, true, true, true, true, true, true, true, true, true, true, true, true, true, true, true, true, true, true, true, true, true, true, true, true, true, true, true, true, true, true, true], "time": [1686.4453778266907, 2429.1298608779907, 3769.4689586162567, 2922.1862020492554, 2521.1905496120453, 3735.770294189453, 4145.5127329826355, 1498.2421340942383, 4448.304719209671, 4435.8345692157745, 4445.976946115494, 4435.554066896439, 4434.859455347061, 4438.820425271988, 4451.380715847015, 4445.394637107849, 4813.225070238113, 4829.352090835571, 4819.179794788361, 4843.784730434418, 4827.658979892731, 4818.035564184189, 4855.126075744629, 2781.505888223648, 2508.7987353801727, 2514.2283029556274, 2514.7567706108093, 517.7822425365448, 4012.976753473282, 2513.1675357818604, 2512.6605405807495, 2520.0978286266327], "test_accu": [0.01152404397726059, 0.01310910563915968, 0.014763724990189075, 0.46470579504966736, 0.42927345633506775, 0.012808732688426971, 0.5767790675163269, 0.016176266595721245, 0.46801742911338806, 0.45859360694885254, 0.4613753855228424, 0.4638850688934326, 0.4597170352935791, 0.46582409739494324, 0.4724327027797699, 0.46036994457244873, 0.3546406328678131, 0.3439979553222656, 0.38213977217674255, 0.3723958432674408, 0.3480198085308075, 0.3657824993133545, 0.32554891705513, 0.54694002866745, 0.5221817493438721, 0.5172202587127686, 0.5218663215637207, 0.01152404397726059, 0.014887827448546886, 0.527238667011261, 0.5271442532539368, 0.5168155431747437]}