{"lr": [0.00021545675761415941, 0.42541555042918233, 0.007754224081668505, 6.041055740970114, 0.1196026841777936, 0.052504994599683386, 0.00020033100199853035, 0.025032275749458776, 0.008512956847105565, 0.008486167568024715, 0.00850748388876413, 0.00856769966459289, 0.00850147382463335, 0.008410503147785854, 0.008359365143862417, 0.008729982389015277, 0.008923709786085771, 0.008886959161624906, 0.008929855708185401, 0.008953292638871721, 0.008945254700382961, 2.224299541234735, 0.008849094446041103, 0.00897799648596544, 0.0073314500828401494, 0.0014102242134138338, 0.0014167721680774337, 0.0014154246371598667, 0.0014291069490389116, 0.0014264502214253734, 1.0850369310174799, 0.0014107119181149836], "epochs": [103, 187, 283, 88, 234, 114, 287, 258, 278, 278, 278, 277, 278, 278, 278, 278, 282, 282, 282, 282, 282, 59, 282, 282, 279, 300, 300, 300, 300, 300, 69, 300], "lr_peak_epoch": [16, 77, 78, 64, 88, 24, 281, 120, 169, 244, 70, 118, 232, 170, 240, 173, 269, 117, 108, 250, 143, 44, 88, 54, 247, 0, 154, 95, 281, 65, 5, 54], "batch_size": [4196, 4196, 4196, 4196, 4196, 4196, 4196, 4196, 4196, 4196, 4196, 4196, 4196, 4196, 4196, 4196, 4196, 4196, 4196, 4196, 4196, 4196, 4196, 4196, 4196, 4196, 4196, 4196, 4196, 4196, 4196, 4196], "momentum": [0.20062472861889125, 0.8970346435051708, 0.6475034191558767, 0.9276281206406914, 0.1077177214313223, 0.012280787127523118, 0.1294572013445363, 0.712692940687459, 0.64980801062448, 0.6501194212044182, 0.6496207776298774, 0.6494717877349934, 0.6493317255230233, 0.65031569846293, 0.6506284607485967, 0.6486089699293994, 0.658786230142803, 0.6586449979680946, 0.6585907312055403, 0.6590507977521768, 0.6594658941017849, 0.4202471389661354, 0.6593011432793835, 0.6596862826691782, 0.12024787710070295, 0.8596599654700322, 0.8584778962032872, 0.8590574997378799, 0.8593895772158516, 0.8593349048400153, 0.39741815584817997, 0.8591606086950266], "weight_decay": [2.461924780227783e-05, 0.008367805705853316, 0.001890894743486505, 0.00016074649479046969, 0.09729891009461511, 0.00406282085040922, 0.013575347039107467, 0.0005246946602841581, 0.0002461931524721136, 0.00024468910635836935, 0.00024861468371163687, 0.00024536146437578114, 0.0002460378577094809, 0.00024640130579101804, 0.0002506299667730748, 0.00025061798444983346, 0.0002737630596647584, 0.00027413819995430734, 0.0002739688751478077, 0.00027389524367360654, 0.00027216599171491163, 0.0008181992028675551, 0.0002715219633455947, 0.00027415980786154773, 4.853775039062813e-05, 8.54950189634401e-06, 8.441771736216144e-06, 8.56221370081305e-06, 8.580334003145692e-06, 8.410138979045095e-06, 0.0024308434888943627, 8.494785785228136e-06], "label_smoothing": [0.35826465781850114, 0.17559869339035966, 0.21985103410954415, 0.2589964071960088, 0.4684652847861764, 0.02709092808149982, 0.43400227573041206, 0.05059104497085076, 0.022158347157676322, 0.022568045265868947, 0.021928488886692746, 0.02258713223215195, 0.02348659790192074, 0.021910931679428106, 0.02283629150153533, 0.024564502148492394, 0.03234929425269707, 0.03257391793491788, 0.0325557668691023, 0.0324045623364229, 0.0325445936318578, 0.33991620664170913, 0.03284436606397241, 0.03241272144345358, 0.2682092466969562, 3.986693762975764e-06, 1.765444826944682e-05, 5.1438231769545455e-05, 6.517629003015431e-05, 0.0001110002879799038, 0.2943111183251245, 0.00019732555155433512], "num_workers": [8, 8, 8, 8, 8, 8, 8, 8, 8, 8, 8, 8, 8, 8, 8, 8, 8, 8, 8, 8, 8, 8, 8, 8, 8, 8, 8, 8, 8, 8, 8, 8], "lr_tta": [true, true, true, true, true, true, true, true, true, true, true, true, true, true, true, true, true, true, true, true, true, true, true, true, true, true, true, true, true, true, true, true], "time": [1770.5877811908722, 3156.2055661678314, 4763.400564193726, 1488.7098577022552, 3948.5677206516266, 1928.2447834014893, 4925.91205739975, 4357.666464090347, 4711.789512872696, 4726.8749306201935, 4726.263722658157, 4748.812526941299, 4728.372905254364, 4727.363028764725, 4715.116023540497, 4706.302194595337, 4776.49475312233, 4807.6315677165985, 4800.67698764801, 4836.716639757156, 4822.658539533615, 1010.512594461441, 4849.832680463791, 4848.489623308182, 4790.7567727565765, 5240.426355838776, 5225.385138511658, 5199.793581008911, 5193.8187687397, 5201.31459236145, 1179.887390613556, 5244.300351142883], "test_accu": [0.4504285752773285, 0.012628707103431225, 0.4482724368572235, 0.01152404397726059, 0.01152404397726059, 0.0611748993396759, 0.354729026556015, 0.4406982958316803, 0.5905547142028809, 0.591587483882904, 0.6287078261375427, 0.6023716926574707, 0.5430535078048706, 0.5815021991729736, 0.5590896606445312, 0.5756259560585022, 0.5776293873786926, 0.5899713635444641, 0.5618639588356018, 0.6004204154014587, 0.5806556344032288, 0.012804977595806122, 0.4884190559387207, 0.5688162446022034, 0.6018465161323547, 0.5019873976707458, 0.498222678899765, 0.5108687281608582, 0.47008800506591797, 0.5008169412612915, 0.01152404397726059, 0.5042601227760315]}