{"lr": [0.13138722876353623, 0.0015422105283938723, 0.0002470660789984503, 0.0004956568618943287, 0.0004906201166908925, 0.0034258445886329947, 0.011507678654146399, 0.003015296308184735, 0.004281846404179074, 0.004280036843770654, 0.004298464114171904, 0.004280528378559005, 0.004234253279340552, 0.004316049267638824, 0.004326082110228701, 0.004216935979808259, 4.151021157568819, 4.154306682694831, 4.05151839144123, 4.0959779392786135, 4.001555224040446, 4.013849075215866, 4.103367296306826, 4.0967289602947154, 0.0050795575876192295, 0.005102073895196873, 0.02047217915667457, 0.005135376426888582, 0.005001539443436824, 0.005057098176961843, 0.005048239317248337, 0.005146341900855264], "epochs": [273, 91, 146, 157, 150, 239, 173, 236, 57, 57, 57, 57, 57, 57, 57, 57, 198, 198, 198, 198, 198, 198, 198, 198, 57, 57, 243, 57, 57, 57, 57, 57], "lr_peak_epoch": [40, 87, 89, 63, 134, 222, 156, 7, 13, 50, 53, 28, 56, 21, 43, 54, 47, 17, 161, 36, 13, 86, 120, 4, 20, 19, 9, 41, 31, 30, 31, 13], "batch_size": [4196, 4196, 4196, 4196, 4196, 4196, 4196, 4196, 4196, 4196, 4196, 4196, 4196, 4196, 4196, 4196, 4196, 4196, 4196, 4196, 4196, 4196, 4196, 4196, 4196, 4196, 4196, 4196, 4196, 4196, 4196, 4196], "momentum": [0.782470498723945, 0.6361349571037266, 0.4301497819341634, 0.6718124748499722, 0.4135663058837963, 0.3544440432635373, 0.9017806538641473, 0.9163205394631451, 0.7491078397677352, 0.7489863300616558, 0.7494945710879879, 0.749135813485197, 0.7488039847921029, 0.748904611937271, 0.7495311442994605, 0.7494945577323747, 0.9999179021044265, 0.9997935645949833, 0.9998337588393724, 0.9998508203250124, 0.9993396960742065, 0.9996031692461481, 0.9997099284032112, 0.9991455300293072, 0.7431992657553801, 0.7438031169532894, 0.007298556293049652, 0.7438223687563192, 0.7437056501689032, 0.7430559229385765, 0.7430194970337053, 0.7447646810711398], "weight_decay": [0.004907800763303775, 3.3275300977397555e-06, 0.0001624878962862921, 1.3992920775086735e-05, 0.00012865791545122376, 0.04672381856761254, 0.00016579397605546756, 2.022892601642682e-05, 1.0182136639593398e-05, 1.0157534264320348e-05, 1.016353631263966e-05, 1.0143989462557816e-05, 1.0173837422944058e-05, 1.015141053121644e-05, 1.0177138693373624e-05, 1.0181672876276464e-05, 1.0001339042257365e-06, 1.0008105202752237e-06, 1.0021394952414202e-06, 1.0022727842863914e-06, 1.0003945053175428e-06, 1.0026828251693966e-06, 1.0024520418139238e-06, 1.0034190484738879e-06, 9.489263959951432e-06, 9.522324036701291e-06, 0.016908683190958944, 9.553869970779057e-06, 9.529484336203566e-06, 9.572148561885562e-06, 9.440315214575556e-06, 9.535667534715351e-06], "label_smoothing": [0.08481587605661728, 0.3492369861511736, 0.18423812771115677, 0.46219670197077994, 0.051429844690210724, 0.3331142609132918, 0.19523019923680518, 0.048356982912958035, 0.12690207366268405, 0.12694098696889802, 0.12731169793347236, 0.12721163824745396, 0.12703727512090537, 0.12698474362678736, 0.12746511061613433, 0.12696786758198675, 0.2683227030804337, 0.2683660678390493, 0.26815410658204447, 0.2687791623766982, 0.26843073330893663, 0.26806084610293585, 0.2686771145693542, 0.2678536041582724, 0.12993581734734302, 0.12986407371152767, 0.444720932942748, 0.13029784514537843, 0.12977664911162473, 0.13083203425672654, 0.12919390672509623, 0.13041463388783042], "num_workers": [8, 8, 8, 8, 8, 8, 8, 8, 8, 8, 8, 8, 8, 8, 8, 8, 8, 8, 8, 8, 8, 8, 8, 8, 8, 8, 8, 8, 8, 8, 8, 8], "lr_tta": [true, true, true, true, true, true, true, true, true, true, true, true, true, true, true, true, true, true, true, true, true, true, true, true, true, true, true, true, true, true, true, true], "time": [4524.062211275101, 1551.3968513011932, 2505.4498937129974, 2698.175093650818, 2582.842426776886, 4044.2787222862244, 2923.6455981731415, 4025.5246889591217, 979.0594439506531, 980.2148087024689, 980.5420169830322, 982.3500726222992, 983.6951329708099, 979.8314661979675, 984.4294092655182, 982.4060559272766, 3369.5193161964417, 3344.176787853241, 3354.926186800003, 3366.9811205863953, 3377.4019701480865, 3385.1992688179016, 3348.5366587638855, 3389.6827614307404, 983.316431760788, 980.1058328151703, 4147.624771595001, 983.6595537662506, 984.2203583717346, 985.0591959953308, 985.3429877758026, 984.6557996273041], "test_accu": [0.013858851976692677, 0.5663164258003235, 0.44505012035369873, 0.5090401768684387, 0.4671050012111664, 0.012770198285579681, 0.49729904532432556, 0.5533563494682312, 0.5675427913665771, 0.586675763130188, 0.5965550541877747, 0.5927169919013977, 0.5906825661659241, 0.5828339457511902, 0.586706817150116, 0.5711349844932556, 0.01152404397726059, 0.01152404397726059, 0.01311285886913538, 0.01152404397726059, 0.01152404397726059, 0.01427344512194395, 0.01152404397726059, 0.013872486539185047, 0.5843992829322815, 0.5872516632080078, 0.015285030007362366, 0.5717183947563171, 0.5917214155197144, 0.5954466462135315, 0.5872938632965088, 0.5837971568107605]}