{
  "stats": {
    "submitted": 32,
    "finished": 32,
    "running": 0
  },
  "data": [
    [
      1,
      null,
      602578354,
      null,
      -0.398825079202652,
      0.5,
      1,
      0.0,
      0.0,
      {}
    ],
    [
      2,
      null,
      602578354,
      null,
      -0.6856338381767273,
      0.5,
      1,
      0.0,
      0.0,
      {}
    ],
    [
      3,
      null,
      602578354,
      null,
      -0.7184507846832275,
      0.5,
      1,
      0.0,
      0.0,
      {}
    ],
    [
      4,
      null,
      602578354,
      null,
      -0.09867507964372635,
      0.5,
      1,
      0.0,
      0.0,
      {}
    ],
    [
      5,
      null,
      602578354,
      null,
      -0.17111217975616455,
      0.5,
      1,
      0.0,
      0.0,
      {}
    ],
    [
      6,
      null,
      602578354,
      null,
      -0.25645583868026733,
      0.5,
      1,
      0.0,
      0.0,
      {}
    ],
    [
      7,
      null,
      602578354,
      null,
      -0.6637303233146667,
      0.5,
      1,
      0.0,
      0.0,
      {}
    ],
    [
      8,
      null,
      602578354,
      null,
      -0.4522693455219269,
      0.5,
      1,
      0.0,
      0.0,
      {}
    ],
    [
      9,
      null,
      602578354,
      null,
      -0.6737214922904968,
      0.5,
      1,
      0.0,
      0.0,
      {}
    ],
    [
      10,
      null,
      602578354,
      null,
      -0.41361987590789795,
      0.5,
      1,
      0.0,
      0.0,
      {}
    ],
    [
      11,
      null,
      602578354,
      null,
      -0.701863706111908,
      0.5,
      1,
      0.0,
      0.0,
      {}
    ],
    [
      12,
      null,
      602578354,
      null,
      -0.6609423756599426,
      0.5,
      1,
      0.0,
      0.0,
      {}
    ],
    [
      13,
      null,
      602578354,
      null,
      -0.722628653049469,
      0.5,
      1,
      0.0,
      0.0,
      {}
    ],
    [
      14,
      null,
      602578354,
      null,
      -0.6663965582847595,
      0.5,
      1,
      0.0,
      0.0,
      {}
    ],
    [
      15,
      null,
      602578354,
      null,
      -0.6857790946960449,
      0.5,
      1,
      0.0,
      0.0,
      {}
    ],
    [
      16,
      null,
      602578354,
      null,
      -0.6655649542808533,
      0.5,
      1,
      0.0,
      0.0,
      {}
    ],
    [
      17,
      null,
      602578354,
      null,
      -0.5999536514282227,
      0.5,
      1,
      0.0,
      0.0,
      {}
    ],
    [
      18,
      null,
      602578354,
      null,
      -0.6143140196800232,
      0.5,
      1,
      0.0,
      0.0,
      {}
    ],
    [
      19,
      null,
      602578354,
      null,
      -0.6481685042381287,
      0.5,
      1,
      0.0,
      0.0,
      {}
    ],
    [
      20,
      null,
      602578354,
      null,
      -0.5973358750343323,
      0.5,
      1,
      0.0,
      0.0,
      {}
    ],
    [
      21,
      null,
      602578354,
      null,
      -0.648606538772583,
      0.5,
      1,
      0.0,
      0.0,
      {}
    ],
    [
      22,
      null,
      602578354,
      null,
      -0.6351599097251892,
      0.5,
      1,
      0.0,
      0.0,
      {}
    ],
    [
      23,
      null,
      602578354,
      null,
      -0.6583095788955688,
      0.5,
      1,
      0.0,
      0.0,
      {}
    ],
    [
      24,
      null,
      602578354,
      null,
      -0.6108694076538086,
      0.5,
      1,
      0.0,
      0.0,
      {}
    ],
    [
      25,
      null,
      602578354,
      null,
      -0.6574544906616211,
      0.5,
      1,
      0.0,
      0.0,
      {}
    ],
    [
      26,
      null,
      602578354,
      null,
      -0.7015407681465149,
      0.5,
      1,
      0.0,
      0.0,
      {}
    ],
    [
      27,
      null,
      602578354,
      null,
      -0.5963129997253418,
      0.5,
      1,
      0.0,
      0.0,
      {}
    ],
    [
      28,
      null,
      602578354,
      null,
      -0.5526710152626038,
      0.5,
      1,
      0.0,
      0.0,
      {}
    ],
    [
      29,
      null,
      602578354,
      null,
      -0.6958110928535461,
      0.5,
      1,
      0.0,
      0.0,
      {}
    ],
    [
      30,
      null,
      602578354,
      null,
      -0.6485345959663391,
      0.5,
      1,
      0.0,
      0.0,
      {}
    ],
    [
      31,
      null,
      602578354,
      null,
      -0.6250794529914856,
      0.5,
      1,
      0.0,
      0.0,
      {}
    ],
    [
      32,
      null,
      602578354,
      null,
      -0.5853539109230042,
      0.5,
      1,
      0.0,
      0.0,
      {}
    ]
  ],
  "configs": {
    "1": {
      "batch_size": 4196,
      "epochs": 203,
      "label_smoothing": 0.005155295713513863,
      "lr": 0.010673096713019935,
      "lr_peak_epoch": 0.46370098473348953,
      "lr_tta": "True",
      "momentum": 0.14459688212189103,
      "num_workers": 8,
      "weight_decay": 0.03798289033595878
    },
    "2": {
      "batch_size": 4196,
      "epochs": 127,
      "label_smoothing": 0.4511248024011032,
      "lr": 0.09195296347602969,
      "lr_peak_epoch": 0.4398830408458241,
      "lr_tta": "True",
      "momentum": 0.009863220790041427,
      "num_workers": 8,
      "weight_decay": 3.191159716237258e-06
    },
    "3": {
      "batch_size": 4196,
      "epochs": 190,
      "label_smoothing": 0.06891285877043746,
      "lr": 0.1269619752417707,
      "lr_peak_epoch": 0.8192048905143546,
      "lr_tta": "True",
      "momentum": 0.2872601016595224,
      "num_workers": 8,
      "weight_decay": 6.982081802669735e-06
    },
    "4": {
      "batch_size": 4196,
      "epochs": 92,
      "label_smoothing": 0.15140445538460046,
      "lr": 0.47078392159167287,
      "lr_peak_epoch": 0.9366925435830391,
      "lr_tta": "True",
      "momentum": 0.48362368301202185,
      "num_workers": 8,
      "weight_decay": 5.123681541827733e-06
    },
    "5": {
      "batch_size": 4196,
      "epochs": 208,
      "label_smoothing": 0.4890906641854549,
      "lr": 0.3672825719736971,
      "lr_peak_epoch": 0.13274010512836576,
      "lr_tta": "True",
      "momentum": 0.5495963048783828,
      "num_workers": 8,
      "weight_decay": 3.917696196179832e-05
    },
    "6": {
      "batch_size": 4196,
      "epochs": 245,
      "label_smoothing": 0.05125395480991152,
      "lr": 7.437242528736886,
      "lr_peak_epoch": 0.8306496178101271,
      "lr_tta": "True",
      "momentum": 0.7960208863593908,
      "num_workers": 8,
      "weight_decay": 0.006508852534387791
    },
    "7": {
      "batch_size": 4196,
      "epochs": 71,
      "label_smoothing": 0.16662556496493652,
      "lr": 0.0005097141381248402,
      "lr_peak_epoch": 0.7062747913961681,
      "lr_tta": "True",
      "momentum": 0.31737932636774546,
      "num_workers": 8,
      "weight_decay": 6.039735988660693e-05
    },
    "8": {
      "batch_size": 4196,
      "epochs": 140,
      "label_smoothing": 0.21458784226365185,
      "lr": 0.027786118785246304,
      "lr_peak_epoch": 0.46472765636593927,
      "lr_tta": "True",
      "momentum": 0.5914415710360071,
      "num_workers": 8,
      "weight_decay": 0.00682335092604426
    },
    "9": {
      "batch_size": 4196,
      "epochs": 190,
      "label_smoothing": 0.059791756405357055,
      "lr": 0.09115866428516074,
      "lr_peak_epoch": 0.8176161136937684,
      "lr_tta": "True",
      "momentum": 0.31017264574822234,
      "num_workers": 8,
      "weight_decay": 6.71886437413894e-06
    },
    "10": {
      "batch_size": 4196,
      "epochs": 190,
      "label_smoothing": 0.04982876979312362,
      "lr": 0.17586483838734923,
      "lr_peak_epoch": 0.8199552271631033,
      "lr_tta": "True",
      "momentum": 0.1958751016927486,
      "num_workers": 8,
      "weight_decay": 7.157424398906175e-06
    },
    "11": {
      "batch_size": 4196,
      "epochs": 188,
      "label_smoothing": 0.08957938695732173,
      "lr": 0.10753153586717033,
      "lr_peak_epoch": 0.8162878146917788,