{
  "stats": {
    "submitted": 30,
    "finished": 30,
    "running": 0
  },
  "data": [
    [
      1,
      null,
      868920072,
      null,
      -0.62833172082901,
      0.5,
      1,
      0.0,
      0.0,
      {}
    ],
    [
      2,
      null,
      868920072,
      null,
      -0.02011490799486637,
      0.5,
      1,
      0.0,
      0.0,
      {}
    ],
    [
      3,
      null,
      868920072,
      null,
      -0.0733419805765152,
      0.5,
      1,
      0.0,
      0.0,
      {}
    ],
    [
      4,
      null,
      868920072,
      null,
      -0.6594851613044739,
      0.5,
      1,
      0.0,
      0.0,
      {}
    ],
    [
      5,
      null,
      868920072,
      null,
      -0.0835898295044899,
      0.5,
      1,
      0.0,
      0.0,
      {}
    ],
    [
      6,
      null,
      868920072,
      null,
      -0.6553429961204529,
      0.5,
      1,
      0.0,
      0.0,
      {}
    ],
    [
      7,
      null,
      868920072,
      null,
      -0.733282744884491,
      0.5,
      1,
      0.0,
      0.0,
      {}
    ],
    [
      8,
      null,
      868920072,
      null,
      -0.014901462011039257,
      0.5,
      1,
      0.0,
      0.0,
      {}
    ],
    [
      9,
      null,
      868920072,
      null,
      -0.7473103404045105,
      0.5,
      1,
      0.0,
      0.0,
      {}
    ],
    [
      10,
      null,
      868920072,
      null,
      -0.7511656880378723,
      0.5,
      1,
      0.0,
      0.0,
      {}
    ],
    [
      11,
      null,
      868920072,
      null,
      -0.7495110630989075,
      0.5,
      1,
      0.0,
      0.0,
      {}
    ],
    [
      12,
      null,
      868920072,
      null,
      -0.7454521059989929,
      0.5,
      1,
      0.0,
      0.0,
      {}
    ],
    [
      13,
      null,
      868920072,
      null,
      -0.7414923310279846,
      0.5,
      1,
      0.0,
      0.0,
      {}
    ],
    [
      14,
      null,
      868920072,
      null,
      -0.7460975646972656,
      0.5,
      1,
      0.0,
      0.0,
      {}
    ],
    [
      15,
      null,
      868920072,
      null,
      -0.7481841444969177,
      0.5,
      1,
      0.0,
      0.0,
      {}
    ],
    [
      16,
      null,
      868920072,
      null,
      -0.30949676036834717,
      0.5,
      1,
      0.0,
      0.0,
      {}
    ],
    [
      17,
      null,
      868920072,
      null,
      -0.7301186919212341,
      0.5,
      1,
      0.0,
      0.0,
      {}
    ],
    [
      18,
      null,
      868920072,
      null,
      -0.7290163636207581,
      0.5,
      1,
      0.0,
      0.0,
      {}
    ],
    [
      19,
      null,
      868920072,
      null,
      -0.7303085923194885,
      0.5,
      1,
      0.0,
      0.0,
      {}
    ],
    [
      20,
      null,
      868920072,
      null,
      -0.7353866696357727,
      0.5,
      1,
      0.0,
      0.0,
      {}
    ],
    [
      21,
      null,
      868920072,
      null,
      -0.728950560092926,
      0.5,
      1,
      0.0,
      0.0,
      {}
    ],
    [
      22,
      null,
      868920072,
      null,
      -0.723965585231781,
      0.5,
      1,
      0.0,
      0.0,
      {}
    ],
    [
      23,
      null,
      868920072,
      null,
      -0.7234456539154053,
      0.5,
      1,
      0.0,
      0.0,
      {}
    ],
    [
      24,
      null,
      868920072,
      null,
      -0.733456552028656,
      0.5,
      1,
      0.0,
      0.0,
      {}
    ],
    [
      25,
      null,
      868920072,
      null,
      -0.7104766368865967,
      0.5,
      1,
      0.0,
      0.0,
      {}
    ],
    [
      26,
      null,
      868920072,
      null,
      -0.745649516582489,
      0.5,
      1,
      0.0,
      0.0,
      {}
    ],
    [
      27,
      null,
      868920072,
      null,
      -0.7069055438041687,
      0.5,
      1,
      0.0,
      0.0,
      {}
    ],
    [
      28,
      null,
      868920072,
      null,
      -0.7437801361083984,
      0.5,
      1,
      0.0,
      0.0,
      {}
    ],
    [
      29,
      null,
      868920072,
      null,
      -0.7524752616882324,
      0.5,
      1,
      0.0,
      0.0,
      {}
    ],
    [
      30,
      null,
      868920072,
      null,
      -0.7381472587585449,
      0.5,
      1,
      0.0,
      0.0,
      {}
    ]
  ],
  "configs": {
    "1": {
      "batch_size": 4196,
      "epochs": 220,
      "label_smoothing": 0.12850266485036033,
      "lr": 0.00013953259280858945,
      "lr_peak_epoch": 0.3898847161350819,
      "lr_tta": "True",
      "momentum": 0.026173099132830835,
      "num_workers": 8,
      "weight_decay": 1.0440415372630964e-06
    },
    "2": {
      "batch_size": 4196,
      "epochs": 243,
      "label_smoothing": 0.362219763602464,
      "lr": 4.063280805854252,
      "lr_peak_epoch": 0.9858205811064289,
      "lr_tta": "True",
      "momentum": 0.8728167802520622,
      "num_workers": 8,
      "weight_decay": 0.06857520918293655
    },
    "3": {
      "batch_size": 4196,
      "epochs": 84,
      "label_smoothing": 0.30758123512020674,
      "lr": 0.3820561868292428,
      "lr_peak_epoch": 0.027608855514081543,
      "lr_tta": "True",
      "momentum": 0.05453503936509119,
      "num_workers": 8,
      "weight_decay": 0.006594849992003955
    },
    "4": {
      "batch_size": 4196,
      "epochs": 134,
      "label_smoothing": 0.2950589222383523,
      "lr": 0.00035053545596413295,
      "lr_peak_epoch": 0.7866210137448495,
      "lr_tta": "True",
      "momentum": 0.5404722684904767,
      "num_workers": 8,
      "weight_decay": 0.0002791617845473597
    },
    "5": {
      "batch_size": 4196,
      "epochs": 96,
      "label_smoothing": 0.2564865799044472,
      "lr": 0.33261027196809995,
      "lr_peak_epoch": 0.6191092403543431,
      "lr_tta": "True",
      "momentum": 0.124230467103844,
      "num_workers": 8,
      "weight_decay": 4.028413502484597e-06
    },
    "6": {
      "batch_size": 4196,
      "epochs": 172,
      "label_smoothing": 0.4415586717838854,
      "lr": 0.013641734199782233,
      "lr_peak_epoch": 0.820268859261491,
      "lr_tta": "True",
      "momentum": 0.10489080506418624,
      "num_workers": 8,
      "weight_decay": 0.006689637932931519
    },
    "7": {
      "batch_size": 4196,
      "epochs": 291,
      "label_smoothing": 0.22594637575286514,
      "lr": 0.08110267257139182,
      "lr_peak_epoch": 0.08285792225801636,
      "lr_tta": "True",
      "momentum": 0.6937730294417642,
      "num_workers": 8,
      "weight_decay": 2.16647002427134e-05
    },
    "8": {
      "batch_size": 4196,
      "epochs": 43,
      "label_smoothing": 0.28850625833171745,
      "lr": 1.4803219287255225,
      "lr_peak_epoch": 0.1336388385456032,
      "lr_tta": "True",
      "momentum": 0.5382299592412064,
      "num_workers": 8,
      "weight_decay": 9.28070205974275e-05
    },
    "9": {
      "batch_size": 4196,
      "epochs": 282,
      "label_smoothing": 0.271188186534439,
      "lr": 0.01335918613941372,
      "lr_peak_epoch": 0.2657871482655349,
      "lr_tta": "True",
      "momentum": 0.5688853629057347,
      "num_workers": 8,
      "weight_decay": 6.125793267688268e-05
    },
    "10": {
      "batch_size": 4196,
      "epochs": 282,
      "label_smoothing": 0.270815875891001,
      "lr": 0.013377408066974319,
      "lr_peak_epoch": 0.2659378952442058,
      "lr_tta": "True",
      "momentum": 0.5679553534625933,
      "num_workers": 8,
      "weight_decay": 6.071501935637729e-05
    },
    "11": {
      "batch_size": 4196,
      "epochs": 282,
      "label_smoothing": 0.27148644580116593,
      "lr": 0.013366321427081785,
      "lr_peak_epoch": 0.266367987162538,
      "lr_tta": "True",
      "momentum": 0.5679202827715155,
      "num_workers": 8,
      "weight_decay": 6.175472402462437e-05
    },
    "12": {
      "batch_size": 4196,
      "epochs": 282,
      "label_smoothing": 0.27074761094239935,
      "lr": 0.013370501927982939,