{"lr": [0.059696114787684176, 0.36993488260076673, 0.12755424293616296, 0.00041221447276675965, 6.913637212636977, 0.0023606786457438045, 0.13131350592314264, 0.010384539361665683, 0.0035513488137775637, 0.003525855821168854, 0.003593272318052743, 0.0035755318854545407, 2.2614368666286113, 0.003583970577017756, 0.016467921240736736, 0.01642798609117534, 0.01654873887901139, 7.795850160510938, 0.01631713159739668, 0.02818905375392441, 0.016591759897052825, 0.001012921071732089, 0.0010175383830633145, 0.0010034934822691955, 0.0010146869304308427, 0.0010103210258178444, 0.0009854236193628126, 0.0010310246229294799, 0.0010205467233890529], "epochs": [102, 275, 173, 284, 31, 216, 244, 251, 222, 222, 223, 223, 149, 223, 300, 300, 300, 164, 106, 171, 300, 117, 118, 119, 118, 119, 119, 119, 117], "lr_peak_epoch": [8, 173, 60, 129, 10, 89, 42, 2, 7, 27, 43, 32, 32, 1, 105, 93, 6, 94, 90, 71, 90, 35, 55, 13, 17, 99, 33, 20, 60], "batch_size": [4196, 4196, 4196, 4196, 4196, 4196, 4196, 4196, 4196, 4196, 4196, 4196, 4196, 4196, 4196, 4196, 4196, 4196, 4196, 4196, 4196, 4196, 4196, 4196, 4196, 4196, 4196, 4196, 4196], "momentum": [0.05702870503530544, 0.3237242561582492, 0.7446435566781381, 0.871341707304559, 0.7458691152259442, 0.6393063682485893, 0.5466604203255901, 0.413859156624663, 4.7194673497932957e-05, 3.84418419252721e-05, 0.00019317649195284045, 9.787179018837675e-05, 0.6008047839434829, 0.00024339300319644848, 2.27999971450035e-05, 6.650971120750215e-05, 0.0001720984874897301, 0.02495999693588835, 0.06124618397516013, 0.8721114320411486, 0.00010199449379693607, 3.6399427818116276e-05, 7.912896719116085e-05, 0.00010199449379693607, 0.0001286908996918122, 6.650971120750215e-05, 1.2582762017126176e-05, 0.00025537119521983976, 0.0002947064227845665], "weight_decay": [0.00011900699332537004, 0.0003029612967404005, 0.0002476134598495665, 0.0001618152831412487, 0.013827188596820328, 0.0002421289470241403, 1.0568323307809174e-05, 0.0004825444104543578, 7.157624142969849e-05, 7.207328480415144e-05, 7.088488729599047e-05, 7.027832933177456e-05, 1.0198364953846719e-06, 7.126222106540109e-05, 1.0001938451280803e-06, 1.0010666268858632e-06, 1.00002021554334e-06, 0.012343682138210178, 8.899894100052065e-05, 0.025252218055778517, 1.0013626720725051e-06, 2.51084494483449e-05, 2.4957397961362305e-05, 2.4984902241676234e-05, 2.501734955889347e-05, 2.4823554388759142e-05, 2.4761980260407116e-05, 2.490159344467141e-05, 2.5109524165799076e-05], "label_smoothing": [0.39877570611700003, 0.10759333944953048, 0.4703163740734572, 0.12496903777230733, 0.02837257905704138, 0.03766697477043168, 0.010042765273889032, 0.31318317613360674, 0.37578428299754013, 0.37527849134500146, 0.3755696689703009, 0.37574743305520825, 0.2359773823075812, 0.3753172434411174, 0.19995838032693938, 0.19990214073257703, 0.20031702303806187, 0.42081286852874084, 0.2649342977038224, 0.3807136445452142, 0.2009469311809794, 0.37100705786326915, 0.37186285196748853, 0.37170150857931694, 0.3732336035444957, 0.3718440302452794, 0.37194289824577903, 0.37291498746586205, 0.37058660221342027], "num_workers": [8, 8, 8, 8, 8, 8, 8, 8, 8, 8, 8, 8, 8, 8, 8, 8, 8, 8, 8, 8, 8, 8, 8, 8, 8, 8, 8, 8, 8], "lr_tta": [true, true, true, true, true, true, true, true, true, true, true, true, true, true, true, true, true, true, true, true, true, true, true, true, true, true, true, true, true], "time": [1896.5135011672974, 5082.081568956375, 3193.137593269348, 5259.4656574726105, 585.1230208873749, 3993.7618861198425, 4501.338585853577, 4646.175463914871, 4152.78261590004, 4125.2449650764465, 4170.132535934448, 4160.282222986221, 2734.877102613449, 4145.000284671783, 5639.987194776535, 5648.498460054398, 5633.487518787384, 3063.7395691871643, 1988.2583141326904, 3179.8381950855255, 5638.670980453491, 2206.8994841575623, 2237.4030799865723, 2253.9635899066925, 2236.8120727539062, 2259.3183948993683, 2252.551396369934, 2259.490886449814, 2219.54355096817], "test_accu": [0.7207643985748291, 0.5773637890815735, 0.6251217126846313, 0.6616549491882324, 0.01152404397726059, 0.7204391360282898, 0.6148043274879456, 0.7487924098968506, 0.7236788272857666, 0.7203075289726257, 0.7218629717826843, 0.7274003028869629, 0.03058744966983795, 0.7250678539276123, 0.728905975818634, 0.7255732417106628, 0.7303123474121094, 0.039098870009183884, 0.7202567458152771, 0.09509649127721786, 0.728709876537323, 0.7113792300224304, 0.7062837481498718, 0.7074306607246399, 0.7083604335784912, 0.7063842415809631, 0.7063185572624207, 0.7072370052337646, 0.7027708888053894]}