{"lr": [0.00524299074464003, 0.0001237333515630137, 0.2534617473836034, 0.00038283154137906634, 6.900486905499001, 0.09226686576244224, 0.02065255429009178, 0.00020639420909340295, 0.000798211030067269, 0.0007891858005339331, 0.0007693620520231736, 0.0007721474888436464, 0.0007974515873097554, 0.0007734931659808535, 0.0008233905473480773, 0.0007565745946234546, 0.016854610054233037, 0.0010785643640338458, 0.0011000119358676498, 0.0010599530330336364, 0.0010638277472720691, 0.000736321951843001, 0.000742600452596729, 3.30656212790137], "epochs": [197, 225, 297, 154, 193, 113, 68, 266, 89, 89, 90, 90, 89, 89, 89, 90, 125, 71, 71, 71, 71, 115, 115, 126], "lr_peak_epoch": [27, 155, 106, 2, 50, 110, 16, 107, 74, 79, 25, 83, 59, 16, 19, 5, 36, 36, 19, 50, 59, 75, 79, 91], "batch_size": [4196, 4196, 4196, 4196, 4196, 4196, 4196, 4196, 4196, 4196, 4196, 4196, 4196, 4196, 4196, 4196, 4196, 4196, 4196, 4196, 4196, 4196, 4196, 4196], "momentum": [0.7418398885204976, 0.4061750366338358, 0.7621124798658131, 0.1263008231306938, 0.9678116410494361, 0.13365614031182815, 0.3339932573352341, 0.42238567598722687, 0.5821182732730246, 0.5823186344125125, 0.5850948849437935, 0.5857606943347292, 0.5816070422149553, 0.584570835792128, 0.5774700943526699, 0.5878422949117669, 0.7277728063213095, 0.40501350295731803, 0.40593793781117343, 0.40545164480725476, 0.404750451786792, 0.5362953982050528, 0.5322888520546349, 0.5323514308218449], "weight_decay": [7.038918103349482e-06, 2.960258540740182e-06, 0.021787969927021734, 0.0005589748279123008, 9.704273436582573e-06, 4.218871943282062e-05, 3.3211869879088165e-05, 1.8614440879538282e-06, 2.9099661745696733e-06, 2.969539781935395e-06, 2.963598819233674e-06, 2.920112284108126e-06, 2.9008555920226335e-06, 3.0153544607473566e-06, 2.842140038781328e-06, 2.9451171380664625e-06, 0.0009773898376115998, 2.849020494856646e-06, 2.842140038781328e-06, 2.857632871282692e-06, 2.8320511226947736e-06, 1.0747446173885863e-06, 1.0954073072741042e-06, 1.283687425547748e-06], "label_smoothing": [0.024762761076511375, 0.049369838727889526, 0.20744159725305183, 0.20312198570118967, 0.21530668286910581, 0.44117761436223535, 0.3571232125445765, 0.12210668247302431, 0.00018522382595579436, 0.00016365661727330236, 8.420558276595177e-05, 8.471594022902663e-05, 0.0003362656217938823, 0.00016133982194663004, 0.0002896623023805775, 1.0632145774895142e-05, 0.32594065126356736, 0.029596507545474503, 0.029964461368258217, 0.029767839704007475, 0.029539656893323656, 0.008247275105984922, 0.00856851746628788, 0.0013835741033194626], "num_workers": [8, 8, 8, 8, 8, 8, 8, 8, 8, 8, 8, 8, 8, 8, 8, 8, 8, 8, 8, 8, 8, 8, 8, 8], "lr_tta": [true, true, true, true, true, true, true, true, true, true, true, true, true, true, true, true, true, true, true, true, true, true, true, true], "time": [4145.446343660355, 4700.605169773102, 5957.130121469498, 3224.70179271698, 3922.6539816856384, 2350.961655139923, 1424.997710943222, 5571.968515634537, 1874.6206469535828, 1885.1611003875732, 1905.5553486347198, 1900.9367861747742, 1882.6053869724274, 1882.3691902160645, 1885.2022912502289, 1902.4127433300018, 2599.7110137939453, 1508.3689303398132, 1505.3605229854584, 1505.5045177936554, 1499.0333001613617, 2423.4319088459015, 2412.6712543964386, 2563.512821674347], "test_accu": [0.7339107394218445, 0.6083198189735413, 0.03574121743440628, 0.6748087406158447, 0.019479384645819664, 0.7189410328865051, 0.5434793829917908, 0.6288691163063049, 0.693120002746582, 0.689008891582489, 0.6796955466270447, 0.684325635433197, 0.6963672637939453, 0.6825008392333984, 0.6902315020561218, 0.6917112469673157, 0.6948540806770325, 0.6922659277915955, 0.6946740746498108, 0.6889567375183105, 0.6886253356933594, 0.6737473607063293, 0.6758587956428528, 0.02083600126206875]}