{"lr": [0.5643648874630657, 4.591418825114079, 0.0007608667155541901, 0.06754332321226542, 0.05745839208661188, 3.598547694186288, 7.504648040234387, 0.062410055191208715, 0.03654708938675204, 0.03638465282959559, 0.002569692044232908, 0.03660216942688948, 0.03646281038354533, 0.03635511070472565, 0.036337527563887306, 0.03628924034917397, 0.03319128141978115, 0.03309052720727309, 0.032948995499410334, 0.0327409712510823, 0.0323962712142744, 0.06759396378249322, 0.05018750494499191, 0.0030523699037510723, 0.014862843138416727, 0.014762318182151103, 0.01474732573120555, 0.014761783829562473, 0.014780891339033481, 0.014740234519953961, 0.01472427630077567, 0.014648463701292913], "epochs": [170, 265, 45, 146, 81, 80, 70, 125, 79, 79, 172, 79, 78, 79, 79, 79, 78, 78, 79, 78, 78, 123, 125, 172, 147, 147, 147, 147, 147, 147, 147, 147], "lr_peak_epoch": [151, 102, 6, 27, 66, 70, 30, 55, 22, 18, 61, 33, 35, 30, 8, 43, 37, 30, 74, 15, 69, 42, 15, 25, 4, 144, 100, 96, 112, 73, 123, 139], "batch_size": [4196, 4196, 4196, 4196, 4196, 4196, 4196, 4196, 4196, 4196, 4196, 4196, 4196, 4196, 4196, 4196, 4196, 4196, 4196, 4196, 4196, 4196, 4196, 4196, 4196, 4196, 4196, 4196, 4196, 4196, 4196, 4196], "momentum": [0.08759783410509892, 0.38688559807394063, 0.9920601082069036, 0.4789359419710364, 0.21886301823334986, 0.42466839323654204, 0.49722618752247205, 0.7945481256670793, 0.542859479389757, 0.5421717340590783, 0.28919032468200667, 0.5417839420771193, 0.5438145552959438, 0.5421461907936828, 0.5418122284298065, 0.5427631140180353, 0.5386992648597896, 0.5387184688674692, 0.5381962641818426, 0.5389128959259322, 0.537992956182448, 0.7896527662893471, 0.7935744457584543, 0.2775847513392095, 0.9999477958185368, 0.9995840844329058, 0.9996107707730388, 0.9995845169862035, 0.9998601150691127, 0.9996431999671098, 0.9999549038173864, 0.9992898465447966], "weight_decay": [1.4287988025690841e-05, 0.0007133160927453116, 3.784302072343457e-05, 0.0066610344897157165, 0.00046301845539657455, 2.521255681621941e-06, 9.341171144600564e-06, 2.0789470116421195e-05, 5.1780859915532304e-05, 5.176217113148369e-05, 0.00033553440149263007, 5.200846108018362e-05, 5.2091620389281126e-05, 5.205772046058938e-05, 5.200243331717311e-05, 5.238990983995819e-05, 5.0527587773543235e-05, 5.082238727887413e-05, 5.028520695699752e-05, 5.010527302298807e-05, 4.966560925534694e-05, 2.0789470116421195e-05, 2.186281621284024e-05, 0.00033553440149263007, 7.398126031782262e-06, 7.316648499944097e-06, 7.2770788680235155e-06, 7.379463241327457e-06, 7.319144195804664e-06, 7.188823204884375e-06, 7.299843683279116e-06, 7.304050157104782e-06], "label_smoothing": [0.12750439126392438, 0.2959033196401585, 0.31143892452445343, 0.2568931688616789, 0.14843383827799422, 0.07682169345076678, 0.39223726873738846, 0.41730000178956744, 0.29141749137018746, 0.2913726287262434, 0.061093346531732484, 0.29128375389778105, 0.2917728816768322, 0.29120964648335257, 0.29149159641884803, 0.2916542917461854, 0.2907296602116815, 0.29067985000604357, 0.2906449846610895, 0.29088606345398543, 0.29011887242053286, 0.41730000178956744, 0.4171314920276645, 0.061093346531732484, 0.49998071792737947, 0.4999118367191809, 0.4998640932957908, 0.49983808752356684, 0.4996396795850872, 0.49978715280124675, 0.4995527832686384, 0.49978254841859354], "num_workers": [8, 8, 8, 8, 8, 8, 8, 8, 8, 8, 8, 8, 8, 8, 8, 8, 8, 8, 8, 8, 8, 8, 8, 8, 8, 8, 8, 8, 8, 8, 8, 8], "lr_tta": [true, true, true, true, true, true, true, true, true, true, true, true, true, true, true, true, true, true, true, true, true, true, true, true, true, true, true, true, true, true, true, true], "time": [3647.773777484894, 5677.566803216934, 984.4870936870575, 3139.043928861618, 1744.262135028839, 1713.3809101581573, 1502.580926656723, 2700.3589096069336, 1713.2845554351807, 1710.6948132514954, 3746.5062630176544, 1706.5268008708954, 1690.2382290363312, 1714.1808698177338, 1711.216899394989, 1706.4148256778717, 1694.8295505046844, 1688.6705837249756, 1715.5642786026, 1695.8641865253448, 1686.4670615196228, 2662.338700056076, 2704.789311647415, 3738.1120648384094, 3186.8869030475616, 3192.57776594162, 3195.520842552185, 3204.4555468559265, 3207.5278267860413, 3196.923493862152, 3202.318906068802, 3201.7395136356354], "test_accu": [0.03172451630234718, 0.18178214132785797, 0.68208247423172, 0.3167310059070587, 0.6790017485618591, 0.01411080826073885, 0.013616775162518024, 0.7307677865028381, 0.6799611449241638, 0.7196969389915466, 0.719997227191925, 0.7150160670280457, 0.6672406792640686, 0.7233511805534363, 0.666890561580658, 0.5469338893890381, 0.6893054842948914, 0.7034375071525574, 0.7144190669059753, 0.6500787734985352, 0.7130126357078552, 0.7273890376091003, 0.7299983501434326, 0.7295029163360596, 0.6609362959861755, 0.681130588054657, 0.6788193583488464, 0.666144609451294, 0.7304637432098389, 0.69915372133255, 0.6661483645439148, 0.7244821190834045]}