{"lr": [0.0001938919087520702, 0.006707302364492827, 0.0004296970807909796, 6.604870704318356, 0.28822377770375224, 2.7580582684644432, 0.0010635334772250455, 0.010199749393799595, 0.0012997757668729692, 0.0012982474863590522, 0.001300239159506528, 0.001295669105362075, 0.001297650730337785, 0.0013014506801114383, 0.001305076912361585, 0.001302662273128721, 0.00044707630915298666, 0.0005430748093221291, 0.00011868610735636976, 0.003484981020252021, 0.02828192385763205, 0.0029772525845112776, 0.0038948539662985483, 0.005884878386976169, 0.28951776626610815, 0.0013086644999496715, 0.0012939238501500259, 0.001303925674983919, 0.0013007383591307565, 0.0012996764389376126, 0.0013136719656125235, 0.0013037371919057646], "epochs": [142, 263, 64, 152, 236, 175, 202, 193, 240, 240, 240, 240, 240, 240, 240, 240, 188, 103, 238, 114, 196, 181, 294, 237, 45, 64, 63, 63, 63, 63, 64, 64], "lr_peak_epoch": [18, 246, 10, 2, 11, 55, 115, 2, 168, 37, 193, 139, 156, 69, 33, 223, 62, 33, 36, 11, 94, 64, 87, 101, 33, 62, 49, 30, 33, 50, 16, 2], "batch_size": [4196, 4196, 4196, 4196, 4196, 4196, 4196, 4196, 4196, 4196, 4196, 4196, 4196, 4196, 4196, 4196, 4196, 4196, 4196, 4196, 4196, 4196, 4196, 4196, 4196, 4196, 4196, 4196, 4196, 4196, 4196, 4196], "momentum": [0.5467400710960082, 0.35637931139693635, 0.13264566647651743, 0.6269278377457869, 0.05740965222387373, 0.4797079628425128, 0.7958261073051953, 0.07822480690889311, 0.5074928474628877, 0.5068491536449049, 0.5068503388773615, 0.5079389344195024, 0.5064378024754685, 0.5073166383575547, 0.5071006150134801, 0.5065599963834673, 0.818316831307236, 0.9619222289392758, 0.5690555704379731, 0.34824990696249253, 0.3970415343663397, 0.42009253597829943, 0.38284858078002226, 0.37291616952680523, 0.5864981271532664, 0.9997826747220812, 0.9993083724072535, 0.9999709186351136, 0.9993988541596088, 0.9994935231650006, 0.999463539801802, 0.9998820351442002], "weight_decay": [3.646896992670413e-05, 1.197163233963198e-05, 0.0007697632204971072, 4.6118465946165255e-06, 0.006667150567785016, 0.07497704334934664, 0.004154478146788435, 0.023088395242288035, 2.159147905458371e-05, 2.1526834825684578e-05, 2.1602433295461655e-05, 2.1547987617392204e-05, 2.15893760408733e-05, 2.1914792351333936e-05, 2.1611023548301716e-05, 2.1437782242120425e-05, 0.006118392348575926, 0.0014853717704371187, 4.588269077565115e-05, 1.384437003490023e-06, 0.004390792773792278, 4.386979099185289e-06, 0.00020104215531544566, 2.8525826674222293e-05, 8.885669972192759e-06, 0.09977895269415653, 0.0999844014949616, 0.09912552011896046, 0.09937483899875695, 0.099954911240295, 0.09973728045464204, 0.09974780309195648], "label_smoothing": [0.4618773384716846, 0.17378231088445578, 0.34903858739640714, 0.16422897379874118, 0.15705738084241772, 0.1595102936500009, 0.31475924700208524, 0.12405186676960017, 0.20254107750729103, 0.20245791419477144, 0.20256067934840785, 0.20218924794239534, 0.20279652313703084, 0.20181001467828244, 0.2029481769226082, 0.20174517370457098, 0.3527890300571438, 0.09323254083425031, 0.4058814925279489, 0.49623123494651034, 0.2700083706496998, 0.10428427272935915, 0.053950169558092724, 0.16876505501712988, 0.07419463118265607, 0.4999118966336002, 0.499903588831395, 0.4999527171674318, 0.4999625052136601, 0.4998268648414493, 0.49982597047284943, 0.49972392885381356], "num_workers": [8, 8, 8, 8, 8, 8, 8, 8, 8, 8, 8, 8, 8, 8, 8, 8, 8, 8, 8, 8, 8, 8, 8, 8, 8, 8, 8, 8, 8, 8, 8, 8], "lr_tta": [true, true, true, true, true, true, true, true, true, true, true, true, true, true, true, true, true, true, true, true, true, true, true, true, true, true, true, true, true, true, true, true], "time": [2649.174679994583, 4902.686186075211, 1199.6590547561646, 2794.5696551799774, 4359.6164836883545, 3253.891494035721, 3766.730982542038, 3573.8312306404114, 4482.080500602722, 4505.556946516037, 4488.186490535736, 4481.004591703415, 4486.240295171738, 4488.1073782444, 4493.422464132309, 4492.917150974274, 3514.8434765338898, 1961.6023490428925, 4533.312576293945, 2177.750501871109, 3706.0736553668976, 3447.9598689079285, 5597.368049383163, 4465.339880466461, 850.9560217857361, 1212.1024231910706, 1185.7952864170074, 1182.1924653053284, 1190.9404363632202, 1193.0100724697113, 1210.759513616562, 1209.5809845924377], "test_accu": [0.6228339672088623, 0.7208151817321777, 0.6746075749397278, 0.01425605546683073, 0.0991554781794548, 0.01152404397726059, 0.7484374642372131, 0.47193726897239685, 0.6987504959106445, 0.6988820433616638, 0.6943525671958923, 0.7058629393577576, 0.7047569155693054, 0.7062503695487976, 0.7039723992347717, 0.7050201296806335, 0.7393836379051208, 0.7025213241577148, 0.6044582724571228, 0.7382118105888367, 0.5515452027320862, 0.7286055088043213, 0.7291268706321716, 0.7246806025505066, 0.4260139763355255, 0.7042281031608582, 0.704902172088623, 0.7090716361999512, 0.7058591842651367, 0.7044429183006287, 0.7032127380371094, 0.7037861943244934]}