{"lr": [0.7713045737115942, 0.0018619467359340255, 0.20078077420011062, 0.10441888300067588, 0.0031172375975209864, 5.085760914437687, 0.0009875329151778662, 0.00013159950768760922, 0.006341882432822117, 0.006317847696834755, 0.006402112838715637, 0.006335014031280319, 0.006355944668431315, 0.0063861922156529805, 0.0063532781555788835, 0.006342728622645283, 0.006434494345875217, 0.006421642259403107, 0.006397244967934163, 0.0063861922156529805, 0.006335014031280319, 0.6342769629062295, 0.0031434870408047163, 0.003155128091711101, 0.0007906195507396788, 0.0007888742411639182, 0.0007923680388087335, 0.0007985142665554643, 0.0007956996812442541, 0.0007834318349344429, 0.0007901721631584559, 0.0014535473288293686], "epochs": [110, 155, 294, 85, 105, 58, 54, 70, 86, 86, 86, 86, 87, 86, 86, 86, 84, 83, 82, 81, 81, 54, 102, 109, 147, 147, 147, 147, 147, 147, 147, 118], "lr_peak_epoch": [19, 128, 263, 19, 13, 3, 24, 37, 60, 31, 42, 57, 27, 79, 32, 13, 48, 15, 46, 36, 49, 43, 62, 59, 0, 4, 110, 52, 55, 81, 118, 6], "batch_size": [4196, 4196, 4196, 4196, 4196, 4196, 4196, 4196, 4196, 4196, 4196, 4196, 4196, 4196, 4196, 4196, 4196, 4196, 4196, 4196, 4196, 4196, 4196, 4196, 4196, 4196, 4196, 4196, 4196, 4196, 4196, 4196], "momentum": [0.4331905834957315, 0.8349762818961509, 0.532524753904269, 0.9835453863044916, 0.2502637283677409, 0.6255188129877784, 0.2528444705940124, 0.1582448330814289, 0.9999077819171696, 0.9998247901830232, 0.999838346213017, 0.9997027031493039, 0.999602556417904, 0.9993733616407641, 0.9993110274113207, 0.9985394735434245, 0.9995053007491705, 0.9997280474134386, 0.9998247901830232, 0.9988565813795022, 0.9997027031493039, 0.3124948297796334, 0.352937577409978, 0.014437333195152491, 0.4700234900130153, 0.4703208849490869, 0.46985808734224005, 0.46995780963994416, 0.47196270910306026, 0.4714641310867277, 0.4698359525394431, 0.46069182154756105], "weight_decay": [0.09819521168799934, 6.305136261076199e-05, 0.008069008424934753, 6.5775377485968265e-06, 0.00035039749562003293, 2.1793555010580046e-05, 3.530586622845995e-05, 0.0012739817890476117, 2.717643489953013e-06, 2.7357448010425377e-06, 2.8956437072152676e-06, 2.7240070117491454e-06, 2.687823549658731e-06, 2.6813758406209686e-06, 2.717105440494285e-06, 2.677676051979976e-06, 3.3079529657753683e-06, 3.3079256776637668e-06, 3.2952768265766605e-06, 3.1912296312268897e-06, 2.5982352859966545e-06, 6.9071870681671406e-06, 0.00043428704976611023, 0.0003500856093941168, 1.6926432566455688e-06, 1.7035094608251955e-06, 1.7009282834113064e-06, 1.7139418301450878e-06, 1.6485041505112293e-06, 1.7083887403913238e-06, 1.6993809145286657e-06, 0.00038185585363138363], "label_smoothing": [0.16807867906180218, 0.42988325688536266, 0.1137971763781902, 0.2529020769365657, 0.24176570993095692, 0.01870705019271557, 0.3502686030526787, 0.44804127433095264, 0.3834234266695463, 0.383465339326509, 0.3857507119026482, 0.3843882891760437, 0.38484512308380503, 0.38529882423050055, 0.38442313539077716, 0.38502224308500327, 0.37240213366710156, 0.3701329191768773, 0.3603969387035551, 0.3509465162016499, 0.3060370092695518, 0.46781915726365236, 0.24989259335645636, 0.11470633426090773, 1.7352728077586386e-05, 0.00013026604708737174, 0.00013280402609390447, 1.7190470574837333e-05, 0.0001988398082781444, 9.879506243103283e-05, 0.00029833732536131463, 0.16664076396394567], "num_workers": [8, 8, 8, 8, 8, 8, 8, 8, 8, 8, 8, 8, 8, 8, 8, 8, 8, 8, 8, 8, 8, 8, 8, 8, 8, 8, 8, 8, 8, 8, 8, 8], "lr_tta": [true, true, true, true, true, true, true, true, true, true, true, true, true, true, true, true, true, true, true, true, true, true, true, true, true, true, true, true, true, true, true, true], "time": [2364.7239921092987, 3370.1826527118683, 6331.173869609833, 1852.2241139411926, 2305.093461036682, 1250.4895207881927, 1189.4378583431244, 1539.7000901699066, 1887.0274169445038, 1889.9776828289032, 1887.6110486984253, 1889.5922305583954, 1908.8226947784424, 1885.7515096664429, 1891.775220632553, 1887.4481675624847, 1849.626554965973, 1820.5765433311462, 1801.3934030532837, 1776.2745628356934, 1785.3252973556519, 1171.2532658576965, 2240.456465244293, 2395.95769739151, 3231.5859394073486, 3232.8537487983704, 3231.349864244461, 3233.088812351227, 3237.4211127758026, 3229.8040177822113, 3231.4280211925507, 2597.2100965976715], "test_accu": [0.013289131224155426, 0.7255036234855652, 0.13268974423408508, 0.6790191531181335, 0.7330443263053894, 0.012549265287816525, 0.7008196711540222, 0.610582709312439, 0.7419021725654602, 0.7192861437797546, 0.7466686367988586, 0.7458915710449219, 0.6530119776725769, 0.6327493786811829, 0.7117317318916321, 0.7440085411071777, 0.7396318316459656, 0.5937671661376953, 0.6977995038032532, 0.656144917011261, 0.7465370297431946, 0.01784827746450901, 0.7358571887016296, 0.7340112328529358, 0.6868118643760681, 0.6801425814628601, 0.6873368620872498, 0.6869707107543945, 0.6796236038208008, 0.6752529740333557, 0.6824561953544617, 0.7308200001716614]}