{"lr": [0.002402168138422582, 0.004135943572129628, 1.317654658650963, 0.01489569075684542, 6.613580002474554, 0.0009272921052922762, 0.0031585260223668506, 0.5810625766320447, 0.003157646194473048, 0.0031497331898807336, 0.0031612464013580327, 0.0031637496406342804, 0.0031498867640499723, 0.0031457046248733853, 0.0031661479529170064, 0.00314835861217113, 0.005000509026954555, 0.005091349175321374, 0.004959318175810322, 0.002049380455845899, 0.005167687883225045, 0.004942165389802414, 0.005296792701113371, 0.005302462164468661, 0.0035266105942616762, 0.0035307516866094203, 0.003071184057719221, 0.003053352346117408, 0.0030632020168481207, 0.0033296322329182866, 0.0032934524498473465, 0.0030645119600211336], "epochs": [81, 106, 287, 274, 204, 226, 240, 263, 211, 211, 211, 211, 211, 211, 211, 211, 163, 165, 164, 239, 165, 164, 165, 165, 136, 139, 211, 211, 211, 211, 211, 211], "lr_peak_epoch": [32, 62, 10, 113, 199, 112, 90, 216, 68, 107, 87, 56, 141, 116, 93, 142, 76, 9, 98, 46, 64, 132, 105, 133, 9, 60, 62, 129, 119, 140, 119, 104], "batch_size": [4196, 4196, 4196, 4196, 4196, 4196, 4196, 4196, 4196, 4196, 4196, 4196, 4196, 4196, 4196, 4196, 4196, 4196, 4196, 4196, 4196, 4196, 4196, 4196, 4196, 4196, 4196, 4196, 4196, 4196, 4196, 4196], "momentum": [0.2710160764188827, 0.2288939621650845, 0.06068893430543498, 0.5422552801353884, 0.052783553503008895, 0.00831908328545461, 0.7636731543187788, 0.22698049086369376, 0.6639564000009034, 0.6641110588576375, 0.6638894450184643, 0.6639512769598046, 0.6638742802292511, 0.6644081859043937, 0.6638550544833391, 0.6638195592679202, 0.861331671285761, 0.8612170508092591, 0.8622043779704159, 0.29789676308672897, 0.8597326939898128, 0.8639496628936874, 0.8605164109899383, 0.8591495553140451, 0.8438783624865706, 0.8446936089307959, 0.6622194782576463, 0.6609343518605116, 0.6614859214802902, 0.6582145080060888, 0.6591975067486693, 0.6617478381841803], "weight_decay": [4.092127929482333e-05, 0.010941251524668199, 0.0026826097654769196, 0.00029294078139777683, 1.128883733627378e-06, 6.743880007183281e-06, 0.0005397145355779714, 0.00547911460100841, 0.0004585176598379856, 0.00046079247693963434, 0.0004609425517427955, 0.0004583733791549432, 0.0004515516055579298, 0.0004558061685528457, 0.0004537933438290588, 0.00045910421462528033, 0.03541563929164925, 0.03722030209542624, 0.03697750422210351, 0.00010599035305401915, 0.038468028570713686, 0.035874400048773604, 0.038391767125033616, 0.03866328290606935, 0.03442896758383791, 0.03422151740341879, 0.0004168175934158246, 0.0004179885773249525, 0.00042236249449050786, 0.0005160193626214722, 0.0005135692060413928, 0.0004164533005334205], "label_smoothing": [0.13365211928161586, 0.09576663739177682, 0.3936064937146021, 0.03966902438072878, 0.40650376844473907, 0.2002415620158181, 0.20860939695433134, 0.40419801987734977, 0.06371547642958282, 0.0640590943956715, 0.06421962151999124, 0.06347581276925103, 0.06368577911666008, 0.06344107172941067, 0.0641616142984334, 0.06413102044191302, 0.04958862608546768, 0.049666345204813174, 0.04955522851595354, 0.4491861940599771, 0.04968734923777169, 0.04952696574196102, 0.04973898853068263, 0.04976654300181306, 0.048343468018130255, 0.0474663371452423, 0.06015946540128867, 0.06002333862999406, 0.06008278733433082, 0.06747478735139081, 0.06739869491575262, 0.059503795134208164], "num_workers": [8, 8, 8, 8, 8, 8, 8, 8, 8, 8, 8, 8, 8, 8, 8, 8, 8, 8, 8, 8, 8, 8, 8, 8, 8, 8, 8, 8, 8, 8, 8, 8], "lr_tta": [true, true, true, true, true, true, true, true, true, true, true, true, true, true, true, true, true, true, true, true, true, true, true, true, true, true, true, true, true, true, true, true], "time": [1544.634887456894, 2016.7963993549347, 5408.684043884277, 5172.127282142639, 3818.943943977356, 4309.121107578278, 4526.488289356232, 4940.144120454788, 3987.390050172806, 3969.047870874405, 4000.950086593628, 3980.2208008766174, 4008.788416624069, 4005.9591488838196, 4012.034384727478, 4014.879788160324, 3103.1664695739746, 3126.3397932052612, 3106.303094625473, 4538.660846710205, 3149.94002866745, 3144.708427667618, 3148.4401998519897, 3154.300094604492, 2608.242760658264, 2664.9224677085876, 4033.98592209816, 4051.5247135162354, 4048.2613139152527, 4034.940358877182, 4026.094715833664, 4043.1897192001343], "test_accu": [0.7260770797729492, 0.7338674068450928, 0.3504824638366699, 0.756997287273407, 0.019617119804024696, 0.687734067440033, 0.7362393736839294, 0.09439891576766968, 0.7309713363647461, 0.729651927947998, 0.7331449389457703, 0.7364913821220398, 0.7321009039878845, 0.7386784553527832, 0.7294929623603821, 0.7278186678886414, 0.5683062076568604, 0.532115638256073, 0.548150360584259, 0.7209914326667786, 0.5149710178375244, 0.5638908743858337, 0.4926740825176239, 0.5278356671333313, 0.6844882965087891, 0.6720306873321533, 0.7313685417175293, 0.7291305661201477, 0.7313103079795837, 0.7391650080680847, 0.7326979637145996, 0.7345512509346008]}