{"lr": [0.00012539573491196049, 0.015110603225037161, 0.0017570387234253446, 0.0011741051499310684, 0.001580598117907542, 0.02279304470677737, 0.015510129287713352, 0.804235908636474, 0.004622229242436532, 0.004583144038921645, 0.004603465862468452, 0.004599036078289201, 0.004573837922028583, 0.0045814535666529885, 0.004661881987156133, 0.004599511758751681, 0.0025766581433302686, 0.0025538013909856693, 0.002572651028525499, 0.002572442323073411, 0.0025586854011396903, 0.0025602019308478244, 0.002552453705070279, 0.0025743731674339448, 0.009449377820086102, 0.023923238890429965, 0.027056333256310388, 0.02435617190020584, 0.02569408085323259, 0.021212918580901397, 0.027411629298936348, 0.00010000806831224414, 0.00012539573491196049, 0.015110603225037161, 0.0017570387234253446, 0.0011741051499310684, 0.001580598117907542, 0.02279304470677737, 0.015510129287713352, 0.804235908636474, 0.00371582950733846, 0.0037383974121283467, 0.003764307655012194, 0.0037102725526993756, 0.003754870101898312, 0.004034264732646857, 0.004018412304295988, 0.004001789746202121, 0.0040217647143625445, 0.0040399488866919445, 0.003933558607734349, 0.01712300818538498, 0.009449377820086102, 0.0044839162601314235, 0.004532344834503668, 0.004377365941988862, 0.00445089973677971, 0.0043991370001810965, 0.004506653452362959, 0.004384459451534722], "epochs": [184, 270, 95, 270, 160, 165, 238, 110, 197, 197, 197, 196, 196, 197, 196, 197, 163, 163, 163, 163, 163, 163, 163, 163, 147, 150, 151, 150, 149, 149, 149, 214, 184, 270, 95, 270, 160, 165, 238, 110, 234, 234, 233, 234, 233, 229, 229, 229, 229, 229, 230, 292, 147, 30, 30, 30, 30, 30, 30, 30], "lr_peak_epoch": [40, 262, 32, 179, 87, 124, 121, 66, 142, 84, 183, 147, 18, 196, 82, 106, 74, 67, 12, 6, 127, 37, 141, 152, 26, 37, 49, 80, 117, 114, 144, 62, 40, 262, 32, 179, 87, 124, 121, 66, 169, 100, 217, 175, 22, 95, 18, 9, 179, 52, 199, 272, 26, 7, 9, 16, 23, 23, 29, 8], "batch_size": [4196, 4196, 4196, 4196, 4196, 4196, 4196, 4196, 4196, 4196, 4196, 4196, 4196, 4196, 4196, 4196, 4196, 4196, 4196, 4196, 4196, 4196, 4196, 4196, 4196, 4196, 4196, 4196, 4196, 4196, 4196, 4196, 4196, 4196, 4196, 4196, 4196, 4196, 4196, 4196, 4196, 4196, 4196, 4196, 4196, 4196, 4196, 4196, 4196, 4196, 4196, 4196, 4196, 4196, 4196, 4196, 4196, 4196, 4196, 4196], "momentum": [0.8419512260235279, 0.1633454436864703, 0.12765760787092173, 0.9628499545002406, 0.6054106511908263, 0.8934076196532666, 0.2652916093018114, 0.8262675305531888, 0.23928968792927063, 0.23567701062768837, 0.23666523746246704, 0.24029321280398291, 0.23386294663969373, 0.23668747985696556, 0.24053720633777462, 0.2371103600745798, 4.110587158776078e-05, 8.918450688531233e-05, 0.0002043816375876333, 0.00014592413826739262, 0.0002199042146297934, 0.00034406720796680663, 0.00038492227765322387, 0.0003244618277378011, 0.3968301586468006, 0.1892210507160898, 0.18330310798078947, 0.18915607688918618, 0.18988916308603412, 0.19529179638894792, 0.18988303513163754, 0.00021202995215102792, 0.8419512260235279, 0.1633454436864703, 0.12765760787092173, 0.9628499545002406, 0.6054106511908263, 0.8934076196532666, 0.2652916093018114, 0.8262675305531888, 0.077314393593652, 0.07808105997884603, 0.07932712873201417, 0.07688096122583297, 0.07940461932114382, 0.07315483343143742, 0.07096961605417051, 0.07276471372363472, 0.07286813971823461, 0.07259264910010003, 0.06807662730372376, 0.17481424020734504, 0.3968301586468006, 0.5154418729170366, 0.5081980689341841, 0.5263237206635316, 0.5177650362476007, 0.5198595728500653, 0.5038175281312108, 0.5232906221583492], "weight_decay": [1.8080334372370202e-05, 2.3653542165491283e-05, 3.9156474095195376e-05, 8.388452897585867e-06, 0.0006748294857465106, 2.2568917472264396e-06, 0.004324459581790344, 6.834004958354072e-05, 1.0001368873838457e-06, 1.0017113474553897e-06, 1.0017933588644203e-06, 1.0013869238824143e-06, 1.0029571725381402e-06, 1.0046044309354438e-06, 1.0048251446824704e-06, 1.0055984133781265e-06, 1.0000853369878112e-06, 1.0021837678622302e-06, 1.0015530857210635e-06, 1.005021322897786e-06, 1.0025990861234688e-06, 1.0106782526768306e-06, 1.0055984133781265e-06, 1.0064540240666845e-06, 0.034622507440572145, 1.0000853369878112e-06, 1.0013869238824143e-06, 1.0015530857210635e-06, 1.0026439548316658e-06, 1.0025990861234688e-06, 1.0048251446824704e-06, 6.456782408611618e-05, 1.8080334372370202e-05, 2.3653542165491283e-05, 3.9156474095195376e-05, 8.388452897585867e-06, 0.0006748294857465106, 2.2568917472264396e-06, 0.004324459581790344, 6.834004958354072e-05, 1.0006000479100324e-06, 1.0008196534311866e-06, 1.0022435302127618e-06, 1.0015829278687552e-06, 1.0035444513712488e-06, 1.0275394604419914e-06, 1.0313707704727319e-06, 1.025730101379102e-06, 1.0369363007424923e-06, 1.035918164274011e-06, 1.029142145858757e-06, 2.339319506932004e-05, 0.034622507440572145, 1.0009641435172962e-06, 1.0036714948344458e-06, 1.0041877424582567e-06, 1.0065741119240245e-06, 1.00304926966683e-06, 1.000673613330952e-06, 1.0075363446639373e-06], "label_smoothing": [0.378220911276148, 0.1333376382182388, 0.4512665268493471, 0.43828250736272717, 0.17868161677003308, 0.29340236065813624, 0.18529102404893583, 0.3918763346796757, 0.22811373775540356, 0.22825118376620526, 0.22692338644952517, 0.22689516108150587, 0.22740987895085962, 0.22752239191647267, 0.22810048101444108, 0.2283035729946364, 0.2820549279958672, 0.2822496643077478, 0.28259544671813763, 0.28208453802472044, 0.281401497618206, 0.2824404561451042, 0.2820820973585491, 0.28211089576962245, 0.4303351858233091, 0.00012060000315960084, 4.7990719315331453e-05, 7.727982014461051e-05, 0.0011271993509385154, 0.00011578342385974369, 1.598201138471988e-05, 0.2238879430114856, 0.378220911276148, 0.1333376382182388, 0.4512665268493471, 0.43828250736272717, 0.17868161677003308, 0.29340236065813624, 0.18529102404893583, 0.3918763346796757, 0.20364032855983397, 0.2030836451760958, 0.20194518652497698, 0.20117421285013967, 0.2025895274669834, 0.263813947726617, 0.2626257030320381, 0.2669136265563447, 0.2621983649490664, 0.26317004220273776, 0.26256253306136484, 0.08229156088366299, 0.4303351858233091, 6.86761661112858e-05, 9.779936922301642e-05, 2.5847625640575857e-05, 0.00010249086354610755, 6.74916475560703e-05, 0.0003924294310177507, 0.00016130202325156896], "num_workers": [8, 8, 8, 8, 8, 8, 8, 8, 8, 8, 8, 8, 8, 8, 8, 8, 8, 8, 8, 8, 8, 8, 8, 8, 8, 8, 8, 8, 8, 8, 8, 8, 8, 8, 8, 8, 8, 8, 8, 8, 8, 8, 8, 8, 8, 8, 8, 8, 8, 8, 8, 8, 8, 8, 8, 8, 8, 8, 8, 8], "lr_tta": [true, true, true, true, true, true, true, true, true, true, true, true, true, true, true, true, true, true, true, true, true, true, true, true, true, true, true, true, true, true, true, true, true, true, true, true, true, true, true, true, true, true, true, true, true, true, true, true, true, true, true, true, true, true, true, true, true, true, true, true],