{"lr": [0.010673096713019935, 0.09195296347602969, 0.1269619752417707, 0.47078392159167287, 0.3672825719736971, 7.437242528736886, 0.0005097141381248402, 0.027786118785246304, 0.09115866428516074, 0.17586483838734923, 0.10753153586717033, 0.12214478130539098, 0.09324964574746916, 0.09191557886192442, 0.0008187451777646692, 0.0005097141381248402, 0.00010951611137952514, 0.09279190433880352, 0.09285580731003824, 0.09272907851210514, 0.0927609973184648, 0.09287860427129617, 0.09319827022641894, 0.09324870897978231, 0.09765281107570385, 0.09775629468122093, 0.0978646622977866, 0.09802672004169191, 0.09824471676789401, 0.0985756048462416, 0.0985178055077032, 0.09518614384639497], "epochs": [203, 127, 190, 92, 208, 245, 71, 140, 190, 190, 188, 129, 127, 131, 71, 75, 123, 79, 79, 79, 79, 79, 79, 79, 275, 275, 275, 275, 275, 275, 275, 276], "lr_peak_epoch": [17, 124, 45, 77, 142, 71, 28, 7, 186, 3, 24, 99, 113, 86, 37, 25, 73, 28, 56, 21, 17, 1, 6, 0, 18, 240, 109, 226, 84, 262, 262, 162], "batch_size": [4196, 4196, 4196, 4196, 4196, 4196, 4196, 4196, 4196, 4196, 4196, 4196, 4196, 4196, 4196, 4196, 4196, 4196, 4196, 4196, 4196, 4196, 4196, 4196, 4196, 4196, 4196, 4196, 4196, 4196, 4196, 4196], "momentum": [0.14459688212189103, 0.009863220790041427, 0.2872601016595224, 0.48362368301202185, 0.5495963048783828, 0.7960208863593908, 0.31737932636774546, 0.5914415710360071, 0.31017264574822234, 0.1958751016927486, 0.46313461588494137, 0.10871638464961625, 0.5671161305207819, 0.009679676911797315, 0.38608301550907415, 0.3416744730920922, 0.4924807157835318, 0.2749951089016262, 0.27448814404963634, 0.2753378882610023, 0.27567677185431605, 0.2749231787146612, 0.2746454262783237, 0.27526474449242955, 0.5716295775080179, 0.5698537463060662, 0.570117080877795, 0.5690196712713426, 0.5672633027145243, 0.5677564930234859, 0.5702156117059666, 0.5773648110805659], "weight_decay": [0.03798289033595878, 3.191159716237258e-06, 6.982081802669735e-06, 5.123681541827733e-06, 3.917696196179832e-05, 0.006508852534387791, 6.039735988660693e-05, 0.00682335092604426, 6.71886437413894e-06, 7.157424398906175e-06, 7.294718111704936e-06, 4.729784215057532e-06, 3.197071673422812e-06, 3.169777816892133e-06, 6.68768093932475e-05, 6.039735988660693e-05, 0.00019480377851286196, 3.4724436360637035e-06, 3.5290064486307546e-06, 3.471491150036977e-06, 3.570982225257708e-06, 3.5006301465264965e-06, 3.4923977406699256e-06, 3.5069298449334304e-06, 2.3377742278364824e-06, 2.386572464733335e-06, 2.3955649195573556e-06, 2.371599266628667e-06, 2.3663743074770684e-06, 2.40626527104967e-06, 2.3323807882898895e-06, 2.3541490400878636e-06], "label_smoothing": [0.005155295713513863, 0.4511248024011032, 0.06891285877043746, 0.15140445538460046, 0.4890906641854549, 0.05125395480991152, 0.16662556496493652, 0.21458784226365185, 0.059791756405357055, 0.04982876979312362, 0.08957938695732173, 0.4489259911048093, 0.47090912643596233, 0.45112002218248776, 0.17782683750373005, 0.21293977812203016, 0.06908431945573584, 0.3984712622283928, 0.398038407832264, 0.39721088734125765, 0.39770760699889174, 0.3976420500864737, 0.39725492804231766, 0.39713207547445, 0.49978772181678227, 0.4998197244473453, 0.4998868398230765, 0.4998810677502184, 0.49986954392933913, 0.4998807017607169, 0.4995258503916844, 0.49996376767709627], "num_workers": [8, 8, 8, 8, 8, 8, 8, 8, 8, 8, 8, 8, 8, 8, 8, 8, 8, 8, 8, 8, 8, 8, 8, 8, 8, 8, 8, 8, 8, 8, 8, 8], "lr_tta": [true, true, true, true, true, true, true, true, true, true, true, true, true, true, true, true, true, true, true, true, true, true, true, true, true, true, true, true, true, true, true, true], "time": [3838.0180563926697, 2417.5537674427032, 3605.937313079834, 1735.4818034172058, 3918.059067249298, 4664.218061685562, 1366.1142885684967, 2644.5362067222595, 3601.5539588928223, 3603.8794255256653, 3571.120399951935, 2450.9657368659973, 2427.5512068271637, 2495.894305706024, 1367.9967398643494, 1448.7423293590546, 2365.5028948783875, 1508.545487165451, 1509.639200925827, 1511.0833542346954, 1509.922702550888, 1510.8468251228333, 1510.6857328414917, 1512.0676984786987, 5227.771270990372, 5226.68337726593, 5218.777594566345, 5228.731774568558, 5250.839769124985, 5331.825804233551, 5227.937442302704, 5263.71170258522], "test_accu": [0.398825079202652, 0.6856338381767273, 0.7184507846832275, 0.09867507964372635, 0.17111217975616455, 0.25645583868026733, 0.6637303233146667, 0.4522693455219269, 0.6737214922904968, 0.41361987590789795, 0.701863706111908, 0.6609423756599426, 0.722628653049469, 0.6663965582847595, 0.6857790946960449, 0.6655649542808533, 0.5999536514282227, 0.6143140196800232, 0.6481685042381287, 0.5973358750343323, 0.648606538772583, 0.6351599097251892, 0.6583095788955688, 0.6108694076538086, 0.6574544906616211, 0.7015407681465149, 0.5963129997253418, 0.5526710152626038, 0.6958110928535461, 0.6485345959663391, 0.6250794529914856, 0.5853539109230042]}