{"lr": [0.00500115104744727, 0.15222446125355502, 0.7053751647686148, 0.15901581981976462, 0.0004424231002608149, 0.5549602769279477, 0.00013285770989615784, 0.628792534249765, 0.0026931465445336734, 0.0026572242729245546, 0.0026744223842921208, 0.0026495495925733734, 0.0026663048754535725, 0.002711452997431006, 0.04798255665072568, 0.04742483422844258, 0.046672627252858895, 0.04843582778097496, 0.04668359077210124, 0.04804580875590878, 0.046963390423487336, 0.05050393854894368, 0.05018651961706627, 0.05097972023430202, 0.0029455892335305055, 0.0029233854041982744, 0.0029311362126314897, 8.642995898684937, 0.0029602625534557803], "epochs": [192, 142, 164, 293, 258, 112, 44, 289, 231, 231, 231, 231, 231, 232, 300, 300, 300, 300, 300, 300, 300, 300, 300, 300, 233, 233, 233, 46, 233], "lr_peak_epoch": [127, 6, 142, 29, 50, 45, 4, 134, 187, 29, 222, 166, 37, 40, 265, 165, 227, 90, 158, 208, 250, 186, 120, 131, 68, 87, 40, 5, 56], "batch_size": [4196, 4196, 4196, 4196, 4196, 4196, 4196, 4196, 4196, 4196, 4196, 4196, 4196, 4196, 4196, 4196, 4196, 4196, 4196, 4196, 4196, 4196, 4196, 4196, 4196, 4196, 4196, 4196, 4196], "momentum": [0.9802334017581461, 0.7937327947358331, 0.7701341698390414, 0.1650807036389781, 0.8429944393672169, 0.5010289273400678, 0.6609478937616401, 0.38917956971521195, 0.8388293729181813, 0.8393892357504321, 0.839296883733669, 0.8390126862355534, 0.8408937531684507, 0.8386385779978139, 0.11268785626663841, 0.1114386287825934, 0.11490189717049802, 0.10831149664911414, 0.11442767782429884, 0.11156616125637023, 0.11297897869054323, 0.09793853418532142, 0.09672780645469453, 0.09791739173520693, 0.7832894743745537, 0.7847790014515817, 0.7845204608110901, 0.6936215256422238, 0.7862974298311077], "weight_decay": [0.000281593361629954, 0.004777193430860184, 0.001956816255595432, 5.4884050085232235e-06, 0.00019523892683201527, 0.00035613925374629616, 0.0006597079362083147, 0.0002666131253068873, 6.391022630717214e-05, 6.496827587907588e-05, 6.516652352967604e-05, 6.494224055069411e-05, 6.539075670760717e-05, 6.288133801809795e-05, 1.0015280457547907e-06, 1.002148392493975e-06, 1.0019558525688593e-06, 1.0035152461603993e-06, 1.0028814362479278e-06, 1.0063059610054252e-06, 1.0088955242647423e-06, 1.0798691659965663e-06, 1.0801234262127168e-06, 1.0746002791287135e-06, 6.747279811044707e-05, 6.773431078472533e-05, 6.760846126114796e-05, 4.662778119453818e-05, 6.746822718505384e-05], "label_smoothing": [0.25224007652265584, 0.20973630250203507, 0.4413065236941957, 0.07360516050826865, 0.22032005116534786, 0.3096066533993598, 0.43148615498869997, 0.0767430850686206, 0.2259768975688795, 0.22606191993192684, 0.22670217928061057, 0.2268622053332839, 0.22647702201070008, 0.22608583987476613, 0.009243760083866202, 0.010166669112126993, 0.011077596924695664, 0.008337360033416829, 0.011063746130360012, 0.009163457006725717, 0.011373571066173281, 0.011392627303433715, 0.011405347499612202, 0.011279913448940576, 0.22584708936075748, 0.22579029550612792, 0.22577633715830722, 0.29364337050200445, 0.2258829204257719], "num_workers": [8, 8, 8, 8, 8, 8, 8, 8, 8, 8, 8, 8, 8, 8, 8, 8, 8, 8, 8, 8, 8, 8, 8, 8, 8, 8, 8, 8, 8], "lr_tta": [true, true, true, true, true, true, true, true, true, true, true, true, true, true, true, true, true, true, true, true, true, true, true, true, true, true, true, true, true], "time": [3607.2000665664673, 2659.922191143036, 3088.5378646850586, 5489.426979541779, 4855.793641328812, 2101.384276866913, 841.2040467262268, 5368.766416549683, 4361.660613775253, 4369.246918916702, 4369.912992238998, 4388.633802175522, 4354.224812507629, 4374.411588430405, 5613.001142501831, 5600.143230199814, 5618.9302525520325, 5617.00540804863, 5626.441874742508, 5624.154603481293, 5657.330490350723, 5682.617087602615, 5677.636824846268, 5690.653122425079, 4434.835525035858, 4432.852371454239, 4444.017382621765, 865.1396036148071, 4437.235968112946], "test_accu": [0.7341081500053406, 0.21406275033950806, 0.324167400598526, 0.7309615015983582, 0.6670122742652893, 0.2951786518096924, 0.5890068411827087, 0.49109137058258057, 0.7156205177307129, 0.7150583267211914, 0.7163528800010681, 0.7079519629478455, 0.7131616473197937, 0.7104668021202087, 0.6674231886863708, 0.6851919293403625, 0.6766532063484192, 0.624057948589325, 0.6573402881622314, 0.6839866638183594, 0.6958346366882324, 0.6807606816291809, 0.6822972893714905, 0.6918799877166748, 0.7173583507537842, 0.7202703952789307, 0.7218108177185059, 0.012760316021740437, 0.7179727554321289]}