{
  "stats": {
    "submitted": 32,
    "finished": 32,
    "running": 0
  },
  "data": [
    [
      1,
      null,
      1688264926,
      null,
      -0.01152404397726059,
      0.5,
      1,
      0.0,
      0.0,
      {}
    ],
    [
      2,
      null,
      1688264926,
      null,
      -0.01152404397726059,
      0.5,
      1,
      0.0,
      0.0,
      {}
    ],
    [
      3,
      null,
      1688264926,
      null,
      -0.011948518455028534,
      0.5,
      1,
      0.0,
      0.0,
      {}
    ],
    [
      4,
      null,
      1688264926,
      null,
      -0.35696932673454285,
      0.5,
      1,
      0.0,
      0.0,
      {}
    ],
    [
      5,
      null,
      1688264926,
      null,
      -0.19162291288375854,
      0.5,
      1,
      0.0,
      0.0,
      {}
    ],
    [
      6,
      null,
      1688264926,
      null,
      -0.14323796331882477,
      0.5,
      1,
      0.0,
      0.0,
      {}
    ],
    [
      7,
      null,
      1688264926,
      null,
      -0.01152404397726059,
      0.5,
      1,
      0.0,
      0.0,
      {}
    ],
    [
      8,
      null,
      1688264926,
      null,
      -0.011865324340760708,
      0.5,
      1,
      0.0,
      0.0,
      {}
    ],
    [
      9,
      null,
      1688264926,
      null,
      -0.43887487053871155,
      0.5,
      1,
      0.0,
      0.0,
      {}
    ],
    [
      10,
      null,
      1688264926,
      null,
      -0.4399447739124298,
      0.5,
      1,
      0.0,
      0.0,
      {}
    ],
    [
      11,
      null,
      1688264926,
      null,
      -0.4355083405971527,
      0.5,
      1,
      0.0,
      0.0,
      {}
    ],
    [
      12,
      null,
      1688264926,
      null,
      -0.013647799380123615,
      0.5,
      1,
      0.0,
      0.0,
      {}
    ],
    [
      13,
      null,
      1688264926,
      null,
      -0.45193561911582947,
      0.5,
      1,
      0.0,
      0.0,
      {}
    ],
    [
      14,
      null,
      1688264926,
      null,
      -0.44312992691993713,
      0.5,
      1,
      0.0,
      0.0,
      {}
    ],
    [
      15,
      null,
      1688264926,
      null,
      -0.012826122343540192,
      0.5,
      1,
      0.0,
      0.0,
      {}
    ],
    [
      16,
      null,
      1688264926,
      null,
      -0.4424074590206146,
      0.5,
      1,
      0.0,
      0.0,
      {}
    ],
    [
      17,
      null,
      1688264926,
      null,
      -0.014318105764687061,
      0.5,
      1,
      0.0,
      0.0,
      {}
    ],
    [
      18,
      null,
      1688264926,
      null,
      -0.01212854404002428,
      0.5,
      1,
      0.0,
      0.0,
      {}
    ],
    [
      19,
      null,
      1688264926,
      null,
      -0.01152404397726059,
      0.5,
      1,
      0.0,
      0.0,
      {}
    ],
    [
      20,
      null,
      1688264926,
      null,
      -0.013264231383800507,
      0.5,
      1,
      0.0,
      0.0,
      {}
    ],
    [
      21,
      null,
      1688264926,
      null,
      -0.012155815958976746,
      0.5,
      1,
      0.0,
      0.0,
      {}
    ],
    [
      22,
      null,
      1688264926,
      null,
      -0.011140476912260056,
      0.5,
      1,
      0.0,
      0.0,
      {}
    ],
    [
      23,
      null,
      1688264926,
      null,
      -0.012770198285579681,
      0.5,
      1,
      0.0,
      0.0,
      {}
    ],
    [
      24,
      null,
      1688264926,
      null,
      -0.01535083632916212,
      0.5,
      1,
      0.0,
      0.0,
      {}
    ],
    [
      25,
      null,
      1688264926,
      null,
      -0.3272693455219269,
      0.5,
      1,
      0.0,
      0.0,
      {}
    ],
    [
      26,
      null,
      1688264926,
      null,
      -0.3308281898498535,
      0.5,
      1,
      0.0,
      0.0,
      {}
    ],
    [
      27,
      null,
      1688264926,
      null,
      -0.32365599274635315,
      0.5,
      1,
      0.0,
      0.0,
      {}
    ],
    [
      28,
      null,
      1688264926,
      null,
      -0.01152404397726059,
      0.5,
      1,
      0.0,
      0.0,
      {}
    ],
    [
      29,
      null,
      1688264926,
      null,
      -0.32341769337654114,
      0.5,
      1,
      0.0,
      0.0,
      {}
    ],
    [
      30,
      null,
      1688264926,
      null,
      -0.32180771231651306,
      0.5,
      1,
      0.0,
      0.0,
      {}
    ],
    [
      31,
      null,
      1688264926,
      null,
      -0.3217729330062866,
      0.5,
      1,
      0.0,
      0.0,
      {}
    ],
    [
      32,
      null,
      1688264926,
      null,
      -0.3262328803539276,
      0.5,
      1,
      0.0,
      0.0,
      {}
    ]
  ],
  "configs": {
    "1": {
      "batch_size": 4196,
      "epochs": 136,
      "label_smoothing": 0.23958991130594048,
      "lr": 1.3913136504493662,
      "lr_peak_epoch": 0.498735436473135,
      "lr_tta": "True",
      "momentum": 0.7882502209342597,
      "num_workers": 8,
      "weight_decay": 0.060961265609322274
    },
    "2": {
      "batch_size": 4196,
      "epochs": 101,
      "label_smoothing": 0.3638359755978437,
      "lr": 4.002767046713057,
      "lr_peak_epoch": 0.29717464017133155,
      "lr_tta": "True",
      "momentum": 0.8249193605359175,
      "num_workers": 8,
      "weight_decay": 2.7318161306499084e-05
    },
    "3": {
      "batch_size": 4196,
      "epochs": 182,
      "label_smoothing": 0.14916837466567195,
      "lr": 0.10457794074812145,
      "lr_peak_epoch": 0.9759014635667311,
      "lr_tta": "True",
      "momentum": 0.802335311094576,
      "num_workers": 8,
      "weight_decay": 2.3706026928790913e-05
    },
    "4": {
      "batch_size": 4196,
      "epochs": 44,
      "label_smoothing": 0.2811355214964258,
      "lr": 0.00018044569125963972,
      "lr_peak_epoch": 0.658602596544846,
      "lr_tta": "True",
      "momentum": 0.4167904716146107,
      "num_workers": 8,
      "weight_decay": 7.174090764446274e-05
    },
    "5": {
      "batch_size": 4196,
      "epochs": 230,
      "label_smoothing": 0.139665297986733,
      "lr": 0.018458481847196784,
      "lr_peak_epoch": 0.34031714709178085,
      "lr_tta": "True",
      "momentum": 0.6141135481938914,
      "num_workers": 8,
      "weight_decay": 0.01645895446278621
    },
    "6": {
      "batch_size": 4196,
      "epochs": 172,
      "label_smoothing": 0.48774977503350364,
      "lr": 0.03970506285405062,
      "lr_peak_epoch": 0.07276114238728004,
      "lr_tta": "True",
      "momentum": 0.33699746412040343,
      "num_workers": 8,
      "weight_decay": 0.01279863323262498
    },
    "7": {
      "batch_size": 4196,
      "epochs": 31,
      "label_smoothing": 0.029267317432287332,
      "lr": 1.2164340053520517,
      "lr_peak_epoch": 0.15113285670745835,
      "lr_tta": "True",
      "momentum": 0.11591820429947586,
      "num_workers": 8,
      "weight_decay": 6.296047178834358e-06
    },
    "8": {
      "batch_size": 4196,
      "epochs": 60,
      "label_smoothing": 0.3392486739537812,
      "lr": 0.4987025268402429,
      "lr_peak_epoch": 0.4045411552598821,
      "lr_tta": "True",
      "momentum": 0.18807201684179142,
      "num_workers": 8,
      "weight_decay": 0.001848825044119872
    },
    "9": {
      "batch_size": 4196,
      "epochs": 105,
      "label_smoothing": 0.2511670712097272,
      "lr": 0.00028374601086107807,
      "lr_peak_epoch": 0.43283181120232034,
      "lr_tta": "True",
      "momentum": 0.4322019645108744,
      "num_workers": 8,
      "weight_decay": 0.0012978771534146592
    },
    "10": {
      "batch_size": 4196,
      "epochs": 106,
      "label_smoothing": 0.2511615683211869,
      "lr": 0.0002840219136369292,
      "lr_peak_epoch": 0.4331155481413419,
      "lr_tta": "True",
      "momentum": 0.4325640282386249,
      "num_workers": 8,
      "weight_decay": 0.0012725997965910227
    },
    "11": {
      "batch_size": 4196,
      "epochs": 106,
      "label_smoothing": 0.25159882795131483,