{
  "stats": {
    "submitted": 32,
    "finished": 32,
    "running": 0
  },
  "data": [
    [
      1,
      null,
      1713381800,
      null,
      -0.5688918828964233,
      0.5,
      1,
      0.0,
      0.0,
      {}
    ],
    [
      2,
      null,
      1713381800,
      null,
      -0.3170214891433716,
      0.5,
      1,
      0.0,
      0.0,
      {}
    ],
    [
      3,
      null,
      1713381800,
      null,
      -0.48441222310066223,
      0.5,
      1,
      0.0,
      0.0,
      {}
    ],
    [
      4,
      null,
      1713381800,
      null,
      -0.5044227838516235,
      0.5,
      1,
      0.0,
      0.0,
      {}
    ],
    [
      5,
      null,
      1713381800,
      null,
      -0.014265935868024826,
      0.5,
      1,
      0.0,
      0.0,
      {}
    ],
    [
      6,
      null,
      1713381800,
      null,
      -0.4449359178543091,
      0.5,
      1,
      0.0,
      0.0,
      {}
    ],
    [
      7,
      null,
      1713381800,
      null,
      -0.02850835584104061,
      0.5,
      1,
      0.0,
      0.0,
      {}
    ],
    [
      8,
      null,
      1713381800,
      null,
      -0.011140476912260056,
      0.5,
      1,
      0.0,
      0.0,
      {}
    ],
    [
      9,
      null,
      1713381800,
      null,
      -0.6279035210609436,
      0.5,
      1,
      0.0,
      0.0,
      {}
    ],
    [
      10,
      null,
      1713381800,
      null,
      -0.6034913063049316,
      0.5,
      1,
      0.0,
      0.0,
      {}
    ],
    [
      11,
      null,
      1713381800,
      null,
      -0.611760675907135,
      0.5,
      1,
      0.0,
      0.0,
      {}
    ],
    [
      12,
      null,
      1713381800,
      null,
      -0.607856810092926,
      0.5,
      1,
      0.0,
      0.0,
      {}
    ],
    [
      13,
      null,
      1713381800,
      null,
      -0.6216809153556824,
      0.5,
      1,
      0.0,
      0.0,
      {}
    ],
    [
      14,
      null,
      1713381800,
      null,
      -0.6143723130226135,
      0.5,
      1,
      0.0,
      0.0,
      {}
    ],
    [
      15,
      null,
      1713381800,
      null,
      -0.6016853451728821,
      0.5,
      1,
      0.0,
      0.0,
      {}
    ],
    [
      16,
      null,
      1713381800,
      null,
      -0.6281752586364746,
      0.5,
      1,
      0.0,
      0.0,
      {}
    ],
    [
      17,
      null,
      1713381800,
      null,
      -0.4633750915527344,
      0.5,
      1,
      0.0,
      0.0,
      {}
    ],
    [
      18,
      null,
      1713381800,
      null,
      -0.4668196737766266,
      0.5,
      1,
      0.0,
      0.0,
      {}
    ],
    [
      19,
      null,
      1713381800,
      null,
      -0.46277809143066406,
      0.5,
      1,
      0.0,
      0.0,
      {}
    ],
    [
      20,
      null,
      1713381800,
      null,
      -0.46035632491111755,
      0.5,
      1,
      0.0,
      0.0,
      {}
    ],
    [
      21,
      null,
      1713381800,
      null,
      -0.47018107771873474,
      0.5,
      1,
      0.0,
      0.0,
      {}
    ],
    [
      22,
      null,
      1713381800,
      null,
      -0.4776324927806854,
      0.5,
      1,
      0.0,
      0.0,
      {}
    ],
    [
      23,
      null,
      1713381800,
      null,
      -0.46608731150627136,
      0.5,
      1,
      0.0,
      0.0,
      {}
    ],
    [
      24,
      null,
      1713381800,
      null,
      -0.46282508969306946,
      0.5,
      1,
      0.0,
      0.0,
      {}
    ],
    [
      25,
      null,
      1713381800,
      null,
      -0.620952308177948,
      0.5,
      1,
      0.0,
      0.0,
      {}
    ],
    [
      26,
      null,
      1713381800,
      null,
      -0.5154936909675598,
      0.5,
      1,
      0.0,
      0.0,
      {}
    ],
    [
      27,
      null,
      1713381800,
      null,
      -0.5426962375640869,
      0.5,
      1,
      0.0,
      0.0,
      {}
    ],
    [
      28,
      null,
      1713381800,
      null,
      -0.5466546416282654,
      0.5,
      1,
      0.0,
      0.0,
      {}
    ],
    [
      29,
      null,
      1713381800,
      null,
      -0.5044463276863098,
      0.5,
      1,
      0.0,
      0.0,
      {}
    ],
    [
      30,
      null,
      1713381800,
      null,
      -0.011140476912260056,
      0.5,
      1,
      0.0,
      0.0,
      {}
    ],
    [
      31,
      null,
      1713381800,
      null,
      -0.639411211013794,
      0.5,
      1,
      0.0,
      0.0,
      {}
    ],
    [
      32,
      null,
      1713381800,
      null,
      -0.5167610049247742,
      0.5,
      1,
      0.0,
      0.0,
      {}
    ]
  ],
  "configs": {
    "1": {
      "batch_size": 4196,
      "epochs": 273,
      "label_smoothing": 0.046094883527180996,
      "lr": 0.006396124004304785,
      "lr_peak_epoch": 0.31671508485246525,
      "lr_tta": "True",
      "momentum": 0.4500018142892307,
      "num_workers": 8,
      "weight_decay": 0.00014987640637251082
    },
    "2": {
      "batch_size": 4196,
      "epochs": 265,
      "label_smoothing": 0.07883694311446937,
      "lr": 0.0004202650204656064,
      "lr_peak_epoch": 0.6814993023313323,
      "lr_tta": "True",
      "momentum": 0.3960328718147066,
      "num_workers": 8,
      "weight_decay": 0.03225410912541875
    },
    "3": {
      "batch_size": 4196,
      "epochs": 183,
      "label_smoothing": 0.4301224784162875,
      "lr": 0.00025858128444722995,
      "lr_peak_epoch": 0.957641992412643,
      "lr_tta": "True",
      "momentum": 0.5639073464886634,
      "num_workers": 8,
      "weight_decay": 1.1898922928475164e-05
    },
    "4": {
      "batch_size": 4196,
      "epochs": 298,
      "label_smoothing": 0.4640238035795211,
      "lr": 0.011735815922433787,
      "lr_peak_epoch": 0.9615820911915233,
      "lr_tta": "True",
      "momentum": 0.9664580772738336,
      "num_workers": 8,
      "weight_decay": 0.0003240143190036594
    },
    "5": {
      "batch_size": 4196,
      "epochs": 186,
      "label_smoothing": 0.4592127506374763,
      "lr": 0.22766223637902236,
      "lr_peak_epoch": 0.2820218391744158,
      "lr_tta": "True",
      "momentum": 0.7117058429094631,
      "num_workers": 8,
      "weight_decay": 0.0026859836985361437
    },
    "6": {
      "batch_size": 4196,
      "epochs": 89,
      "label_smoothing": 0.396585698567978,
      "lr": 0.00018848627597533533,
      "lr_peak_epoch": 0.0056480006818662165,
      "lr_tta": "True",
      "momentum": 0.6592269630554823,
      "num_workers": 8,
      "weight_decay": 0.00024904359865848667
    },
    "7": {
      "batch_size": 4196,
      "epochs": 70,
      "label_smoothing": 0.26914871581319916,
      "lr": 0.059792787532993295,
      "lr_peak_epoch": 0.5330209284445352,
      "lr_tta": "True",
      "momentum": 0.14906465233273547,
      "num_workers": 8,
      "weight_decay": 0.0006186710719219218
    },
    "8": {
      "batch_size": 4196,
      "epochs": 169,
      "label_smoothing": 0.44750337042942867,
      "lr": 1.2312313224737506,
      "lr_peak_epoch": 0.011368682996046209,
      "lr_tta": "True",
      "momentum": 0.2072878149458427,
      "num_workers": 8,
      "weight_decay": 0.0006596283090121036
    },
    "9": {
      "batch_size": 4196,
      "epochs": 291,
      "label_smoothing": 0.20652977297599565,
      "lr": 0.002800198560632187,
      "lr_peak_epoch": 0.5720099146867461,
      "lr_tta": "True",
      "momentum": 0.699832087101427,
      "num_workers": 8,
      "weight_decay": 5.633164266824427e-05
    },
    "10": {
      "batch_size": 4196,
      "epochs": 291,
      "label_smoothing": 0.2072062789340184,
      "lr": 0.0028006247166917175,
      "lr_peak_epoch": 0.5711114119927362,
      "lr_tta": "True",
      "momentum": 0.699406910748559,
      "num_workers": 8,
      "weight_decay": 5.591475705944334e-05
    },
    "11": {
      "batch_size": 4196,
      "epochs": 291,
      "label_smoothing": 0.20730142734703647,