{"lr": [0.00013953259280858945, 4.063280805854252, 0.3820561868292428, 0.00035053545596413295, 0.33261027196809995, 0.013641734199782233, 0.08110267257139182, 1.4803219287255225, 0.01335918613941372, 0.013377408066974319, 0.013366321427081785, 0.013370501927982939, 0.013484209063995476, 0.013372930618494913, 0.013523446203083673, 2.9460916688610754, 0.0021630031163659184, 0.002159919967968649, 0.0021600094249524925, 0.0021703603744529475, 0.0021526515316253555, 0.0021630136336561233, 0.0021626390211548145, 0.002174440256155453, 0.036245381296962545, 0.018806375781383347, 0.018383155046600232, 0.019081444941075828, 0.01876161256892309, 0.01870152284418528], "epochs": [220, 243, 84, 134, 96, 172, 291, 43, 282, 282, 282, 282, 282, 282, 283, 178, 300, 300, 300, 300, 300, 300, 300, 300, 203, 300, 300, 300, 300, 300], "lr_peak_epoch": [203, 9, 17, 94, 52, 92, 85, 22, 248, 195, 178, 53, 235, 237, 87, 145, 232, 41, 291, 261, 87, 191, 277, 232, 151, 281, 244, 147, 78, 101], "batch_size": [4196, 4196, 4196, 4196, 4196, 4196, 4196, 4196, 4196, 4196, 4196, 4196, 4196, 4196, 4196, 4196, 4196, 4196, 4196, 4196, 4196, 4196, 4196, 4196, 4196, 4196, 4196, 4196, 4196, 4196], "momentum": [0.026173099132830835, 0.8728167802520622, 0.05453503936509119, 0.5404722684904767, 0.124230467103844, 0.10489080506418624, 0.6937730294417642, 0.5382299592412064, 0.5688853629057347, 0.5679553534625933, 0.5679202827715155, 0.5696960386231177, 0.5692800102543262, 0.5656851715883215, 0.5691917002818513, 0.4182233019316086, 0.1511553652821609, 0.15122089396759356, 0.151779475243299, 0.15005510278119133, 0.15204314114730091, 0.15118541678911948, 0.1483689989650079, 0.1503025845633774, 0.5386485465528735, 0.9998879442113765, 0.9987889059388704, 0.9995544171444263, 0.9993091109252786, 0.9974222955963371], "weight_decay": [1.0440415372630964e-06, 0.06857520918293655, 0.006594849992003955, 0.0002791617845473597, 4.028413502484597e-06, 0.006689637932931519, 2.16647002427134e-05, 9.28070205974275e-05, 6.125793267688268e-05, 6.071501935637729e-05, 6.175472402462437e-05, 6.039011574027532e-05, 6.093645063245992e-05, 6.15129985891033e-05, 6.104245904419765e-05, 0.005724869593737909, 0.000787114845066734, 0.0007793289116844161, 0.0007965753077807484, 0.0007886717420564224, 0.0007958426610361837, 0.0007776007112967448, 0.0007743609064360063, 0.0007918671977415976, 5.596861467046535e-06, 2.5463181940739486e-05, 2.7139205054070853e-05, 2.4904305097486572e-05, 2.59937796674841e-05, 2.61851669882183e-05], "label_smoothing": [0.12850266485036033, 0.362219763602464, 0.30758123512020674, 0.2950589222383523, 0.2564865799044472, 0.4415586717838854, 0.22594637575286514, 0.28850625833171745, 0.271188186534439, 0.270815875891001, 0.27148644580116593, 0.27074761094239935, 0.27098617501644817, 0.27092276871399207, 0.2710368528733804, 0.11261968434753256, 0.3802400109373217, 0.3801488978309863, 0.3802787621878714, 0.38012329710939635, 0.3802916455288723, 0.3807574898683173, 0.3799098854923808, 0.38086939742418363, 0.420553833329746, 0.08451769588557576, 0.08430791400611862, 0.08441662973574988, 0.08490695935632538, 0.08453529794377469], "num_workers": [8, 8, 8, 8, 8, 8, 8, 8, 8, 8, 8, 8, 8, 8, 8, 8, 8, 8, 8, 8, 8, 8, 8, 8, 8, 8, 8, 8, 8, 8], "lr_tta": [true, true, true, true, true, true, true, true, true, true, true, true, true, true, true, true, true, true, true, true, true, true, true, true, true, true, true, true, true, true], "time": [4054.776085138321, 4433.330804347992, 1542.6130847930908, 2471.8650159835815, 1751.5230884552002, 3138.2706830501556, 5300.621260881424, 786.4624364376068, 5164.845854282379, 5159.436358690262, 5150.0021069049835, 5175.9506068229675, 5173.68173122406, 5180.570465803146, 5204.4917006492615, 3267.596442461014, 5543.555854797363, 5541.747000455856, 5544.03971862793, 5533.509229183197, 5556.920886516571, 5536.819758892059, 5525.0538854599, 5523.832370042801, 3722.8526957035065, 5523.113765716553, 5513.508053302765, 5535.347696781158, 5519.972950696945, 5494.635791778564], "test_accu": [0.62833172082901, 0.02011490799486637, 0.0733419805765152, 0.6594851613044739, 0.0835898295044899, 0.6553429961204529, 0.733282744884491, 0.014901462011039257, 0.7473103404045105, 0.7511656880378723, 0.7495110630989075, 0.7454521059989929, 0.7414923310279846, 0.7460975646972656, 0.7481841444969177, 0.30949676036834717, 0.7301186919212341, 0.7290163636207581, 0.7303085923194885, 0.7353866696357727, 0.728950560092926, 0.723965585231781, 0.7234456539154053, 0.733456552028656, 0.7104766368865967, 0.745649516582489, 0.7069055438041687, 0.7437801361083984, 0.7524752616882324, 0.7381472587585449]}