{"lr": [0.04715273265329355, 0.0009099331417018098, 0.06235814621992077, 0.0017730468014698919, 0.06200267771882991, 0.20295719650367394, 0.0006550601767727672, 0.04543085748108719, 0.0006727253313872255, 0.0006708492462610773, 0.0006705039298391773, 0.0006704316600533057, 0.0048032126049491145, 0.0006746162538531979, 0.0006690483239791868, 0.02915446519580787, 0.000480888592582839, 0.00047527410048782035, 0.00048147069905840053, 0.0004798831257499527, 0.0006537023394170117, 0.0004847431795701983, 0.000951060093154662, 0.0005012294031192298, 0.0012093598445847603, 0.0012115327826799367, 0.0012014497799632921, 0.001202454127201073, 0.0012026267937285812, 0.0012078669248589192, 0.001222449638249675, 0.0012026765210026498], "epochs": [192, 95, 68, 61, 47, 114, 130, 238, 70, 70, 71, 70, 50, 70, 71, 183, 70, 70, 70, 69, 130, 126, 129, 125, 30, 30, 30, 30, 30, 30, 30, 30], "lr_peak_epoch": [60, 80, 62, 22, 26, 83, 50, 12, 45, 62, 57, 67, 16, 67, 58, 97, 39, 58, 20, 30, 119, 30, 118, 24, 29, 11, 15, 19, 15, 18, 21, 11], "batch_size": [4196, 4196, 4196, 4196, 4196, 4196, 4196, 4196, 4196, 4196, 4196, 4196, 4196, 4196, 4196, 4196, 4196, 4196, 4196, 4196, 4196, 4196, 4196, 4196, 4196, 4196, 4196, 4196, 4196, 4196, 4196, 4196], "momentum": [0.8694808799401657, 0.1696846977342238, 0.11902780884772135, 0.7642171420037892, 0.10727215128530598, 0.10285137727975713, 0.41846878569518187, 0.44046078548946144, 0.6535662908286209, 0.652910904425359, 0.6526791698620205, 0.6525650678527904, 0.7627355664083751, 0.6526820233462861, 0.6546207848736906, 0.9998626539704779, 0.699148738729021, 0.6979645255582937, 0.6971436323127463, 0.7003167603706463, 0.44038707659980114, 0.55720921308864, 0.4355681499266699, 0.5493778343464392, 0.5888909061625284, 0.5902287993013843, 0.5868576493428743, 0.5846128893039619, 0.5873377039887953, 0.5834923437183701, 0.5912270727425444, 0.5869698499349231], "weight_decay": [7.809674573859243e-05, 4.727654308963612e-05, 6.041322178327205e-06, 0.0023574687961362495, 1.802611404180997e-05, 2.2655420792108568e-05, 0.03855375266402832, 0.0037359413625885685, 0.008312548875927231, 0.008458733545890641, 0.008323377382513469, 0.008226663927994496, 3.6984200802819193e-06, 0.00823311301378571, 0.008095131567587595, 2.2235521172275905e-05, 0.0010668575337867258, 0.0010644183313987827, 0.0010785591821537573, 0.0010540316571232438, 0.03510711266789956, 0.019209972168209122, 0.017358630356580765, 0.036907821040241054, 0.0999469886001998, 0.09994199958494988, 0.09987119498782725, 0.09985847054602201, 0.09982060341621922, 0.09984972938374234, 0.09992435870546328, 0.09954373758232682], "label_smoothing": [0.3748886782023725, 0.20177552307783853, 0.11605579915303016, 0.487894811589238, 0.2949891253959044, 0.34150878202702173, 0.36130476685083857, 0.26652985091744014, 0.4584299496756712, 0.4596331336196025, 0.4599148327686632, 0.4596008911704929, 0.4187180055919758, 0.459686216653907, 0.4586294598566211, 0.4628047617808627, 0.4990790233976525, 0.4989403354300199, 0.49972136693223995, 0.49997718324074486, 0.36483567507125286, 0.13080293072310445, 0.37118783299456093, 0.20365140485931463, 0.22992946425924302, 0.23173295897820193, 0.2296865977749009, 0.22958918548055313, 0.22918288100574388, 0.22858049387105153, 0.23077932049341243, 0.2302123977044978], "num_workers": [8, 8, 8, 8, 8, 8, 8, 8, 8, 8, 8, 8, 8, 8, 8, 8, 8, 8, 8, 8, 8, 8, 8, 8, 8, 8, 8, 8, 8, 8, 8, 8], "lr_tta": [true, true, true, true, true, true, true, true, true, true, true, true, true, true, true, true, true, true, true, true, true, true, true, true, true, true, true, true, true, true, true, true], "time": [3518.2548828125, 1765.2507586479187, 1255.591516494751, 1132.0744495391846, 867.5141942501068, 2089.7803163528442, 2412.835131406784, 4347.188630104065, 1294.9474918842316, 1294.8831672668457, 1313.5705692768097, 1294.9493997097015, 927.745359659195, 1300.1003820896149, 1319.472395658493, 3368.584086418152, 1303.7846829891205, 1305.5809531211853, 1306.189312696457, 1288.7730255126953, 2419.9225418567657, 2340.0339710712433, 2396.104237794876, 2328.411121606827, 563.6979606151581, 562.9804592132568, 561.6279897689819, 562.802473783493, 562.1682040691376, 561.9309589862823, 561.6343448162079, 561.6274013519287], "test_accu": [0.7362120747566223, 0.6941612362861633, 0.6465584635734558, 0.7334627509117126, 0.6145758628845215, 0.6460385918617249, 0.7412727475166321, 0.5661476254463196, 0.7212796211242676, 0.7198384404182434, 0.7160115838050842, 0.7200767397880554, 0.7235932350158691, 0.7209580540657043, 0.7200555801391602, 0.7133862972259521, 0.6841357350349426, 0.680355966091156, 0.673388659954071, 0.6770876049995422, 0.7395350337028503, 0.7337133288383484, 0.7416178584098816, 0.7370996475219727, 0.6863041520118713, 0.6814135909080505, 0.6869396567344666, 0.684391438961029, 0.6849574446678162, 0.6865809559822083, 0.6818690896034241, 0.687305748462677]}