{"lr": [8.548467486500678, 0.6441926818932755, 0.14517781807315572, 0.0841247402871236, 0.0762359092426003, 0.17268528970804287, 0.0016847240134783422, 0.0018488566479494533, 0.00020629286436516447, 0.00020644450355932015, 9.249388705453034, 0.00020558091529142766, 0.0001996899065708992, 0.0008609576893003884, 0.0027586220138918044, 1.5521179117105839, 0.0010755179901001985, 0.001067597995301543, 0.0010836202108288908, 0.0010713917392222627, 0.0010587987447086152, 0.001071093105917943, 0.001056900937559538, 0.0010789919180242563, 0.0047447935174477, 0.004751150933919278, 0.004802379523364259, 0.004814506919312703, 0.004755801939508555, 0.004732832655896402, 0.0048164700686866, 0.004763315390738724], "epochs": [111, 271, 31, 190, 183, 35, 50, 40, 82, 82, 81, 82, 82, 119, 261, 241, 118, 118, 118, 118, 118, 118, 118, 118, 255, 255, 256, 255, 255, 255, 255, 254], "lr_peak_epoch": [82, 60, 1, 142, 43, 18, 3, 27, 52, 20, 26, 13, 59, 59, 250, 146, 103, 88, 52, 31, 98, 47, 103, 3, 52, 151, 197, 248, 96, 184, 125, 157], "batch_size": [4196, 4196, 4196, 4196, 4196, 4196, 4196, 4196, 4196, 4196, 4196, 4196, 4196, 4196, 4196, 4196, 4196, 4196, 4196, 4196, 4196, 4196, 4196, 4196, 4196, 4196, 4196, 4196, 4196, 4196, 4196, 4196], "momentum": [0.5994823762031118, 0.2028355684281029, 0.0016276453698754745, 0.45537919775384306, 0.25468550328593575, 0.5186482617685868, 0.1777337001923881, 0.8456280949658643, 0.362614098089262, 0.3628886744123479, 0.8146011427161008, 0.3653020951511695, 0.36232973315647277, 0.21701397704730607, 0.5274560405886606, 0.9420872910237721, 0.26195122290892653, 0.261858331849419, 0.26213980573199097, 0.26193434196052695, 0.26168056580765775, 0.26192301256926326, 0.26145263169339006, 0.26202312793979277, 0.8617438887837862, 0.8615880682530497, 0.857537936788373, 0.86005725862975, 0.8633301982727545, 0.8617104056369753, 0.8622330538953897, 0.8644385762188966], "weight_decay": [0.06670424548543845, 0.0002292850547719133, 0.05435552420588539, 0.00018798073108636343, 0.01189554967128264, 1.3061291934295632e-05, 1.691942019984419e-05, 0.0005875551369124552, 0.00010596593487239028, 0.00010584819023761254, 0.0011438310045325595, 0.00010611072598351827, 0.00010561149961895397, 3.1779266898488555e-05, 5.5733747785572555e-05, 0.014414692280862501, 7.054991962866333e-05, 7.021702283842402e-05, 7.029300722279541e-05, 7.019759802272878e-05, 7.034421749191225e-05, 7.068671247656693e-05, 7.020339952243234e-05, 7.076209767754656e-05, 0.00012128224354538371, 0.00012116238478703527, 0.00011972468104498355, 0.00012092667235955018, 0.00012253788447939856, 0.00012130472809688823, 0.0001211020434872059, 0.00012368760853569632], "label_smoothing": [0.05036541613547102, 0.12855420633435155, 0.28236632010762264, 0.23945560246048764, 0.11699322936805295, 0.20685036477445862, 0.3358135134634158, 0.2830140826481733, 0.37992005452665556, 0.3798050181774663, 0.4013521303658369, 0.3799432879933958, 0.37969613997062585, 0.26282278338682036, 0.29934464570295033, 0.39699730958916063, 0.3184272940438424, 0.31859998561621206, 0.3182846185788792, 0.3186114414205219, 0.31855379838169073, 0.3185744043880263, 0.31835471423556155, 0.31823993492302266, 0.14013285376389417, 0.14048152172389944, 0.14098255034818807, 0.14061863032867142, 0.1402577000963496, 0.14020992023606882, 0.1403238222193251, 0.140880992322502], "num_workers": [8, 8, 8, 8, 8, 8, 8, 8, 8, 8, 8, 8, 8, 8, 8, 8, 8, 8, 8, 8, 8, 8, 8, 8, 8, 8, 8, 8, 8, 8, 8, 8], "lr_tta": [true, true, true, true, true, true, true, true, true, true, true, true, true, true, true, true, true, true, true, true, true, true, true, true, true, true, true, true, true, true, true, true], "time": [2355.0397548675537, 5671.655649900436, 656.412565946579, 3989.945190191269, 3840.8154509067535, 743.5849812030792, 1069.2017962932587, 857.2922384738922, 1753.5252826213837, 1757.1863477230072, 1704.9360222816467, 1756.8545634746552, 1767.789396762848, 2555.2737250328064, 5539.654835700989, 5068.540615797043, 2533.8117241859436, 2527.10427069664, 2539.9285275936127, 2544.7734010219574, 2532.775335073471, 2542.912624359131, 2540.031941652298, 2542.1130101680756, 5467.000912904739, 5465.561721801758, 5490.781408786774, 5457.032756090164, 5457.260788202286, 5459.24648141861, 5473.807173728943, 5449.199223995209], "test_accu": [0.020107397809624672, 0.5801851749420166, 0.012901808135211468, 0.6920389533042908, 0.09288953989744186, 0.4526529312133789, 0.7056481838226318, 0.7130126357078552, 0.6380136609077454, 0.6378298401832581, 0.033150698989629745, 0.6318680644035339, 0.6383958458900452, 0.6880518794059753, 0.7148919105529785, 0.08264029771089554, 0.6996999382972717, 0.7001766562461853, 0.698805034160614, 0.7031098008155823, 0.7027497291564941, 0.695685625076294, 0.6965458393096924, 0.6965495944023132, 0.7312445044517517, 0.7308881878852844, 0.7243492007255554, 0.733890950679779, 0.735317051410675, 0.7272301316261292, 0.734167754650116, 0.730329692363739]}