{"lr": [0.013648518511813668, 0.0006104687776238343, 0.00503778714649529, 0.05625791741281275, 0.04828030347668903, 0.0014120273103220482, 0.0006234644117249597, 0.024399218775406538, 6.540783952633584, 6.496138831283966, 6.534736751027871, 6.440083344920173, 6.59195806546314, 6.486046966372316, 6.52365483625378, 6.417195660719636, 0.007155657155900082, 0.0071814080883887636, 0.007188855715557743, 0.0071459204404992465, 0.0071883676584860836, 0.007133726153007366, 0.007132025635984077, 0.007174563390535682, 0.007428015418391686, 0.007419954178296207, 0.007426749386436258, 0.007444170430731632, 0.007439548836511198, 0.007410499254651526, 0.007440966386449635, 0.007431486390042225], "epochs": [150, 83, 152, 221, 104, 65, 206, 127, 149, 149, 149, 149, 149, 149, 149, 149, 167, 167, 167, 167, 167, 167, 167, 167, 219, 219, 219, 219, 219, 219, 219, 219], "lr_peak_epoch": [148, 7, 75, 28, 82, 36, 50, 66, 94, 11, 92, 3, 37, 146, 39, 78, 152, 160, 43, 126, 112, 54, 152, 89, 115, 31, 46, 77, 42, 147, 113, 182], "batch_size": [4196, 4196, 4196, 4196, 4196, 4196, 4196, 4196, 4196, 4196, 4196, 4196, 4196, 4196, 4196, 4196, 4196, 4196, 4196, 4196, 4196, 4196, 4196, 4196, 4196, 4196, 4196, 4196, 4196, 4196, 4196, 4196], "momentum": [0.6489047756548828, 0.16152025180203777, 0.7274273467048076, 0.4202565084156489, 0.3868560328913432, 0.20411905724131918, 0.33059073747898204, 0.6007931327108433, 0.9136957868154999, 0.9141465305878601, 0.9127580726343094, 0.9138066741624101, 0.9120583984639341, 0.9149374384410853, 0.9147090011853348, 0.9150281365848963, 0.4342388739803982, 0.43482820112113035, 0.4345231495399395, 0.4348904064958506, 0.43433834254186054, 0.4341614797976021, 0.4357536173147182, 0.43515542771418725, 0.9309751827227677, 0.9316329400413369, 0.9304330420001753, 0.9314006911421905, 0.9300901990168283, 0.9315238512178892, 0.9324030283368853, 0.9301567106358821], "weight_decay": [1.0201366354599783e-06, 2.029261444663118e-05, 9.104799623242057e-05, 4.092038863508492e-06, 0.06851177974949937, 0.0006539032709286765, 2.560477617754306e-06, 0.03531770845602246, 7.195204302055883e-06, 7.197320157663178e-06, 7.1955007770745556e-06, 7.2233411001526205e-06, 7.201635877362027e-06, 7.222651870478067e-06, 7.176088545434538e-06, 7.2240290494709686e-06, 5.267174128774565e-06, 5.265251511818041e-06, 5.2471614975759815e-06, 5.318612126886759e-06, 5.246087704739719e-06, 5.244871218486622e-06, 5.281799889927323e-06, 5.2102883342529886e-06, 1.36446858382773e-06, 1.3650552467356214e-06, 1.3730457871882272e-06, 1.3639140565761212e-06, 1.3545956301498068e-06, 1.3603584075358427e-06, 1.3613369763007188e-06, 1.3765766102845164e-06], "label_smoothing": [0.12345540666477556, 0.18594858339615933, 0.2765929412873446, 0.19669572821363612, 0.2367225478780241, 0.17548239079410632, 0.18101587399112484, 0.384780709664487, 0.10606729245177082, 0.10540190378593636, 0.1052671134564222, 0.10581479825205614, 0.10589461595987065, 0.1059655838719988, 0.10659500947394192, 0.10512440265834208, 0.14337384565526196, 0.14361746507009016, 0.1436316434150796, 0.14352784541609065, 0.1435658247781152, 0.14350285581064162, 0.1440865630541864, 0.1441117622831495, 0.33348529964130547, 0.33306167295620576, 0.3334091284138393, 0.33321324556640525, 0.33363694329639965, 0.33269169464835846, 0.3330489217801247, 0.33413263110546404], "num_workers": [8, 8, 8, 8, 8, 8, 8, 8, 8, 8, 8, 8, 8, 8, 8, 8, 8, 8, 8, 8, 8, 8, 8, 8, 8, 8, 8, 8, 8, 8, 8, 8], "lr_tta": [true, true, true, true, true, true, true, true, true, true, true, true, true, true, true, true, true, true, true, true, true, true, true, true, true, true, true, true, true, true, true, true], "time": [3262.762882709503, 1809.9751698970795, 3304.155378103256, 4771.089927911758, 2207.3398265838623, 1416.4103045463562, 4482.117899894714, 2703.4410853385925, 3146.9867157936096, 3147.747460603714, 3151.0874342918396, 3147.649943113327, 3147.444105863571, 3163.5879979133606, 3151.4744374752045, 3153.6281139850616, 3635.356769800186, 3642.0718870162964, 3643.119379043579, 3640.6091878414154, 3646.0199279785156, 3646.626256942749, 3640.955358505249, 3650.7355484962463, 4780.174265623093, 4788.732950687408, 4785.88325548172, 4795.1755220890045, 4784.422938346863, 4788.1728847026825, 4809.915153503418, 4805.457206249237], "test_accu": [0.7338735461235046, 0.677961528301239, 0.7280607223510742, 0.711942732334137, 0.02201773226261139, 0.7099106907844543, 0.6687425971031189, 0.09788817167282104, 0.02103717066347599, 0.021738504990935326, 0.020186839625239372, 0.016643032431602478, 0.016038531437516212, 0.01669144630432129, 0.014380156993865967, 0.017437439411878586, 0.7258622646331787, 0.726898729801178, 0.7230235934257507, 0.7272724509239197, 0.7290474772453308, 0.7270614504814148, 0.7305681109428406, 0.7274041175842285, 0.7257146835327148, 0.7176413536071777, 0.7251374125480652, 0.7247675061225891, 0.7217450141906738, 0.7287643551826477, 0.7228820323944092, 0.723292887210846]}