{"lr": [0.0005861459563447119, 0.00010931428387539619, 0.5012514935970422, 0.000242070909399173, 0.00028759578771327273, 0.6707386446270592, 0.09893050052872138, 0.0007105877211748339, 0.0013821043729570091, 0.0013830535529588295, 0.0013849753579191825, 0.001394444696992273, 0.001375148631828671, 0.0013920406922596621, 2.208162400167934, 0.001382813259807446, 0.0009957899017870304, 0.000979209962061471, 0.0009930879824816934, 0.0009780280418831484, 0.00043963941984350737, 0.00010008463081095909, 0.00010013827792537126, 0.00010033341045630983, 0.00010035237278140652], "epochs": [253, 101, 293, 266, 216, 200, 30, 125, 55, 55, 55, 56, 55, 55, 256, 55, 178, 178, 178, 178, 243, 30, 30, 30, 30], "lr_peak_epoch": [187, 92, 36, 221, 64, 126, 15, 74, 18, 11, 38, 20, 52, 17, 47, 16, 153, 55, 107, 172, 25, 21, 10, 26, 17], "batch_size": [4196, 4196, 4196, 4196, 4196, 4196, 4196, 4196, 4196, 4196, 4196, 4196, 4196, 4196, 4196, 4196, 4196, 4196, 4196, 4196, 4196, 4196, 4196, 4196, 4196], "momentum": [0.7142217950633218, 0.4312402404597885, 0.7489621337095376, 0.5882958413249655, 0.8567689659268014, 0.09943308562868047, 0.30915206570110654, 0.9017170459576427, 0.7539861151322351, 0.7523015407285558, 0.7528075513703254, 0.7547069448082449, 0.754242579653986, 0.753820415130394, 0.5127362683429254, 0.7513053664467957, 0.559500902924146, 0.560543568646741, 0.5602683909155705, 0.5591912404186643, 0.49122209344820456, 0.9318066825790166, 0.9306799558527229, 0.9311039879526225, 0.9312294094399756], "weight_decay": [0.08544417368275571, 0.04036847655671806, 0.0006558084670221717, 0.012471308221633151, 0.0014023906179553955, 0.014834944983085805, 0.00016497573998228103, 0.022133599201144917, 0.00652852717703569, 0.0065015923259949555, 0.006459168200951048, 0.006453052126160679, 0.00655587493068586, 0.006442495615307621, 0.00034685085168917893, 0.006496826246478977, 0.0017480846473645099, 0.0017497626787987015, 0.0017831180305793936, 0.00172626396757714, 0.003683853392320803, 0.018296306286939703, 0.01752144746023375, 0.017989132006352056, 0.01803085939447877], "label_smoothing": [0.06354151719515633, 0.4074885137231895, 0.2237237541052448, 0.3077431874442828, 0.3656895914302297, 0.47685769104831527, 0.24494725360093061, 0.2696014202062745, 0.031325913169766566, 0.031085938342239876, 0.030532867396230935, 0.031747018588073536, 0.03066055522682975, 0.03140151265900823, 0.420082976183422, 0.030003198705077512, 9.317719073593562e-06, 1.1256531621953777e-05, 1.1700064081321724e-05, 3.4343313958056106e-05, 0.47198841905166367, 0.0001463457443869697, 0.0001298539718713361, 6.77819511141018e-05, 6.102124704436031e-05], "num_workers": [8, 8, 8, 8, 8, 8, 8, 8, 8, 8, 8, 8, 8, 8, 8, 8, 8, 8, 8, 8, 8, 8, 8, 8, 8], "lr_tta": [true, true, true, true, true, true, true, true, true, true, true, true, true, true, true, true, true, true, true, true, true, true, true, true, true], "time": [4654.9093363285065, 1866.8001816272736, 5334.5714790821075, 4904.31366443634, 3976.2755329608917, 3653.9643416404724, 552.1321773529053, 2306.065207004547, 1016.4831321239471, 1017.5183391571045, 1020.5815229415894, 1037.7258474826813, 1021.3300411701202, 1021.6159265041351, 4677.916008472443, 1020.519775390625, 3289.075686454773, 3296.034745693207, 3291.9994642734528, 3300.525454521179, 4489.682920694351, 558.711540222168, 556.6005525588989, 558.2586815357208, 557.996059179306], "test_accu": [0.7395660281181335, 0.659446656703949, 0.5218141674995422, 0.7029297947883606, 0.6611510515213013, 0.05253937840461731, 0.5585162043571472, 0.7468510270118713, 0.7330306172370911, 0.7357626557350159, 0.7373106479644775, 0.7342844009399414, 0.7373416423797607, 0.7358943819999695, 0.2701384127140045, 0.7388411164283752, 0.7216655611991882, 0.7221186757087708, 0.7193519473075867, 0.7261838316917419, 0.7025635838508606, 0.5694108605384827, 0.5630927681922913, 0.5756011009216309, 0.5801912546157837]}