{"lr": [0.00017822726112467753, 0.3870270638961299, 0.0074073899022293575, 0.0013369755867921375, 0.10606425963532609, 2.938638653090591, 0.007265345763144031, 0.009603629643104105, 0.007036048602186988, 0.007098927322447245, 0.007129835208157776, 0.007115395149247145, 0.044136320783058736, 0.007179976583900107, 0.001280248533034562, 0.0013868095538104618, 0.0033719421487701457, 0.0033473288876090007, 0.00336088973654821, 0.00336923597782405, 0.003399503179255908, 0.003363938607980414, 0.0033576993549928077, 0.003363579970621335, 0.5121105347907714, 0.0018420417211618759, 0.0018505272988749097, 0.001852591831468586, 0.001856116063583514, 0.0018541677047499384, 0.0018536691289938571, 0.0018445621568053444], "epochs": [100, 65, 161, 251, 47, 123, 255, 262, 79, 83, 51, 90, 31, 55, 264, 92, 183, 183, 183, 183, 183, 183, 183, 183, 183, 184, 184, 184, 184, 184, 185, 184], "lr_peak_epoch": [3, 57, 120, 154, 45, 23, 72, 131, 5, 14, 32, 82, 12, 0, 16, 40, 171, 20, 46, 41, 152, 143, 34, 73, 149, 90, 90, 163, 156, 19, 43, 153], "batch_size": [4196, 4196, 4196, 4196, 4196, 4196, 4196, 4196, 4196, 4196, 4196, 4196, 4196, 4196, 4196, 4196, 4196, 4196, 4196, 4196, 4196, 4196, 4196, 4196, 4196, 4196, 4196, 4196, 4196, 4196, 4196, 4196], "momentum": [0.9864203624942192, 0.7217845601343359, 0.191895690163437, 0.9665547862274366, 0.4760347952862084, 0.7901472829726661, 0.5326207634062011, 0.6473120564980408, 0.07969849557828193, 0.0012029326210880194, 0.30685513319938046, 0.48517557033510944, 0.6790889736149374, 0.24807285297210693, 0.21107308456105922, 0.8994112834453992, 0.6089639621824645, 0.6048549730482101, 0.6064223201826078, 0.606336490030657, 0.6077589053138921, 0.6069514037165235, 0.60747140064089, 0.6063399283263222, 0.9070315607404416, 0.5225188091547158, 0.5209789842451006, 0.5224363105867126, 0.5212339460705173, 0.520703279997212, 0.5213835223071911, 0.5223101644809311], "weight_decay": [0.006081043280509923, 2.580343806728787e-06, 0.0001528542271789655, 0.0005351440111221775, 0.06637071531080582, 5.003262445782537e-05, 0.017648751553256892, 0.0433217611553697, 1.9075549083615824e-05, 1.5850748146099365e-05, 9.517508433761935e-06, 6.3642046052649854e-06, 0.001696573902621267, 1.542969364026948e-06, 0.000558224915620943, 0.000372622966757751, 4.410458745088094e-05, 4.4221982870325244e-05, 4.44542491956421e-05, 4.443908543259307e-05, 4.376048657765324e-05, 4.359958996018739e-05, 4.407619352681846e-05, 4.372629256838958e-05, 0.011019184895395367, 1.0005089268152503e-06, 1.00064266647242e-06, 1.0001921390029243e-06, 1.0005632928089616e-06, 1.0014216222857791e-06, 1.0012479226600123e-06, 1.0049969928906124e-06], "label_smoothing": [0.30223590607289247, 0.42508433388737005, 0.285211699962696, 0.16143114754830923, 0.23253095429127468, 0.1703920030104092, 0.4870149353940639, 0.23912601114671145, 0.32277680429910366, 0.40289433627203003, 0.3616265690425846, 0.23081510608385097, 0.36208898352104174, 0.42528421173500996, 0.17314902032198715, 0.24297998781476557, 0.4999975511168811, 0.49999046032425387, 0.4999721430299181, 0.4999096044394404, 0.4999086881475396, 0.49989285701976305, 0.4998432453992626, 0.49983595343711484, 0.26203291340007917, 0.27695683872778104, 0.27702063629165635, 0.27682663950843245, 0.2770907466427935, 0.2772264660244915, 0.27733849753575973, 0.27717652777165913], "num_workers": [8, 8, 8, 8, 8, 8, 8, 8, 8, 8, 8, 8, 8, 8, 8, 8, 8, 8, 8, 8, 8, 8, 8, 8, 8, 8, 8, 8, 8, 8, 8, 8], "lr_tta": [true, true, true, true, true, true, true, true, true, true, true, true, true, true, true, true, true, true, true, true, true, true, true, true, true, true, true, true, true, true, true, true], "time": [1839.9975197315216, 1185.7084062099457, 2953.7180898189545, 4605.712938547134, 855.6702871322632, 2231.6256721019745, 4647.331202507019, 4759.234879493713, 1457.2074556350708, 1530.0348584651947, 939.7397112846375, 1651.6486933231354, 568.4518477916718, 1010.4293413162231, 4828.1289830207825, 1684.8339307308197, 3351.949622154236, 3347.042727470398, 3346.079602241516, 3353.3694846630096, 3353.0812571048737, 3350.6843564510345, 3356.9501259326935, 3368.384438276291, 3338.664750099182, 3388.492278814316, 3383.668414592743, 3384.0433490276337, 3386.3149888515472, 3393.0830919742584, 3416.6132760047913, 3397.811847448349], "test_accu": [0.6479413509368896, 0.48022913932800293, 0.7418176531791687, 0.7079246640205383, 0.01101262029260397, 0.01877429522573948, 0.6370429992675781, 0.4119962751865387, 0.7305219769477844, 0.7341094613075256, 0.7289853096008301, 0.7350614070892334, 0.5109369158744812, 0.7308571338653564, 0.7150334715843201, 0.717900812625885, 0.7291244864463806, 0.7117006778717041, 0.722647488117218, 0.723759651184082, 0.7240388989448547, 0.726962149143219, 0.7197067737579346, 0.7167513966560364, 0.06106818839907646, 0.7110204696655273, 0.7033889889717102, 0.7036795616149902, 0.7093545794487, 0.6993535161018372, 0.7087092399597168, 0.7099356055259705]}