{"lr": [0.01613067029511731, 0.00037844911382907984, 0.31241145407900583, 5.480770752870537, 0.0003833878727823288, 0.014840088520604717, 0.0006986341728733176, 0.3036963782590733, 0.00026349693923875296, 0.212140625874362, 0.00025560377317177755, 0.0002563282585710537, 0.00026286364883015373, 0.0002666665371824964, 0.00026029959431279274, 0.0002573015926918118, 0.06289798026005833, 0.0631435190466221, 0.06318664532631, 0.062439347113212, 0.06505749675877778, 0.06345061826142362, 0.06416529718886632, 0.06221799621728575, 9.99932009481018, 9.981829217464346, 9.979237222851978, 9.954900349159253, 9.975984418351421, 9.951052240033162, 9.979494217972684, 9.947754458585942], "epochs": [120, 47, 165, 234, 124, 300, 151, 270, 181, 150, 181, 181, 180, 180, 180, 182, 294, 294, 294, 294, 294, 294, 294, 294, 205, 205, 205, 205, 205, 205, 205, 205], "lr_peak_epoch": [105, 16, 152, 218, 108, 116, 120, 165, 86, 95, 20, 125, 171, 21, 66, 163, 14, 264, 74, 272, 101, 260, 29, 262, 203, 174, 38, 196, 87, 14, 54, 100], "batch_size": [4196, 4196, 4196, 4196, 4196, 4196, 4196, 4196, 4196, 4196, 4196, 4196, 4196, 4196, 4196, 4196, 4196, 4196, 4196, 4196, 4196, 4196, 4196, 4196, 4196, 4196, 4196, 4196, 4196, 4196, 4196, 4196], "momentum": [0.2671692165999754, 0.09299005216286427, 0.17216331704161814, 0.27549972884243756, 0.7257356671794791, 0.05430436581638187, 0.5796125686112418, 0.42810886148257443, 0.06580640397858166, 0.7006434718965494, 0.06560281637460993, 0.06255154367671484, 0.0576401044699279, 0.0598951804320053, 0.06065899269371815, 0.0709291188946011, 0.38634250330748654, 0.3868830518406277, 0.38645633428542114, 0.38573096852292776, 0.3877481191054156, 0.38765856707756957, 0.3887035404479209, 0.38961593411999407, 7.520524876891276e-05, 0.00012966731112993386, 0.0003234393484690712, 1.0352886844262887e-05, 0.0005350600679843106, 0.00020572954617732042, 0.00023361160442094778, 0.0002907639544425661], "weight_decay": [1.9474356810621837e-05, 1.9633347004346444e-06, 8.172917909498281e-05, 8.723711893103738e-06, 0.00557812187441004, 6.803286524929122e-05, 0.0006258729523654535, 0.029566760540327714, 2.4850479883813964e-06, 1.9634727988867836e-05, 2.5353074507337705e-06, 2.69993180440712e-06, 2.7970236422111595e-06, 2.7049083909306523e-06, 2.8003517197990843e-06, 2.326750970864764e-06, 1.0008851811201986e-06, 1.0018131264049953e-06, 1.0017575555990102e-06, 1.0018777502050555e-06, 1.0014129317957007e-06, 1.0027638569717904e-06, 1.001906399300463e-06, 1.003421104249499e-06, 0.009098367957939665, 0.009127735310409581, 0.009026932621793021, 0.009158465466665575, 0.009107997781106113, 0.009048177927226033, 0.009087266167157928, 0.009060781844725233], "label_smoothing": [0.14898874964299796, 0.08083433476314461, 0.19046358665347912, 0.0810327142505432, 0.4695710252635957, 0.1617977133485471, 0.09838239007698102, 0.13337941174062146, 0.17645275559260726, 0.3338963246380337, 0.17689123166573278, 0.1767528879648419, 0.17633658246762365, 0.1764546082415466, 0.1771446142277548, 0.1766186384814679, 0.1358026823666868, 0.13580057419816793, 0.13538641004440413, 0.1354655707074054, 0.13571791411253473, 0.1352795050356654, 0.13521574361115135, 0.1358656271802014, 0.12839566169825956, 0.12829678465808755, 0.12825048396032765, 0.1290833527143666, 0.12881306085756108, 0.12851943094712814, 0.1288442642837702, 0.12831161473045594], "num_workers": [8, 8, 8, 8, 8, 8, 8, 8, 8, 8, 8, 8, 8, 8, 8, 8, 8, 8, 8, 8, 8, 8, 8, 8, 8, 8, 8, 8, 8, 8, 8, 8], "lr_tta": [true, true, true, true, true, true, true, true, true, true, true, true, true, true, true, true, true, true, true, true, true, true, true, true, true, true, true, true, true, true, true, true], "time": [2205.8982186317444, 869.7607719898224, 3000.352586746216, 4237.882466316223, 2293.7704162597656, 5508.068883895874, 2791.480541944504, 4892.657643795013, 3342.0791161060333, 2730.3557431697845, 3331.155071735382, 3335.9402928352356, 3310.2651855945587, 3315.8624539375305, 3312.3200442790985, 3351.211324930191, 5377.154349565506, 5387.027224063873, 5384.191771745682, 5396.849833488464, 5385.823868751526, 5408.232361793518, 5432.730429172516, 5418.8614411354065, 3797.3801004886627, 3781.5653717517853, 3790.3006806373596, 3789.014131784439, 3790.6501183509827, 3802.3406021595, 3807.97389960289, 3819.843826532364], "test_accu": [0.7393587231636047, 0.655302107334137, 0.42841461300849915, 0.018404362723231316, 0.6875342726707458, 0.7491933703422546, 0.6965632438659668, 0.02090556174516678, 0.6467385292053223, 0.6670048236846924, 0.6437855362892151, 0.6478059887886047, 0.6385076642036438, 0.6460099220275879, 0.6379403471946716, 0.6517371535301208, 0.6786355972290039, 0.6877477169036865, 0.6717204451560974, 0.692242443561554, 0.680020809173584, 0.6917521953582764, 0.6990682482719421, 0.663892924785614, 0.2931691110134125, 0.2020409107208252, 0.25390762090682983, 0.26654621958732605, 0.16270747780799866, 0.256905198097229, 0.21047663688659668, 0.24522604048252106]}