{"lr": [0.002107301481593244, 4.301979982182675, 0.007421831774588961, 5.504261108960309, 0.0029330683185698233, 0.1818205148239681, 0.000885853607698583, 0.2353715042847455, 0.0018861613399249794, 0.001931487560272034, 0.0018888532118803124, 0.0018897978384808767, 0.0018970014320648092, 0.0022231408840196684, 0.002225389587442288, 0.002230079801413995, 0.0022211875824577772, 0.0022246411923228667, 0.0022129969787606117, 0.0022290254671550173, 0.0022198279894242935, 0.0016146053658664936, 0.0016161153886799407, 0.0016015295565137975, 0.001619313968606391], "epochs": [229, 42, 286, 105, 252, 289, 240, 146, 286, 292, 286, 286, 286, 300, 300, 300, 300, 300, 300, 300, 300, 300, 300, 300, 300], "lr_peak_epoch": [75, 38, 233, 94, 72, 134, 194, 17, 196, 198, 217, 1, 45, 226, 259, 273, 50, 14, 144, 87, 236, 227, 177, 70, 90], "batch_size": [4196, 4196, 4196, 4196, 4196, 4196, 4196, 4196, 4196, 4196, 4196, 4196, 4196, 4196, 4196, 4196, 4196, 4196, 4196, 4196, 4196, 4196, 4196, 4196, 4196], "momentum": [0.4907809521260116, 0.34569233840499947, 0.41271697076640246, 0.3941863099528612, 0.6508348442674792, 0.4839333763576309, 0.6614717843575727, 0.8513130497003115, 0.4800155762178908, 0.4367033566492836, 0.4793241897721948, 0.47916366814745687, 0.47881733793411707, 0.12962777612772447, 0.13026726701244296, 0.13169947341883498, 0.1285131157304473, 0.12856392422085883, 0.12948053011598099, 0.12925778245061414, 0.12918119589102156, 1.7098757112057297e-05, 1.64254870806804e-05, 2.4477895150640423e-06, 0.00012951896179260844], "weight_decay": [0.047263993732972596, 3.3553802520330106e-06, 0.005440767000592533, 2.7626801476006496e-06, 0.00010509571403746291, 0.002689414665459076, 0.00011200205146771804, 2.5509974836778467e-06, 0.0014910376819062539, 0.00472281605341819, 0.0014829283152366297, 0.001486748470862049, 0.001484924437740145, 1.9387331091017368e-05, 1.9390098946417787e-05, 1.9140253684125952e-05, 1.932859727743362e-05, 1.938275050163102e-05, 1.898688720478601e-05, 1.935077383299075e-05, 1.9735209697151665e-05, 0.09979552710602795, 0.09929552670098063, 0.09958892722663129, 0.0994494256761978], "label_smoothing": [0.0531650761500399, 0.15719800307507031, 0.12073744019477078, 0.3891580684849538, 0.3497584764142066, 0.10068879240042944, 0.2641814573795543, 0.3215406691505584, 0.2017612939590548, 0.2215838008352003, 0.2021265826005365, 0.2013363466860231, 0.2020040437602106, 2.9283643002019814e-05, 3.3533776614984756e-05, 2.598634326088217e-05, 0.00010073445616600677, 0.00011218357208260781, 3.9179933953129324e-05, 0.00013412194175191713, 0.00010420011129567619, 0.4999826340082306, 0.49999118035882945, 0.4995769789292143, 0.49995473976067795], "num_workers": [8, 8, 8, 8, 8, 8, 8, 8, 8, 8, 8, 8, 8, 8, 8, 8, 8, 8, 8, 8, 8, 8, 8, 8, 8], "lr_tta": [true, true, true, true, true, true, true, true, true, true, true, true, true, true, true, true, true, true, true, true, true, true, true, true, true], "time": [4255.380919456482, 768.7532353401184, 5281.436275482178, 1914.25102353096, 4679.976638317108, 5286.689881324768, 4443.694121360779, 2660.2723972797394, 5296.8235557079315, 5418.1094670295715, 5327.968377113342, 5320.845247268677, 5322.113842964172, 5595.238220691681, 5601.278928041458, 5608.598910331726, 5595.017423868179, 5598.340520143509, 5618.604532003403, 5628.007288694382, 5633.200731992722, 5623.619117021561, 5630.2133095264435, 5602.013611078262, 5607.183178186417], "test_accu": [0.7186430096626282, 0.014763724990189075, 0.713862955570221, 0.017150701954960823, 0.7184333801269531, 0.20566415786743164, 0.6807395815849304, 0.1706167608499527, 0.7321417927742004, 0.7560985684394836, 0.7350166440010071, 0.7340944409370422, 0.7317385077476501, 0.7011374831199646, 0.7028366923332214, 0.7023388743400574, 0.7025673389434814, 0.7051169872283936, 0.7027882933616638, 0.7071340084075928, 0.7042666077613831, 0.5957334041595459, 0.6162765622138977, 0.5995427966117859, 0.5975802540779114]}