{"lr": [0.01011006629268429, 0.003094057020918197, 0.0008502925559209882, 0.005431132260511605, 0.016211721676125494, 1.5927666447865436, 0.13691512457797644, 0.00019271588036105547, 0.0040692479894358265, 0.004078892597948516, 0.004087589467235265, 0.0041028307189720425, 0.004070703190571207, 0.004077450173598832, 0.0011996219902403057, 0.0002543022937720423, 0.0014400556876242635, 0.0014528311258088756, 0.0014367423968650716, 0.0014450720315596103, 0.0014231937031612331, 0.0014485359331623125, 0.0014617589385045636, 0.0014481995128406715, 0.002651870637491279, 0.0026731877782685282, 0.0026693024557145244, 0.002625227869949612, 0.0026818370266538543, 0.00267036974187678, 0.003962992019726023, 0.1888656921781074], "epochs": [119, 97, 141, 118, 225, 192, 31, 45, 248, 248, 248, 248, 248, 248, 165, 50, 300, 300, 300, 300, 300, 300, 300, 300, 214, 214, 214, 214, 214, 214, 289, 94], "lr_peak_epoch": [12, 77, 94, 27, 142, 118, 7, 21, 214, 171, 43, 223, 197, 225, 25, 23, 155, 290, 148, 49, 299, 43, 224, 277, 33, 207, 66, 161, 186, 158, 153, 45], "batch_size": [4196, 4196, 4196, 4196, 4196, 4196, 4196, 4196, 4196, 4196, 4196, 4196, 4196, 4196, 4196, 4196, 4196, 4196, 4196, 4196, 4196, 4196, 4196, 4196, 4196, 4196, 4196, 4196, 4196, 4196, 4196, 4196], "momentum": [0.8118229180117742, 0.552558026661171, 0.5262002729117681, 0.8007499792957844, 0.9156837279526496, 0.5632528034378866, 0.7400430575550428, 0.36302629289247224, 0.99999860749627, 0.9999941996918883, 0.9999914713908186, 0.9999396829900647, 0.9998135991315523, 0.9998289900585386, 0.09104502423167593, 0.9804032325194733, 0.8291795572007779, 0.8271500458345429, 0.829717910814919, 0.8289061454520035, 0.8298500782698869, 0.828203411246426, 0.8266144247480766, 0.830313884497047, 4.593217827392052e-05, 9.225747303923609e-05, 0.00040884916395902857, 1.5947835065070896e-05, 0.0005208905482250235, 0.0004571286447155442, 7.429660124741552e-05, 0.3302787198520143], "weight_decay": [8.330952309348698e-05, 0.00015676402300027564, 0.00034340004094844857, 1.900580348639653e-05, 0.009652797481775686, 1.2772766213317648e-06, 0.0978912665702535, 3.5624262516024704e-06, 6.0751461751644396e-06, 6.317187820585012e-06, 6.093950647698768e-06, 6.173744466535013e-06, 6.1550590622146505e-06, 6.059514216009528e-06, 0.017522460605986685, 1.8990467234926936e-05, 0.09997189378012435, 0.09991747075501392, 0.09979947504712072, 0.0994763601044774, 0.0997445398640282, 0.09866540445683349, 0.0987849407515133, 0.09936629604761305, 1.0297989472308922e-05, 1.0308996508335454e-05, 1.0321909605777857e-05, 1.0219508262992706e-05, 1.0325682608242102e-05, 1.0348680103687283e-05, 0.00676817790018608, 9.123558934755942e-06], "label_smoothing": [0.2784228882450935, 0.19313474364493094, 0.44988901547492705, 0.13099521772466605, 0.24564477682451608, 0.08018640949456013, 0.24390136889013603, 0.2621188236687252, 0.30201206723897533, 0.3019713888174867, 0.3021514077345312, 0.3025294406915489, 0.3017508079442706, 0.3006703211557445, 0.2707793249790562, 0.07516793115368153, 0.2859285498625068, 0.2868014591939426, 0.28648520256678695, 0.2864994555961438, 0.2875089685571766, 0.28690339210146854, 0.28754632636958916, 0.28547146083603314, 0.49985614057082023, 0.49979279870191523, 0.4999943792948092, 0.49964221983946144, 0.49999129269397063, 0.49982857517190826, 0.4998450332261174, 0.2697776947386444], "num_workers": [8, 8, 8, 8, 8, 8, 8, 8, 8, 8, 8, 8, 8, 8, 8, 8, 8, 8, 8, 8, 8, 8, 8, 8, 8, 8, 8, 8, 8, 8, 8, 8], "lr_tta": [true, true, true, true, true, true, true, true, true, true, true, true, true, true, true, true, true, true, true, true, true, true, true, true, true, true, true, true, true, true, true, true], "time": [2197.2782361507416, 1796.5946657657623, 2604.529885292053, 2181.5251245498657, 4109.5822014808655, 3471.7723116874695, 569.2677130699158, 832.4572596549988, 4573.689883232117, 4574.855669498444, 4566.080060958862, 4575.309758424759, 4575.082410097122, 4579.587805509567, 3049.222655057907, 929.0044929981232, 5544.959641933441, 5555.636858224869, 5551.85971903801, 5544.909522771835, 5547.455545902252, 5570.771397590637, 5569.566853046417, 5562.865126132965, 3988.5535826683044, 3982.413759946823, 3996.073894262314, 3989.377101659775, 3995.612685441971, 4012.5124728679657, 5337.857624769211, 1734.2608082294464], "test_accu": [0.7448513507843018, 0.725247859954834, 0.699558436870575, 0.7303123474121094, 0.6111114621162415, 0.02532697282731533, 0.01801091432571411, 0.6194329857826233, 0.7165465354919434, 0.717945396900177, 0.713458240032196, 0.7149191498756409, 0.7213280200958252, 0.7107300162315369, 0.7511793971061707, 0.6409181952476501, 0.632067859172821, 0.6432393193244934, 0.6319921612739563, 0.6407395005226135, 0.649954617023468, 0.6339471936225891, 0.6505008935928345, 0.6452676653862, 0.7132236957550049, 0.7088567614555359, 0.7094612717628479, 0.7114548683166504, 0.7125571370124817, 0.7066634297370911, 0.7349743843078613, 0.14785678684711456]}