{"lr": [0.13905332764023845, 2.8899790472388585, 0.001200965866667777, 0.00027755719469670933, 2.250005995711655, 0.00035738064391955155, 0.012959347579569938, 0.00016077170181701223, 0.0007083508401189122, 0.0007079727768702129, 0.00070539025005057, 0.005210117568822019, 0.0007053835473257053, 0.0010452661855913485, 0.0007052914189381008, 0.0007044352347696736, 0.0028779207880842493, 0.0008123024323830839, 0.002027881929062987, 0.0020404912966309665, 0.003355716291990994, 0.0033274997798645022, 0.00328475384845456, 0.005184300028884878, 0.010481090856176942], "epochs": [140, 90, 119, 43, 155, 47, 283, 186, 266, 266, 266, 64, 267, 43, 267, 266, 103, 300, 30, 30, 30, 30, 30, 30, 137], "lr_peak_epoch": [35, 83, 11, 34, 133, 7, 118, 19, 169, 121, 39, 29, 261, 18, 200, 159, 16, 7, 0, 4, 13, 0, 27, 26, 133], "batch_size": [4196, 4196, 4196, 4196, 4196, 4196, 4196, 4196, 4196, 4196, 4196, 4196, 4196, 4196, 4196, 4196, 4196, 4196, 4196, 4196, 4196, 4196, 4196, 4196, 4196], "momentum": [0.9334177905592581, 0.3555467408852958, 0.1887614834080621, 0.17485354459799562, 0.9934305401042479, 0.4759093307585016, 0.601987409918682, 0.9310633307557944, 0.43376033665952013, 0.4339616277676845, 0.4319638365808974, 0.17625247499043528, 0.4315607819806723, 0.8914347269783044, 0.43285279258749876, 0.4323847039835777, 0.4974108649268867, 0.9996408398412825, 0.9998029669567089, 0.9991729831398447, 0.00017430093189123015, 0.0002138682152374323, 0.00013610013821864855, 0.9999357028060422, 0.8362710835389382], "weight_decay": [1.1708533098796666e-05, 0.06231028250640643, 1.089132875652556e-06, 0.0016022688121312943, 2.1283852529000226e-06, 3.0053063901608724e-05, 0.018291275349806544, 0.016468250314349404, 0.0009176465777903305, 0.000911743227649724, 0.0009295098931128914, 0.002416163985346818, 0.0009005897886916851, 0.007584778280864083, 0.0008871484897938447, 0.0009249305912882927, 6.200242157319452e-06, 1.0079688003182047e-06, 1.130115420309324e-06, 1.1096170804658383e-06, 1.0004964172286712e-06, 1.0110718505736244e-06, 1.0001991619521197e-06, 1.007997291996799e-06, 0.0007055156748882186], "label_smoothing": [0.2722793252086066, 0.4441243670223954, 0.08702385239219329, 0.16451458528889246, 0.16841402634294417, 0.12155158204787708, 0.3355553311962075, 0.1759937180015479, 0.14712472975636423, 0.14722197995622657, 0.14739695683160617, 0.16474038183165474, 0.1463068566649513, 0.02813993930895231, 0.148049134166029, 0.14751224777944394, 3.876582905739642e-05, 0.24203990107727472, 0.4998838653655582, 0.4996282225544119, 0.4999283397797671, 0.49999642933361244, 0.49959793261796265, 0.00011700940200422153, 0.24024053519487593], "num_workers": [8, 8, 8, 8, 8, 8, 8, 8, 8, 8, 8, 8, 8, 8, 8, 8, 8, 8, 8, 8, 8, 8, 8, 8, 8], "lr_tta": [true, true, true, true, true, true, true, true, true, true, true, true, true, true, true, true, true, true, true, true, true, true, true, true, true], "time": [2572.5678091049194, 1655.9414348602295, 2202.163745880127, 799.0560111999512, 2813.994432449341, 872.580150604248, 5166.938058614731, 3454.068818807602, 4929.706600666046, 4936.092213869095, 4942.233661413193, 1189.5141124725342, 4943.088769674301, 799.3411095142365, 4952.208844900131, 4950.787603139877, 1919.1904978752136, 5591.603487253189, 564.2607336044312, 565.4612455368042, 563.6847734451294, 566.0706870555878, 564.816484451294, 561.948489189148, 2536.5211231708527], "test_accu": [0.5661424994468689, 0.01869110018014908, 0.695040225982666, 0.6381786465644836, 0.027595972642302513, 0.6519580483436584, 0.5441534519195557, 0.6701067090034485, 0.7034933567047119, 0.7022942900657654, 0.6991551518440247, 0.7397112846374512, 0.7003664970397949, 0.7253720164299011, 0.705043613910675, 0.688373327255249, 0.7206464409828186, 0.665336549282074, 0.6996440887451172, 0.6986075043678284, 0.7016611099243164, 0.7090293765068054, 0.7116000652313232, 0.7063767910003662, 0.7488718032836914]}