{
  "stats": {
    "submitted": 32,
    "finished": 32,
    "running": 0
  },
  "data": [
    [
      1,
      null,
      110494470,
      null,
      -0.24868053197860718,
      0.5,
      1,
      0.0,
      0.0,
      {}
    ],
    [
      2,
      null,
      110494470,
      null,
      -0.12375997751951218,
      0.5,
      1,
      0.0,
      0.0,
      {}
    ],
    [
      3,
      null,
      110494470,
      null,
      -0.361280232667923,
      0.5,
      1,
      0.0,
      0.0,
      {}
    ],
    [
      4,
      null,
      110494470,
      null,
      -0.5997464060783386,
      0.5,
      1,
      0.0,
      0.0,
      {}
    ],
    [
      5,
      null,
      110494470,
      null,
      -0.3332250416278839,
      0.5,
      1,
      0.0,
      0.0,
      {}
    ],
    [
      6,
      null,
      110494470,
      null,
      -0.4397760331630707,
      0.5,
      1,
      0.0,
      0.0,
      {}
    ],
    [
      7,
      null,
      110494470,
      null,
      -0.5420010089874268,
      0.5,
      1,
      0.0,
      0.0,
      {}
    ],
    [
      8,
      null,
      110494470,
      null,
      -0.38529154658317566,
      0.5,
      1,
      0.0,
      0.0,
      {}
    ],
    [
      9,
      null,
      110494470,
      null,
      -0.5231547951698303,
      0.5,
      1,
      0.0,
      0.0,
      {}
    ],
    [
      10,
      null,
      110494470,
      null,
      -0.011330383829772472,
      0.5,
      1,
      0.0,
      0.0,
      {}
    ],
    [
      11,
      null,
      110494470,
      null,
      -0.5117698311805725,
      0.5,
      1,
      0.0,
      0.0,
      {}
    ],
    [
      12,
      null,
      110494470,
      null,
      -0.516394853591919,
      0.5,
      1,
      0.0,
      0.0,
      {}
    ],
    [
      13,
      null,
      110494470,
      null,
      -0.5247064828872681,
      0.5,
      1,
      0.0,
      0.0,
      {}
    ],
    [
      14,
      null,
      110494470,
      null,
      -0.2565404176712036,
      0.5,
      1,
      0.0,
      0.0,
      {}
    ],
    [
      15,
      null,
      110494470,
      null,
      -0.5291626453399658,
      0.5,
      1,
      0.0,
      0.0,
      {}
    ],
    [
      16,
      null,
      110494470,
      null,
      -0.5150753855705261,
      0.5,
      1,
      0.0,
      0.0,
      {}
    ],
    [
      17,
      null,
      110494470,
      null,
      -0.015067853033542633,
      0.5,
      1,
      0.0,
      0.0,
      {}
    ],
    [
      18,
      null,
      110494470,
      null,
      -0.6250958442687988,
      0.5,
      1,
      0.0,
      0.0,
      {}
    ],
    [
      19,
      null,
      110494470,
      null,
      -0.6878717541694641,
      0.5,
      1,
      0.0,
      0.0,
      {}
    ],
    [
      20,
      null,
      110494470,
      null,
      -0.6885669827461243,
      0.5,
      1,
      0.0,
      0.0,
      {}
    ],
    [
      21,
      null,
      110494470,
      null,
      -0.6746423840522766,
      0.5,
      1,
      0.0,
      0.0,
      {}
    ],
    [
      22,
      null,
      110494470,
      null,
      -0.5547787547111511,
      0.5,
      1,
      0.0,
      0.0,
      {}
    ],
    [
      23,
      null,
      110494470,
      null,
      -0.5536280274391174,
      0.5,
      1,
      0.0,
      0.0,
      {}
    ],
    [
      24,
      null,
      110494470,
      null,
      -0.6890709400177002,
      0.5,
      1,
      0.0,
      0.0,
      {}
    ],
    [
      25,
      null,
      110494470,
      null,
      -0.09320967644453049,
      0.5,
      1,
      0.0,
      0.0,
      {}
    ],
    [
      26,
      null,
      110494470,
      null,
      -0.04423525556921959,
      0.5,
      1,
      0.0,
      0.0,
      {}
    ],
    [
      27,
      null,
      110494470,
      null,
      -0.10805659741163254,
      0.5,
      1,
      0.0,
      0.0,
      {}
    ],
    [
      28,
      null,
      110494470,
      null,
      -0.01152404397726059,
      0.5,
      1,
      0.0,
      0.0,
      {}
    ],
    [
      29,
      null,
      110494470,
      null,
      -0.43442344665527344,
      0.5,
      1,
      0.0,
      0.0,
      {}
    ],
    [
      30,
      null,
      110494470,
      null,
      -0.010629053227603436,
      0.5,
      1,
      0.0,
      0.0,
      {}
    ],
    [
      31,
      null,
      110494470,
      null,
      -0.018276507034897804,
      0.5,
      1,
      0.0,
      0.0,
      {}
    ],
    [
      32,
      null,
      110494470,
      null,
      -0.04439037665724754,
      0.5,
      1,
      0.0,
      0.0,
      {}
    ]
  ],
  "configs": {
    "1": {
      "batch_size": 4196,
      "epochs": 172,
      "label_smoothing": 0.023567988368439707,
      "lr": 0.026444671325159243,
      "lr_peak_epoch": 0.7083941295383028,
      "lr_tta": "True",
      "momentum": 0.31396151188834254,
      "num_workers": 8,
      "weight_decay": 0.00337998545181047
    },
    "2": {
      "batch_size": 4196,
      "epochs": 51,
      "label_smoothing": 0.25202502020454937,
      "lr": 0.009681821057197929,
      "lr_peak_epoch": 0.1951094725994037,
      "lr_tta": "True",
      "momentum": 0.23768909971375385,
      "num_workers": 8,
      "weight_decay": 0.00591255037161646
    },
    "3": {
      "batch_size": 4196,
      "epochs": 247,
      "label_smoothing": 0.3046340392471842,
      "lr": 0.033360730675675576,
      "lr_peak_epoch": 0.46796695939294686,
      "lr_tta": "True",
      "momentum": 0.6531111839019059,
      "num_workers": 8,
      "weight_decay": 2.8700421335805787e-06
    },
    "4": {
      "batch_size": 4196,
      "epochs": 143,
      "label_smoothing": 0.3320509554258121,
      "lr": 0.0020083884314786317,
      "lr_peak_epoch": 0.7656510906835196,
      "lr_tta": "True",
      "momentum": 0.39185719457461676,
      "num_workers": 8,
      "weight_decay": 6.107882628635359e-05
    },
    "5": {
      "batch_size": 4196,
      "epochs": 53,
      "label_smoothing": 0.3596839548438352,
      "lr": 0.00019871103778600644,
      "lr_peak_epoch": 0.08182501850354496,
      "lr_tta": "True",
      "momentum": 0.7066891836089602,
      "num_workers": 8,
      "weight_decay": 0.00662320305926049
    },
    "6": {
      "batch_size": 4196,
      "epochs": 49,
      "label_smoothing": 0.13868614460277268,
      "lr": 0.00034733202433567,
      "lr_peak_epoch": 0.6144673196570655,
      "lr_tta": "True",
      "momentum": 0.47311249178436554,
      "num_workers": 8,
      "weight_decay": 1.453109820945819e-06
    },
    "7": {
      "batch_size": 4196,
      "epochs": 214,
      "label_smoothing": 0.05468725572675809,
      "lr": 0.0018133549758199128,
      "lr_peak_epoch": 0.22770359378527438,
      "lr_tta": "True",
      "momentum": 0.13919767477402067,
      "num_workers": 8,
      "weight_decay": 4.5831631275210005e-05
    },
    "8": {
      "batch_size": 4196,
      "epochs": 82,
      "label_smoothing": 0.18509784471450053,
      "lr": 0.00943659445661021,
      "lr_peak_epoch": 0.08446335213534562,
      "lr_tta": "True",
      "momentum": 0.7224789881661681,
      "num_workers": 8,
      "weight_decay": 5.768149633267733e-06
    },
    "9": {
      "batch_size": 4196,
      "epochs": 157,
      "label_smoothing": 0.28047000733290534,
      "lr": 0.0007046471033652793,
      "lr_peak_epoch": 0.8496741403711546,
      "lr_tta": "True",
      "momentum": 0.252288696613566,
      "num_workers": 8,
      "weight_decay": 4.948491313525597e-05
    },
    "10": {
      "batch_size": 4196,
      "epochs": 81,
      "label_smoothing": 0.11654322600081812,
      "lr": 5.457906667933294,
      "lr_peak_epoch": 0.22080749794277554,
      "lr_tta": "True",
      "momentum": 0.7520018474139876,
      "num_workers": 8,
      "weight_decay": 0.09286053476104472
    },
    "11": {
      "batch_size": 4196,
      "epochs": 157,
      "label_smoothing": 0.2842842667153913,
      "lr": 0.0006957318911464617,