{
  "stats": {
    "submitted": 32,
    "finished": 32,
    "running": 0
  },
  "data": [
    [
      1,
      null,
      1419200725,
      null,
      -0.7448513507843018,
      0.5,
      1,
      0.0,
      0.0,
      {}
    ],
    [
      2,
      null,
      1419200725,
      null,
      -0.725247859954834,
      0.5,
      1,
      0.0,
      0.0,
      {}
    ],
    [
      3,
      null,
      1419200725,
      null,
      -0.699558436870575,
      0.5,
      1,
      0.0,
      0.0,
      {}
    ],
    [
      4,
      null,
      1419200725,
      null,
      -0.7303123474121094,
      0.5,
      1,
      0.0,
      0.0,
      {}
    ],
    [
      5,
      null,
      1419200725,
      null,
      -0.6111114621162415,
      0.5,
      1,
      0.0,
      0.0,
      {}
    ],
    [
      6,
      null,
      1419200725,
      null,
      -0.02532697282731533,
      0.5,
      1,
      0.0,
      0.0,
      {}
    ],
    [
      7,
      null,
      1419200725,
      null,
      -0.01801091432571411,
      0.5,
      1,
      0.0,
      0.0,
      {}
    ],
    [
      8,
      null,
      1419200725,
      null,
      -0.6194329857826233,
      0.5,
      1,
      0.0,
      0.0,
      {}
    ],
    [
      9,
      null,
      1419200725,
      null,
      -0.7165465354919434,
      0.5,
      1,
      0.0,
      0.0,
      {}
    ],
    [
      10,
      null,
      1419200725,
      null,
      -0.717945396900177,
      0.5,
      1,
      0.0,
      0.0,
      {}
    ],
    [
      11,
      null,
      1419200725,
      null,
      -0.713458240032196,
      0.5,
      1,
      0.0,
      0.0,
      {}
    ],
    [
      12,
      null,
      1419200725,
      null,
      -0.7149191498756409,
      0.5,
      1,
      0.0,
      0.0,
      {}
    ],
    [
      13,
      null,
      1419200725,
      null,
      -0.7213280200958252,
      0.5,
      1,
      0.0,
      0.0,
      {}
    ],
    [
      14,
      null,
      1419200725,
      null,
      -0.7107300162315369,
      0.5,
      1,
      0.0,
      0.0,
      {}
    ],
    [
      15,
      null,
      1419200725,
      null,
      -0.7511793971061707,
      0.5,
      1,
      0.0,
      0.0,
      {}
    ],
    [
      16,
      null,
      1419200725,
      null,
      -0.6409181952476501,
      0.5,
      1,
      0.0,
      0.0,
      {}
    ],
    [
      17,
      null,
      1419200725,
      null,
      -0.632067859172821,
      0.5,
      1,
      0.0,
      0.0,
      {}
    ],
    [
      18,
      null,
      1419200725,
      null,
      -0.6432393193244934,
      0.5,
      1,
      0.0,
      0.0,
      {}
    ],
    [
      19,
      null,
      1419200725,
      null,
      -0.6319921612739563,
      0.5,
      1,
      0.0,
      0.0,
      {}
    ],
    [
      20,
      null,
      1419200725,
      null,
      -0.6407395005226135,
      0.5,
      1,
      0.0,
      0.0,
      {}
    ],
    [
      21,
      null,
      1419200725,
      null,
      -0.649954617023468,
      0.5,
      1,
      0.0,
      0.0,
      {}
    ],
    [
      22,
      null,
      1419200725,
      null,
      -0.6339471936225891,
      0.5,
      1,
      0.0,
      0.0,
      {}
    ],
    [
      23,
      null,
      1419200725,
      null,
      -0.6505008935928345,
      0.5,
      1,
      0.0,
      0.0,
      {}
    ],
    [
      24,
      null,
      1419200725,
      null,
      -0.6452676653862,
      0.5,
      1,
      0.0,
      0.0,
      {}
    ],
    [
      25,
      null,
      1419200725,
      null,
      -0.7132236957550049,
      0.5,
      1,
      0.0,
      0.0,
      {}
    ],
    [
      26,
      null,
      1419200725,
      null,
      -0.7088567614555359,
      0.5,
      1,
      0.0,
      0.0,
      {}
    ],
    [
      27,
      null,
      1419200725,
      null,
      -0.7094612717628479,
      0.5,
      1,
      0.0,
      0.0,
      {}
    ],
    [
      28,
      null,
      1419200725,
      null,
      -0.7114548683166504,
      0.5,
      1,
      0.0,
      0.0,
      {}
    ],
    [
      29,
      null,
      1419200725,
      null,
      -0.7125571370124817,
      0.5,
      1,
      0.0,
      0.0,
      {}
    ],
    [
      30,
      null,
      1419200725,
      null,
      -0.7066634297370911,
      0.5,
      1,
      0.0,
      0.0,
      {}
    ],
    [
      31,
      null,
      1419200725,
      null,
      -0.7349743843078613,
      0.5,
      1,
      0.0,
      0.0,
      {}
    ],
    [
      32,
      null,
      1419200725,
      null,
      -0.14785678684711456,
      0.5,
      1,
      0.0,
      0.0,
      {}
    ]
  ],
  "configs": {
    "1": {
      "batch_size": 4196,
      "epochs": 119,
      "label_smoothing": 0.2784228882450935,
      "lr": 0.01011006629268429,
      "lr_peak_epoch": 0.09600040145777955,
      "lr_tta": "True",
      "momentum": 0.8118229180117742,
      "num_workers": 8,
      "weight_decay": 8.330952309348698e-05
    },
    "2": {
      "batch_size": 4196,
      "epochs": 97,
      "label_smoothing": 0.19313474364493094,
      "lr": 0.003094057020918197,
      "lr_peak_epoch": 0.4073432447183447,
      "lr_tta": "True",
      "momentum": 0.552558026661171,
      "num_workers": 8,
      "weight_decay": 0.00015676402300027564
    },
    "3": {
      "batch_size": 4196,
      "epochs": 141,
      "label_smoothing": 0.44988901547492705,
      "lr": 0.0008502925559209882,
      "lr_peak_epoch": 0.3016709804486031,
      "lr_tta": "True",
      "momentum": 0.5262002729117681,
      "num_workers": 8,
      "weight_decay": 0.00034340004094844857
    },
    "4": {
      "batch_size": 4196,
      "epochs": 118,
      "label_smoothing": 0.13099521772466605,
      "lr": 0.005431132260511605,
      "lr_peak_epoch": 0.9277350488158225,
      "lr_tta": "True",
      "momentum": 0.8007499792957844,
      "num_workers": 8,
      "weight_decay": 1.900580348639653e-05
    },
    "5": {
      "batch_size": 4196,
      "epochs": 225,
      "label_smoothing": 0.24564477682451608,
      "lr": 0.016211721676125494,
      "lr_peak_epoch": 0.8993101517440509,
      "lr_tta": "True",
      "momentum": 0.9156837279526496,
      "num_workers": 8,
      "weight_decay": 0.009652797481775686
    },
    "6": {
      "batch_size": 4196,
      "epochs": 192,
      "label_smoothing": 0.08018640949456013,
      "lr": 1.5927666447865436,
      "lr_peak_epoch": 0.6970063485565822,
      "lr_tta": "True",
      "momentum": 0.5632528034378866,
      "num_workers": 8,
      "weight_decay": 1.2772766213317648e-06
    },
    "7": {
      "batch_size": 4196,
      "epochs": 31,
      "label_smoothing": 0.24390136889013603,
      "lr": 0.13691512457797644,
      "lr_peak_epoch": 0.9562687624770797,
      "lr_tta": "True",
      "momentum": 0.7400430575550428,
      "num_workers": 8,
      "weight_decay": 0.0978912665702535
    },
    "8": {
      "batch_size": 4196,
      "epochs": 45,
      "label_smoothing": 0.2621188236687252,
      "lr": 0.00019271588036105547,
      "lr_peak_epoch": 0.10665797559453116,
      "lr_tta": "True",
      "momentum": 0.36302629289247224,
      "num_workers": 8,
      "weight_decay": 3.5624262516024704e-06
    },
    "9": {
      "batch_size": 4196,
      "epochs": 248,
      "label_smoothing": 0.30201206723897533,
      "lr": 0.0040692479894358265,
      "lr_peak_epoch": 0.3430852687375581,
      "lr_tta": "True",
      "momentum": 0.99999860749627,
      "num_workers": 8,
      "weight_decay": 6.0751461751644396e-06
    },
    "10": {
      "batch_size": 4196,
      "epochs": 248,
      "label_smoothing": 0.3019713888174867,
      "lr": 0.004078892597948516,
      "lr_peak_epoch": 0.34313671700425535,
      "lr_tta": "True",
      "momentum": 0.9999941996918883,
      "num_workers": 8,
      "weight_decay": 6.317187820585012e-06
    },
    "11": {
      "batch_size": 4196,
      "epochs": 248,
      "label_smoothing": 0.3021514077345312,
      "lr": 0.004087589467235265,