{
  "stats": {
    "submitted": 32,
    "finished": 32,
    "running": 0
  },
  "data": [
    [
      1,
      null,
      1110303012,
      null,
      -0.011140476912260056,
      0.5,
      1,
      0.0,
      0.0,
      {}
    ],
    [
      2,
      null,
      1110303012,
      null,
      -0.01674974150955677,
      0.5,
      1,
      0.0,
      0.0,
      {}
    ],
    [
      3,
      null,
      1110303012,
      null,
      -0.011799518950283527,
      0.5,
      1,
      0.0,
      0.0,
      {}
    ],
    [
      4,
      null,
      1110303012,
      null,
      -0.012521994300186634,
      0.5,
      1,
      0.0,
      0.0,
      {}
    ],
    [
      5,
      null,
      1110303012,
      null,
      -0.014352885074913502,
      0.5,
      1,
      0.0,
      0.0,
      {}
    ],
    [
      6,
      null,
      1110303012,
      null,
      -0.16619911789894104,
      0.5,
      1,
      0.0,
      0.0,
      {}
    ],
    [
      7,
      null,
      1110303012,
      null,
      -0.6165285110473633,
      0.5,
      1,
      0.0,
      0.0,
      {}
    ],
    [
      8,
      null,
      1110303012,
      null,
      -0.014459597878158092,
      0.5,
      1,
      0.0,
      0.0,
      {}
    ],
    [
      9,
      null,
      1110303012,
      null,
      -0.5544125437736511,
      0.5,
      1,
      0.0,
      0.0,
      {}
    ],
    [
      10,
      null,
      1110303012,
      null,
      -0.5598394274711609,
      0.5,
      1,
      0.0,
      0.0,
      {}
    ],
    [
      11,
      null,
      1110303012,
      null,
      -0.5653109550476074,
      0.5,
      1,
      0.0,
      0.0,
      {}
    ],
    [
      12,
      null,
      1110303012,
      null,
      -0.5627477169036865,
      0.5,
      1,
      0.0,
      0.0,
      {}
    ],
    [
      13,
      null,
      1110303012,
      null,
      -0.54640132188797,
      0.5,
      1,
      0.0,
      0.0,
      {}
    ],
    [
      14,
      null,
      1110303012,
      null,
      -0.5465639233589172,
      0.5,
      1,
      0.0,
      0.0,
      {}
    ],
    [
      15,
      null,
      1110303012,
      null,
      -0.5455486178398132,
      0.5,
      1,
      0.0,
      0.0,
      {}
    ],
    [
      16,
      null,
      1110303012,
      null,
      -0.5642048716545105,
      0.5,
      1,
      0.0,
      0.0,
      {}
    ],
    [
      17,
      null,
      1110303012,
      null,
      -0.4327937066555023,
      0.5,
      1,
      0.0,
      0.0,
      {}
    ],
    [
      18,
      null,
      1110303012,
      null,
      -0.44342041015625,
      0.5,
      1,
      0.0,
      0.0,
      {}
    ],
    [
      19,
      null,
      1110303012,
      null,
      -0.43454280495643616,
      0.5,
      1,
      0.0,
      0.0,
      {}
    ],
    [
      20,
      null,
      1110303012,
      null,
      -0.43206652998924255,
      0.5,
      1,
      0.0,
      0.0,
      {}
    ],
    [
      21,
      null,
      1110303012,
      null,
      -0.43533721566200256,
      0.5,
      1,
      0.0,
      0.0,
      {}
    ],
    [
      22,
      null,
      1110303012,
      null,
      -0.43018344044685364,
      0.5,
      1,
      0.0,
      0.0,
      {}
    ],
    [
      23,
      null,
      1110303012,
      null,
      -0.4314991533756256,
      0.5,
      1,
      0.0,
      0.0,
      {}
    ],
    [
      24,
      null,
      1110303012,
      null,
      -0.4361626207828522,
      0.5,
      1,
      0.0,
      0.0,
      {}
    ],
    [
      25,
      null,
      1110303012,
      null,
      -0.625505268573761,
      0.5,
      1,
      0.0,
      0.0,
      {}
    ],
    [
      26,
      null,
      1110303012,
      null,
      -0.6139304637908936,
      0.5,
      1,
      0.0,
      0.0,
      {}
    ],
    [
      27,
      null,
      1110303012,
      null,
      -0.6342451572418213,
      0.5,
      1,
      0.0,
      0.0,
      {}
    ],
    [
      28,
      null,
      1110303012,
      null,
      -0.6212117671966553,
      0.5,
      1,
      0.0,
      0.0,
      {}
    ],
    [
      29,
      null,
      1110303012,
      null,
      -0.41769862174987793,
      0.5,
      1,
      0.0,
      0.0,
      {}
    ],
    [
      30,
      null,
      1110303012,
      null,
      -0.6271387934684753,
      0.5,
      1,
      0.0,
      0.0,
      {}
    ],
    [
      31,
      null,
      1110303012,
      null,
      -0.6165383458137512,
      0.5,
      1,
      0.0,
      0.0,
      {}
    ],
    [
      32,
      null,
      1110303012,
      null,
      -0.4459996521472931,
      0.5,
      1,
      0.0,
      0.0,
      {}
    ]
  ],
  "configs": {
    "1": {
      "batch_size": 4196,
      "epochs": 100,
      "label_smoothing": 0.2222796969339496,
      "lr": 5.072499051896018,
      "lr_peak_epoch": 0.3919628242233425,
      "lr_tta": "True",
      "momentum": 0.223469204980142,
      "num_workers": 8,
      "weight_decay": 0.0037475418716601105
    },
    "2": {
      "batch_size": 4196,
      "epochs": 237,
      "label_smoothing": 0.27218460244971715,
      "lr": 0.004991751800611031,
      "lr_peak_epoch": 0.8044171432263046,
      "lr_tta": "True",
      "momentum": 0.4471228067713363,
      "num_workers": 8,
      "weight_decay": 0.05541952376130577
    },
    "3": {
      "batch_size": 4196,
      "epochs": 256,
      "label_smoothing": 0.28470448775374796,
      "lr": 0.07735257899156989,
      "lr_peak_epoch": 0.1316644395786335,
      "lr_tta": "True",
      "momentum": 0.20344020763692983,
      "num_workers": 8,
      "weight_decay": 0.016223269473516377
    },
    "4": {
      "batch_size": 4196,
      "epochs": 258,
      "label_smoothing": 0.24313952418999363,
      "lr": 1.9978429021819177,
      "lr_peak_epoch": 0.21892434234005564,
      "lr_tta": "True",
      "momentum": 0.5491000629124225,
      "num_workers": 8,
      "weight_decay": 3.961971346367864e-05
    },
    "5": {
      "batch_size": 4196,
      "epochs": 124,
      "label_smoothing": 0.3624698232166341,
      "lr": 0.786251480284564,
      "lr_peak_epoch": 0.2613908770974488,
      "lr_tta": "True",
      "momentum": 0.4770321906871047,
      "num_workers": 8,
      "weight_decay": 0.00012602467883790364
    },
    "6": {
      "batch_size": 4196,
      "epochs": 144,
      "label_smoothing": 0.28519844782849263,
      "lr": 0.061071646240352634,
      "lr_peak_epoch": 0.8539304077901353,
      "lr_tta": "True",
      "momentum": 0.002069403983952167,
      "num_workers": 8,
      "weight_decay": 6.2755320663893e-06
    },
    "7": {
      "batch_size": 4196,
      "epochs": 67,
      "label_smoothing": 0.457462822950161,
      "lr": 0.007019951299951886,
      "lr_peak_epoch": 0.5437014505874123,
      "lr_tta": "True",
      "momentum": 0.1046690814078528,
      "num_workers": 8,
      "weight_decay": 4.184772522896875e-05
    },
    "8": {
      "batch_size": 4196,
      "epochs": 218,
      "label_smoothing": 0.06783204338521615,
      "lr": 0.9072423449065389,
      "lr_peak_epoch": 0.9460829703992747,
      "lr_tta": "True",
      "momentum": 0.021161448087661516,
      "num_workers": 8,
      "weight_decay": 0.000567348926691667
    },
    "9": {
      "batch_size": 4196,
      "epochs": 54,
      "label_smoothing": 0.4783282292704183,
      "lr": 0.003115385508529447,
      "lr_peak_epoch": 0.5937024761984923,
      "lr_tta": "True",
      "momentum": 0.03311978114682624,
      "num_workers": 8,
      "weight_decay": 2.4069185583294364e-05
    },
    "10": {
      "batch_size": 4196,
      "epochs": 55,
      "label_smoothing": 0.4794000874924172,
      "lr": 0.0030388729701532825,
      "lr_peak_epoch": 0.5947213809883019,
      "lr_tta": "True",
      "momentum": 0.03291142120139547,
      "num_workers": 8,
      "weight_decay": 2.359752293594365e-05
    },
    "11": {
      "batch_size": 4196,
      "epochs": 55,
      "label_smoothing": 0.4789362469998249,
      "lr": 0.0030253109707236644,