{
  "stats": {
    "submitted": 32,
    "finished": 32,
    "running": 0
  },
  "data": [
    [
      1,
      null,
      1908907617,
      null,
      -0.7338735461235046,
      0.5,
      1,
      0.0,
      0.0,
      {}
    ],
    [
      2,
      null,
      1908907617,
      null,
      -0.677961528301239,
      0.5,
      1,
      0.0,
      0.0,
      {}
    ],
    [
      3,
      null,
      1908907617,
      null,
      -0.7280607223510742,
      0.5,
      1,
      0.0,
      0.0,
      {}
    ],
    [
      4,
      null,
      1908907617,
      null,
      -0.711942732334137,
      0.5,
      1,
      0.0,
      0.0,
      {}
    ],
    [
      5,
      null,
      1908907617,
      null,
      -0.02201773226261139,
      0.5,
      1,
      0.0,
      0.0,
      {}
    ],
    [
      6,
      null,
      1908907617,
      null,
      -0.7099106907844543,
      0.5,
      1,
      0.0,
      0.0,
      {}
    ],
    [
      7,
      null,
      1908907617,
      null,
      -0.6687425971031189,
      0.5,
      1,
      0.0,
      0.0,
      {}
    ],
    [
      8,
      null,
      1908907617,
      null,
      -0.09788817167282104,
      0.5,
      1,
      0.0,
      0.0,
      {}
    ],
    [
      9,
      null,
      1908907617,
      null,
      -0.02103717066347599,
      0.5,
      1,
      0.0,
      0.0,
      {}
    ],
    [
      10,
      null,
      1908907617,
      null,
      -0.021738504990935326,
      0.5,
      1,
      0.0,
      0.0,
      {}
    ],
    [
      11,
      null,
      1908907617,
      null,
      -0.020186839625239372,
      0.5,
      1,
      0.0,
      0.0,
      {}
    ],
    [
      12,
      null,
      1908907617,
      null,
      -0.016643032431602478,
      0.5,
      1,
      0.0,
      0.0,
      {}
    ],
    [
      13,
      null,
      1908907617,
      null,
      -0.016038531437516212,
      0.5,
      1,
      0.0,
      0.0,
      {}
    ],
    [
      14,
      null,
      1908907617,
      null,
      -0.01669144630432129,
      0.5,
      1,
      0.0,
      0.0,
      {}
    ],
    [
      15,
      null,
      1908907617,
      null,
      -0.014380156993865967,
      0.5,
      1,
      0.0,
      0.0,
      {}
    ],
    [
      16,
      null,
      1908907617,
      null,
      -0.017437439411878586,
      0.5,
      1,
      0.0,
      0.0,
      {}
    ],
    [
      17,
      null,
      1908907617,
      null,
      -0.7258622646331787,
      0.5,
      1,
      0.0,
      0.0,
      {}
    ],
    [
      18,
      null,
      1908907617,
      null,
      -0.726898729801178,
      0.5,
      1,
      0.0,
      0.0,
      {}
    ],
    [
      19,
      null,
      1908907617,
      null,
      -0.7230235934257507,
      0.5,
      1,
      0.0,
      0.0,
      {}
    ],
    [
      20,
      null,
      1908907617,
      null,
      -0.7272724509239197,
      0.5,
      1,
      0.0,
      0.0,
      {}
    ],
    [
      21,
      null,
      1908907617,
      null,
      -0.7290474772453308,
      0.5,
      1,
      0.0,
      0.0,
      {}
    ],
    [
      22,
      null,
      1908907617,
      null,
      -0.7270614504814148,
      0.5,
      1,
      0.0,
      0.0,
      {}
    ],
    [
      23,
      null,
      1908907617,
      null,
      -0.7305681109428406,
      0.5,
      1,
      0.0,
      0.0,
      {}
    ],
    [
      24,
      null,
      1908907617,
      null,
      -0.7274041175842285,
      0.5,
      1,
      0.0,
      0.0,
      {}
    ],
    [
      25,
      null,
      1908907617,
      null,
      -0.7257146835327148,
      0.5,
      1,
      0.0,
      0.0,
      {}
    ],
    [
      26,
      null,
      1908907617,
      null,
      -0.7176413536071777,
      0.5,
      1,
      0.0,
      0.0,
      {}
    ],
    [
      27,
      null,
      1908907617,
      null,
      -0.7251374125480652,
      0.5,
      1,
      0.0,
      0.0,
      {}
    ],
    [
      28,
      null,
      1908907617,
      null,
      -0.7247675061225891,
      0.5,
      1,
      0.0,
      0.0,
      {}
    ],
    [
      29,
      null,
      1908907617,
      null,
      -0.7217450141906738,
      0.5,
      1,
      0.0,
      0.0,
      {}
    ],
    [
      30,
      null,
      1908907617,
      null,
      -0.7287643551826477,
      0.5,
      1,
      0.0,
      0.0,
      {}
    ],
    [
      31,
      null,
      1908907617,
      null,
      -0.7228820323944092,
      0.5,
      1,
      0.0,
      0.0,
      {}
    ],
    [
      32,
      null,
      1908907617,
      null,
      -0.723292887210846,
      0.5,
      1,
      0.0,
      0.0,
      {}
    ]
  ],
  "configs": {
    "1": {
      "batch_size": 4196,
      "epochs": 150,
      "label_smoothing": 0.12345540666477556,
      "lr": 0.013648518511813668,
      "lr_peak_epoch": 0.8599174436973966,
      "lr_tta": "True",
      "momentum": 0.6489047756548828,
      "num_workers": 8,
      "weight_decay": 1.0201366354599783e-06
    },
    "2": {
      "batch_size": 4196,
      "epochs": 83,
      "label_smoothing": 0.18594858339615933,
      "lr": 0.0006104687776238343,
      "lr_peak_epoch": 0.3165559930693982,
      "lr_tta": "True",
      "momentum": 0.16152025180203777,
      "num_workers": 8,
      "weight_decay": 2.029261444663118e-05
    },
    "3": {
      "batch_size": 4196,
      "epochs": 152,
      "label_smoothing": 0.2765929412873446,
      "lr": 0.00503778714649529,
      "lr_peak_epoch": 0.2568540106818441,
      "lr_tta": "True",
      "momentum": 0.7274273467048076,
      "num_workers": 8,
      "weight_decay": 9.104799623242057e-05
    },
    "4": {
      "batch_size": 4196,
      "epochs": 221,
      "label_smoothing": 0.19669572821363612,
      "lr": 0.05625791741281275,
      "lr_peak_epoch": 0.05723693376689154,
      "lr_tta": "True",
      "momentum": 0.4202565084156489,
      "num_workers": 8,
      "weight_decay": 4.092038863508492e-06
    },
    "5": {
      "batch_size": 4196,
      "epochs": 104,
      "label_smoothing": 0.2367225478780241,
      "lr": 0.04828030347668903,
      "lr_peak_epoch": 0.9498444025118707,
      "lr_tta": "True",
      "momentum": 0.3868560328913432,
      "num_workers": 8,
      "weight_decay": 0.06851177974949937
    },
    "6": {
      "batch_size": 4196,
      "epochs": 65,
      "label_smoothing": 0.17548239079410632,
      "lr": 0.0014120273103220482,
      "lr_peak_epoch": 0.419329744492833,
      "lr_tta": "True",
      "momentum": 0.20411905724131918,
      "num_workers": 8,
      "weight_decay": 0.0006539032709286765
    },
    "7": {
      "batch_size": 4196,
      "epochs": 206,
      "label_smoothing": 0.18101587399112484,
      "lr": 0.0006234644117249597,
      "lr_peak_epoch": 0.3653059288917949,
      "lr_tta": "True",
      "momentum": 0.33059073747898204,
      "num_workers": 8,
      "weight_decay": 2.560477617754306e-06
    },
    "8": {
      "batch_size": 4196,
      "epochs": 127,
      "label_smoothing": 0.384780709664487,
      "lr": 0.024399218775406538,
      "lr_peak_epoch": 0.536030640318117,
      "lr_tta": "True",
      "momentum": 0.6007931327108433,
      "num_workers": 8,
      "weight_decay": 0.03531770845602246
    },
    "9": {
      "batch_size": 4196,
      "epochs": 149,
      "label_smoothing": 0.10606729245177082,
      "lr": 6.540783952633584,
      "lr_peak_epoch": 0.7187601355490415,
      "lr_tta": "True",
      "momentum": 0.9136957868154999,
      "num_workers": 8,
      "weight_decay": 7.195204302055883e-06
    },
    "10": {
      "batch_size": 4196,
      "epochs": 149,
      "label_smoothing": 0.10540190378593636,
      "lr": 6.496138831283966,
      "lr_peak_epoch": 0.7176325871786422,
      "lr_tta": "True",
      "momentum": 0.9141465305878601,
      "num_workers": 8,
      "weight_decay": 7.197320157663178e-06
    },
    "11": {
      "batch_size": 4196,
      "epochs": 149,
      "label_smoothing": 0.1052671134564222,
      "lr": 6.534736751027871,