{
  "stats": {
    "submitted": 32,
    "finished": 32,
    "running": 0
  },
  "data": [
    [
      1,
      null,
      786870981,
      null,
      -0.012394137680530548,
      0.5,
      1,
      0.0,
      0.0,
      {}
    ],
    [
      2,
      null,
      786870981,
      null,
      -0.010629053227603436,
      0.5,
      1,
      0.0,
      0.0,
      {}
    ],
    [
      3,
      null,
      786870981,
      null,
      -0.011710196733474731,
      0.5,
      1,
      0.0,
      0.0,
      {}
    ],
    [
      4,
      null,
      786870981,
      null,
      -0.01152404397726059,
      0.5,
      1,
      0.0,
      0.0,
      {}
    ],
    [
      5,
      null,
      786870981,
      null,
      -0.5792765021324158,
      0.5,
      1,
      0.0,
      0.0,
      {}
    ],
    [
      6,
      null,
      786870981,
      null,
      -0.010501195676624775,
      0.5,
      1,
      0.0,
      0.0,
      {}
    ],
    [
      7,
      null,
      786870981,
      null,
      -0.013019782491028309,
      0.5,
      1,
      0.0,
      0.0,
      {}
    ],
    [
      8,
      null,
      786870981,
      null,
      -0.09841185808181763,
      0.5,
      1,
      0.0,
      0.0,
      {}
    ],
    [
      9,
      null,
      786870981,
      null,
      -0.5462884306907654,
      0.5,
      1,
      0.0,
      0.0,
      {}
    ],
    [
      10,
      null,
      786870981,
      null,
      -0.01307807955890894,
      0.5,
      1,
      0.0,
      0.0,
      {}
    ],
    [
      11,
      null,
      786870981,
      null,
      -0.540001392364502,
      0.5,
      1,
      0.0,
      0.0,
      {}
    ],
    [
      12,
      null,
      786870981,
      null,
      -0.5478227138519287,
      0.5,
      1,
      0.0,
      0.0,
      {}
    ],
    [
      13,
      null,
      786870981,
      null,
      -0.5341053605079651,
      0.5,
      1,
      0.0,
      0.0,
      {}
    ],
    [
      14,
      null,
      786870981,
      null,
      -0.5398871302604675,
      0.5,
      1,
      0.0,
      0.0,
      {}
    ],
    [
      15,
      null,
      786870981,
      null,
      -0.5470866560935974,
      0.5,
      1,
      0.0,
      0.0,
      {}
    ],
    [
      16,
      null,
      786870981,
      null,
      -0.5451217293739319,
      0.5,
      1,
      0.0,
      0.0,
      {}
    ],
    [
      17,
      null,
      786870981,
      null,
      -0.5513105988502502,
      0.5,
      1,
      0.0,
      0.0,
      {}
    ],
    [
      18,
      null,
      786870981,
      null,
      -0.5472032427787781,
      0.5,
      1,
      0.0,
      0.0,
      {}
    ],
    [
      19,
      null,
      786870981,
      null,
      -0.547135055065155,
      0.5,
      1,
      0.0,
      0.0,
      {}
    ],
    [
      20,
      null,
      786870981,
      null,
      -0.5419390201568604,
      0.5,
      1,
      0.0,
      0.0,
      {}
    ],
    [
      21,
      null,
      786870981,
      null,
      -0.5540054440498352,
      0.5,
      1,
      0.0,
      0.0,
      {}
    ],
    [
      22,
      null,
      786870981,
      null,
      -0.5521684288978577,
      0.5,
      1,
      0.0,
      0.0,
      {}
    ],
    [
      23,
      null,
      786870981,
      null,
      -0.5509867072105408,
      0.5,
      1,
      0.0,
      0.0,
      {}
    ],
    [
      24,
      null,
      786870981,
      null,
      -0.5473620891571045,
      0.5,
      1,
      0.0,
      0.0,
      {}
    ],
    [
      25,
      null,
      786870981,
      null,
      -0.6171800494194031,
      0.5,
      1,
      0.0,
      0.0,
      {}
    ],
    [
      26,
      null,
      786870981,
      null,
      -0.6212489008903503,
      0.5,
      1,
      0.0,
      0.0,
      {}
    ],
    [
      27,
      null,
      786870981,
      null,
      -0.6264176368713379,
      0.5,
      1,
      0.0,
      0.0,
      {}
    ],
    [
      28,
      null,
      786870981,
      null,
      -0.6195260882377625,
      0.5,
      1,
      0.0,
      0.0,
      {}
    ],
    [
      29,
      null,
      786870981,
      null,
      -0.628299355506897,
      0.5,
      1,
      0.0,
      0.0,
      {}
    ],
    [
      30,
      null,
      786870981,
      null,
      -0.6270456910133362,
      0.5,
      1,
      0.0,
      0.0,
      {}
    ],
    [
      31,
      null,
      786870981,
      null,
      -0.6166388988494873,
      0.5,
      1,
      0.0,
      0.0,
      {}
    ],
    [
      32,
      null,
      786870981,
      null,
      -0.6335400938987732,
      0.5,
      1,
      0.0,
      0.0,
      {}
    ]
  ],
  "configs": {
    "1": {
      "batch_size": 4196,
      "epochs": 79,
      "label_smoothing": 0.27122977692503014,
      "lr": 0.1036185045148526,
      "lr_peak_epoch": 0.09842874143241065,
      "lr_tta": "True",
      "momentum": 0.9016557789681796,
      "num_workers": 8,
      "weight_decay": 0.014874395642329674
    },
    "2": {
      "batch_size": 4196,
      "epochs": 39,
      "label_smoothing": 0.41072165928313986,
      "lr": 4.510037465099706,
      "lr_peak_epoch": 0.8066188132193596,
      "lr_tta": "True",
      "momentum": 0.5934474889102683,
      "num_workers": 8,
      "weight_decay": 0.001295366606654253
    },
    "3": {
      "batch_size": 4196,
      "epochs": 212,
      "label_smoothing": 0.3800453464884113,
      "lr": 0.8888329227703375,
      "lr_peak_epoch": 0.8085747289988914,
      "lr_tta": "True",
      "momentum": 0.7966133539061466,
      "num_workers": 8,
      "weight_decay": 0.010640660739216616
    },
    "4": {
      "batch_size": 4196,
      "epochs": 207,
      "label_smoothing": 0.18487934209808005,
      "lr": 4.5529611126889655,
      "lr_peak_epoch": 0.634621299486507,
      "lr_tta": "True",
      "momentum": 0.6664130418915848,
      "num_workers": 8,
      "weight_decay": 9.731323794977983e-06
    },
    "5": {
      "batch_size": 4196,
      "epochs": 94,
      "label_smoothing": 0.2494464676624244,
      "lr": 0.0024105081013955526,
      "lr_peak_epoch": 0.6569352237461673,
      "lr_tta": "True",
      "momentum": 0.7963405072403198,
      "num_workers": 8,
      "weight_decay": 5.434437165199804e-06
    },
    "6": {
      "batch_size": 4196,
      "epochs": 133,
      "label_smoothing": 0.405293270925055,
      "lr": 5.203304942872556,
      "lr_peak_epoch": 0.4185838055806772,
      "lr_tta": "True",
      "momentum": 0.648431895430939,
      "num_workers": 8,
      "weight_decay": 0.0005215366546919343
    },
    "7": {
      "batch_size": 4196,
      "epochs": 271,
      "label_smoothing": 0.48731141100531744,
      "lr": 0.4984758937028345,
      "lr_peak_epoch": 0.575307673002932,
      "lr_tta": "True",
      "momentum": 0.9431186709439862,
      "num_workers": 8,
      "weight_decay": 0.002907292976738001
    },
    "8": {
      "batch_size": 4196,
      "epochs": 274,
      "label_smoothing": 0.3365612585353827,
      "lr": 0.04535305492049369,
      "lr_peak_epoch": 0.702069367794043,
      "lr_tta": "True",
      "momentum": 0.32084339424026875,
      "num_workers": 8,
      "weight_decay": 0.01452058618829044
    },
    "9": {
      "batch_size": 4196,
      "epochs": 91,
      "label_smoothing": 0.2425084477635452,
      "lr": 0.0013140515666258676,
      "lr_peak_epoch": 0.7286520181717387,
      "lr_tta": "True",
      "momentum": 0.7927166213543063,
      "num_workers": 8,
      "weight_decay": 1.5921371188528418e-06
    },
    "10": {
      "batch_size": 4196,
      "epochs": 200,
      "label_smoothing": 0.3493825067196358,
      "lr": 1.054878700543334,
      "lr_peak_epoch": 0.035578439331770295,
      "lr_tta": "True",
      "momentum": 0.7673994863809398,
      "num_workers": 8,
      "weight_decay": 0.030127877748591166
    },
    "11": {
      "batch_size": 4196,
      "epochs": 90,
      "label_smoothing": 0.24227698146488447,
      "lr": 0.0013169253967011073,
      "lr_peak_epoch": 0.7310826880282226,